Point Cloud 0:
70 1228
150 1249
85 1328
127 1294
52 1202
34 1178
66 1031
77 1030
124 1562
155 1441
237 727
662 840
607 825
661 802
609 697
636 821
610 777
744 1911
695 1828
814 425
1297 1487
1381 1491
1446 1412
1454 1410
1714 1329
1620 1438
1751 1348
1728 1297
1559 1464
1664 1537
1628 1497
1627 1491

Point Cloud 1:
28 1183
19 1184
143 1275
59 1042
71 957
85 1331
123 1334
127 1487
134 1424
613 740
631 790
616 775
686 795
598 837
709 1926
1272 1463
1373 1493
1593 1482
1568 1377
1669 1485
1653 1430
1713 1504
1699 1303
1756 1287
1773 1374

Point Cloud 2:
88 1206
116 1310
169 1329
87 1272
20 1202
49 1042
79 987
146 1373
192 1481
209 1324
703 833
655 727
713 728
597 821
616 695
626 848
628 715
616 821
681 1943
721 1861
698 1871
1295 1477
1375 1500
1548 1385
1576 1393
1556 1472
1648 1539
1632 1391
1685 1429
1689 1502
1655 1376
1761 1343
1765 1300
1703 1330

Point Cloud 3:
35 1230
65 1053
62 1015
62 1230
101 1189
170 1391
159 1380
209 1337
208 1346
698 803
566 753
467 705
656 759
687 823
482 723
583 793
658 1838
690 1937
705 1909
1287 1486
1393 1489
1454 1436
1561 1362
1555 1465
1645 1530
1691 1386
1702 1499
1682 1404
1649 1447
1706 1492
1712 1260
1773 1364

Point Cloud 4:
34 1220
106 1058
92 1075
88 1235
104 1230
204 1332
150 1364
166 1379
195 1336
468 710
592 727
655 772
592 733
708 773
554 813
688 772
702 852
738 1861
656 1870
722 1913
1277 1486
1379 1462
1516 1404
1683 1510
1608 1356
1669 1454
1680 1520
1670 1476
1725 1364
1560 1443
1607 1525
1723 1292
1755 1360

Point Cloud 5:
50 1232
62 1063
132 1310
126 1302
99 1124
147 1390
141 1414
237 1353
217 1331
526 734
746 738
669 849
608 717
651 788
660 714
552 859
742 740
700 1936
747 1882
764 1941
1291 1495
1386 1486
1501 1407
1738 1517
1607 1360
1568 1415
1672 1385
1575 1461
1675 1345
1604 1354
1627 1528
1701 1263
1701 1310

Point Cloud 6:
46 1226
56 1044
94 1322
121 1274
124 1140
138 1377
213 1423
277 1398
280 1416
493 719
716 748
724 787
616 726
562 812
618 718
597 762
603 754
678 1930
698 1925
736 1890
1301 1506
1383 1489
1490 1420
1671 1388
1670 1488
1668 1509
1625 1365
1710 1474
1551 1433
1659 1466
1553 1401
1723 1506
1625 1544
1713 1276

Point Cloud 7:
17 1174
102 1008
123 1087
102 1360
139 1287
126 1319
304 1426
261 1380
374 1369
530 720
600 829
698 834
653 820
699 798
571 786
691 811
720 738
690 680
743 1887
789 1928
711 1895
1298 1508
1380 1503
1682 1335
1685 1436
1681 1349
1687 1354
1702 1446
1617 1344
1677 1478
1621 1337
1580 1432
1548 1462
1627 1516
1747 1274

Point Cloud 8:
42 1219
69 1082
107 1005
140 1347
137 1295
126 1322
281 1361
285 1392
359 1387
544 748
637 817
656 871
575 776
573 804
603 839
680 750
562 827
718 1909
1294 1503
1386 1459
1497 1416
1551 1387
1540 1407
1620 1334
1762 1465
1645 1484
1621 1423
1693 1496
1701 1494
1628 1529
1740 1261

Point Cloud 9:
46 1217
52 1088
121 1304
142 1362
142 1382
149 985
255 1416
235 1417
362 1346
615 784
714 814
621 809
620 819
603 742
509 710
522 840
695 1896
720 1943
797 1938
1270 1465
1389 1472
1448 1421
1672 1363
1531 1387
1539 1404
1571 1461
1604 1333
1598 1381
1643 1425
1639 1528
1753 1284

Point Cloud 10:
55 1231
69 1081
169 1017
162 1391
170 1364
166 1340
295 1383
295 1361
369 1275
621 844
531 799
545 756
655 808
619 759
710 1898
717 812
720 766
735 1008
769 1949
1271 1444
1363 1495
1440 1423
1695 1387
1599 1332
1571 1390
1712 1513
1692 1418
1754 1477
1650 1446
1569 1421
1615 1523
1739 1283

Point Cloud 11:
44 1207
181 1025
110 999
149 1297
138 1380
171 1381
244 1377
251 1335
273 1193
528 733
551 787
572 782
713 831
656 876
672 809
732 1936
741 1889
777 1934
709 1018
713 727
1277 1490
1395 1454
1463 1418
1763 1528
1657 1448
1707 1486
1769 1544
1673 1407
1711 1509
1565 1426
1718 1489
1616 1501
1746 1281

Point Cloud 12:
24 1211
74 1013
122 1404
164 1314
208 1014
315 1336
256 1389
233 1102
405 757
528 796
508 732
619 749
728 837
667 798
658 866
675 1080
692 1917
697 1873
706 714
804 1947
1251 1464
1362 1513
1520 1435
1553 1388
1598 1412
1672 1434
1662 1497
1672 1378
1591 1399
1668 1456
1559 1402
1671 1481
1720 1273

Point Cloud 13:
53 1207
70 1032
149 1437
158 1351
215 1084
238 1107
247 1397
267 1337
325 1358
366 715
421 739
566 1183
606 747
578 840
701 1954
677 1884
708 748
720 829
849 1922
1290 1477
1376 1473
1451 1427
1531 1395
1648 1464
1666 1541
1627 1421
1694 1530
1685 1497
1665 1515
1645 1342
1627 1358
1726 1275

Point Cloud 14:
58 1225
105 1018
134 1400
133 1302
241 722
228 1114
192 1020
279 1365
230 1376
381 1291
396 653
534 720
592 826
605 736
607 1919
714 827
665 805
723 746
693 1925
792 1950
1288 1469
1371 1508
1509 1437
1528 1412
1667 1481
1741 1469
1645 1404
1646 1511
1687 1464
1714 1527
1694 1280
1715 1302
1634 1312

Point Cloud 15:
32 1190
54 795
108 1024
195 1006
179 1076
148 1449
148 1335
202 1408
250 1354
333 1338
397 1265
361 663
563 757
606 773
649 1923
716 840
729 784
712 705
701 1948
814 1918
1269 1458
1379 1491
1515 1416
1542 1398
1676 1501
1684 1544
1700 1588
1666 1502
1632 1477
1661 1428
1617 1317
1744 1274
1748 1304

Point Cloud 16:
38 1226
59 824
218 1048
96 1029
219 1077
134 1407
151 1337
152 1313
257 1366
335 1330
362 1236
464 671
620 739
518 709
577 769
651 1936
738 771
675 835
730 1932
795 1916
1270 1462
1356 1522
1448 1413
1524 1378
1689 1555
1672 1570
1652 1490
1701 1577
1677 1406
1601 1521
1641 1330
1724 1278
1713 1209

Point Cloud 17:
32 1172
94 914
195 1043
138 1076
222 1038
145 1294
138 1325
147 1460
257 1343
328 1189
319 1340
558 751
650 775
615 804
612 1900
691 1907
650 1918
719 834
691 774
735 684
1295 1481
1361 1505
1475 1419
1577 1361
1651 1539
1613 1539
1670 1408
1674 1508
1630 1311
1637 1609
1693 1247
1769 1278
1758 1511

Point Cloud 18:
52 1242
230 1012
168 1026
160 1045
130 947
120 1037
117 1308
137 1302
127 1396
253 1329
325 1287
545 788
652 758
629 790
621 764
599 1961
668 703
764 1908
1295 1473
1362 1517
1502 1422
1575 1364
1615 1655
1607 1265
1630 1291
1645 1406
1623 1448
1650 1495
1764 1274
1764 1504

Point Cloud 19:
88 1120
27 1195
118 1340
150 1440
140 970
196 1089
179 1095
214 1011
217 1140
265 1346
292 1266
535 790
627 736
605 1908
705 729
678 751
649 753
750 1898
1272 1485
1358 1505
1578 1398
1453 1420
1538 1389
1631 1628
1615 1339
1643 1450
1628 1480
1635 1581
1740 1267
1737 1506

Point Cloud 20:
4 1197
45 1143
70 1292
153 1342
132 1439
181 1111
240 1147
174 1156
179 979
237 1337
246 1206
520 780
625 734
596 688
605 1912
675 846
676 1893
707 594
697 682
722 769
1269 1455
1364 1495
1563 1367
1584 1360
1554 1382
1526 1391
1612 1646
1622 1516
1658 1488
1653 1424
1656 1538
1757 1285
1747 1484

Point Cloud 21:
144 1313
109 1246
153 1204
142 1336
165 1125
183 1093
60 1162
109 1397
250 1198
283 1359
248 941
452 849
543 763
617 725
602 1927
691 1899
716 667
710 799
772 587
1285 1479
1378 1475
1532 1408
1589 1395
1648 1297
1616 1334
1544 1593
1643 1441
1625 1542
1657 1556
1750 1297
1774 1500

Point Cloud 22:
38 1203
111 1342
124 1300
119 1256
92 1143
155 1114
108 1418
180 1060
277 1356
273 904
583 830
588 1929
588 779
664 1928
725 803
756 641
765 712
1256 1449
1373 1484
1596 1311
1463 1416
1552 1352
1515 1575
1649 1442
1663 1472
1653 1493
1620 1362
1740 1275
1788 1498

Point Cloud 23:
32 1210
56 1193
80 1302
67 1271
152 1149
90 1142
107 1415
183 1067
222 1168
264 984
256 1360
323 901
683 1908
698 1904
616 730
683 865
733 668
776 799
775 862
1289 1495
1386 1471
1468 1554
1510 1397
1490 1378
1582 1419
1615 1562
1652 1358
1621 1438
1630 1464
1765 1298
1783 1517

Point Cloud 24:
70 1299
57 1189
70 1138
111 991
145 1347
109 1316
151 1178
211 1081
239 1336
532 860
662 692
658 1889
687 1948
778 845
702 766
722 862
1262 1469
1357 1469
1424 1446
1562 1417
1462 1528
1614 1589
1642 1528
1652 1309
1664 1476
1732 1271
1817 1494

Point Cloud 25:
50 1273
79 1321
145 1364
34 1194
110 1320
92 987
71 1132
216 1148
207 1199
191 1108
259 1346
595 757
699 1931
628 1963
640 1943
622 863
733 823
783 873
737 792
1270 1450
1347 1479
1325 1483
1407 1509
1525 1403
1557 1405
1585 1598
1620 1379
1663 1418
1621 1485
1744 1273
1819 1508

Point Cloud 26:
90 1303
51 1258
15 1453
53 876
37 1148
149 1341
157 1457
234 1154
185 1176
181 1073
279 1362
594 747
694 1952
635 1944
689 880
651 685
793 884
738 805
710 767
1416 1457
1403 1450
1446 1512
1589 1409
1524 1431
1628 1574
1661 1380
1618 1522
1627 1353
1700 1278
1806 1493

Point Cloud 27:
21 1216
43 1247
32 1215
34 1432
118 789
159 1321
191 1059
159 1178
198 1060
166 1466
261 1359
586 771
637 1893
676 1960
780 877
688 739
716 760
705 757
781 843
1408 1431
1262 1470
1409 1508
1460 1403
1458 1435
1631 1575
1646 1364
1657 1406
1644 1442
1731 1282
1816 1518

Point Cloud 28:
64 1315
74 1273
37 1503
47 663
43 1163
128 1336
189 1077
200 1168
165 1404
228 1090
265 1351
577 783
681 1957
668 1916
659 857
761 895
755 755
722 784
701 719
1286 1477
1402 1442
1411 1447
1455 1542
1495 1397
1468 1418
1602 1312
1634 1595
1655 1448
1660 1421
1758 1295
1776 1511

Point Cloud 29:
22 1545
77 1220
97 1129
45 658
68 1311
137 1350
153 1439
201 1011
173 1201
188 1090
242 1339
614 750
612 1944
632 1860
698 1947
684 874
806 723
692 736
784 721
811 858
1251 1460
1357 1488
1412 1423
1563 1403
1521 1422
1536 1379
1625 1599
1618 1487
1658 1400
1710 1513
1729 1275

Point Cloud 30:
23 947
39 1202
60 648
80 1113
46 1282
42 1531
157 1346
164 1435
183 1085
222 1245
277 1371
593 1948
595 1934
643 1972
647 1932
598 751
704 752
708 732
716 793
813 743
702 811
734 888
1414 1467
1397 1471
1405 1465
1469 1449
1561 1411
1513 1363
1485 1427
1590 1589
1693 1528
1637 1542
1617 1518
1682 1417
1723 1269

Point Cloud 31:
38 1630
61 1136
31 1193
76 977
53 550
87 1291
150 1467
157 1405
190 1091
194 1198
303 1373
581 759
678 1932
620 1973
707 1943
623 1877
718 768
789 721
725 779
767 780
692 849
738 890
1279 1489
1321 1490
1314 1499
1514 1414
1505 1424
1539 1425
1533 1337
1527 1563
1639 1539
1650 1488
1674 1504
1664 1412
1744 1289

Point Cloud 32:
31 1732
88 1208
30 1203
63 1191
18 1224
84 1324
134 1359
166 1339
165 546
184 1243
169 1109
290 1369
592 770
611 1947
681 1978
709 1927
579 1934
769 758
695 725
712 826
766 695
720 716
687 699
1328 1481
1385 1501
1468 1500
1353 1460
1488 1533
1479 1424
1475 1405
1532 1388
1511 1443
1642 1514
1618 1479
1731 1507
1712 1504
1768 1286

Point Cloud 33:
67 1127
88 1300
98 1224
65 1244
152 1329
159 1425
176 1176
172 1266
246 1368
312 650
601 739
602 1933
615 1960
726 856
769 786
705 778
719 819
763 702
1371 1500
1389 1460
1494 1537
1408 1454
1567 1381
1601 1408
1516 1371
1667 1413
1656 1466
1629 1529
1756 1274

Point Cloud 34:
193 1260
18 1213
58 1324
144 1450
142 1193
150 1418
141 1229
143 1213
144 1390
148 1929
274 1366
487 699
567 791
649 1906
697 1893
713 1925
713 788
702 801
688 692
678 770
739 774
1389 1438
1450 1504
1428 1509
1267 1474
1631 1399
1715 1449
1537 1419
1553 1346
1644 1443
1472 1447
1635 1520
1719 1260

Point Cloud 35:
90 1270
105 1242
151 1246
89 1209
147 1240
157 1206
220 1332
181 1335
135 1332
163 1441
173 1886
236 1345
614 739
688 1964
688 1934
649 1969
739 778
683 766
731 686
750 705
723 738
669 819
1271 1488
1377 1524
1405 1450
1461 1481
1655 1537
1615 1521
1653 1480
1688 1418
1497 1396
1718 1470
1590 1400
1558 1420
1648 1416
1733 1271

Point Cloud 36:
19 1230
21 1218
121 1221
116 1235
132 1345
178 1375
89 1173
139 1392
153 1345
164 1307
243 1341
293 1827
532 743
503 739
691 1929
612 1947
665 1972
632 1901
759 709
781 679
755 793
723 835
762 779
676 761
1271 1467
1363 1494
1396 1472
1545 1395
1444 1473
1456 1442
1476 1444
1471 1498
1491 1361
1452 1414
1629 1451
1639 1493
1442 1418
1698 1395
1721 1291

Point Cloud 37:
173 1304
21 1215
137 1379
96 1182
157 1266
102 1231
142 1294
93 1184
173 1174
290 1368
481 1885
637 731
574 789
525 761
664 794
613 729
715 718
666 1966
629 1902
698 1986
617 1929
738 809
781 698
1273 1488
1366 1506
1371 1490
1593 1413
1505 1437
1492 1424
1589 1404
1592 1412
1671 1488
1551 1419
1472 1413
1493 1406
1701 1336
1755 1295

Point Cloud 38:
104 1263
175 1259
164 1395
205 1177
140 1318
31 1215
156 1453
160 1299
52 1200
311 1314
559 798
667 790
611 767
594 751
630 810
677 777
562 778
575 1887
607 1875
628 1921
716 1930
626 1919
669 1960
756 795
1272 1486
1374 1509
1381 1435
1636 1515
1519 1349
1529 1363
1455 1411
1502 1433
1632 1467
1468 1430
1577 1374
1581 1437
1601 1383
1731 1254
1723 1251

Point Cloud 39:
36 1230
204 1315
122 1184
134 1317
138 1244
95 1176
163 1167
184 1426
258 1283
551 795
593 756
565 770
657 1930
632 1928
637 1882
691 743
676 781
673 636
757 800
1252 1475
1374 1524
1536 1428
1464 1426
1533 1418
1592 1400
1505 1487
1543 1357
1628 1495
1656 1454
1675 1325
1733 1270

Point Cloud 40:
208 1159
171 1316
163 1287
202 1325
104 1191
135 1328
119 1189
186 1178
131 1346
171 1446
618 814
612 812
610 1927
654 1913
682 1899
666 725
662 601
718 774
718 741
757 811
1275 1485
1362 1495
1352 1458
1609 1447
1665 1403
1565 1419
1585 1469
1491 1412
1473 1443
1541 1327
1629 1532
1672 1221
1764 1280

Point Cloud 41:
228 1401
150 1344
191 1369
156 1392
16 1211
173 1187
148 1354
46 1197
175 1265
189 1333
166 1455
592 793
530 758
586 799
619 1926
658 1886
664 1911
719 693
722 765
702 1792
743 561
746 812
761 690
1268 1476
1388 1443
1400 1426
1586 1408
1541 1424
1458 1427
1651 1443
1625 1443
1573 1376
1572 1415
1520 1332
1625 1237
1734 1284

Point Cloud 42:
138 1427
46 1192
144 1392
170 1316
112 1216
248 1288
65 1238
75 1257
127 1226
173 1160
586 763
595 821
608 807
593 1928
651 1962
678 1932
782 721
762 809
748 786
731 609
853 1874
1287 1477
1349 1463
1384 1459
1523 1327
1508 1448
1526 1401
1560 1418
1602 1365
1531 1493
1610 1245
1647 1492
1616 1500
1701 1293
1723 1257

Point Cloud 43:
60 1283
73 1270
122 1363
130 1373
183 1454
205 1428
67 1238
119 1184
169 1289
613 799
571 805
639 1949
699 784
704 1938
700 1969
780 691
721 851
768 662
943 1948
1281 1476
1384 1523
1405 1487
1504 1327
1481 1432
1600 1374
1574 1431
1501 1506
1618 1233
1627 1515
1671 1457
1693 1339
1715 1330

Point Cloud 44:
76 1289
51 1237
119 1336
119 1190
165 1372
178 1322
120 1424
130 1372
255 1350
527 731
544 822
610 1953
703 1905
690 1943
728 764
704 795
759 795
744 601
812 722
1022 1962
1288 1481
1356 1496
1459 1489
1481 1344
1526 1455
1514 1405
1520 1448
1657 1211
1665 1501
1716 1352
1744 1296

Point Cloud 45:
50 1265
45 1314
101 1350
118 1427
141 1401
126 1438
161 1162
138 1287
252 1367
647 775
648 799
582 864
734 1973
650 1974
705 1931
747 754
733 832
795 673
1230 1987
1302 1507
1390 1514
1519 1511
1558 1431
1541 1420
1525 1350
1626 1421
1602 1398
1680 1260
1680 1506
1777 1278
1753 1332

Point Cloud 46:
57 1314
40 1306
194 1478
96 1391
185 1482
195 1464
113 1240
207 1347
201 1362
607 734
588 1984
664 801
669 865
695 1906
717 686
744 807
787 687
796 775
1291 1481
1358 1491
1577 1412
1593 1397
1538 1496
1587 1403
1506 1340
1663 1249
1664 1498
1734 1263
1770 1333

Point Cloud 47:
35 1262
58 1311
89 1447
102 1508
138 1463
104 1503
145 1391
133 1385
115 1412
102 1213
542 748
558 768
623 1976
704 810
676 783
671 1962
738 1929
749 827
809 753
762 703
1310 1497
1367 1484
1586 1418
1501 1419
1616 1418
1591 1406
1512 1426
1496 1330
1520 1957
1638 1511
1662 1477
1666 1257
1801 1286
1895 1292

Point Cloud 48:
3 1248
47 1273
86 1465
105 1503
93 1264
178 1448
138 1374
184 1314
235 1353
568 802
721 699
783 700
768 811
1364 1502
1475 1504
1565 1436
1653 1412
1594 1440
1476 1349
1665 1526
1703 1306
1799 1275
1932 1157

Point Cloud 49:
31 1277
67 1295
121 1238
121 1540
130 1409
121 1518
155 1525
114 1427
127 1294
219 1379
471 751
594 755
578 784
749 1994
721 1951
588 1985
608 1965
703 696
765 773
738 733
653 755
703 771
663 754
1336 1534
1384 1494
1632 1413
1507 1423
1538 1487
1666 1561
1516 1400
1572 1482
1650 1442
1534 1440
1537 1315
1704 1372
1753 1265
1855 1156
1873 1855

Point Cloud 50:
20 1283
90 1253
99 1252
98 1474
153 1415
158 1489
107 1456
152 1564
144 1290
211 1372
613 805
599 786
556 758
562 737
715 1995
741 1947
636 1934
751 1969
760 772
706 661
758 831
785 753
1299 1514
1381 1495
1452 1541
1511 1311
1563 1408
1603 1414
1703 1390
1659 1486
1617 1469
1673 1535
1707 1508
1641 1467
1740 1093
1765 1266
1908 1740

Point Cloud 51:
9 1250
26 1329
117 1296
93 1253
191 1463
211 1533
172 1497
123 1466
274 1392
572 783
518 761
572 722
551 766
727 2009
820 2004
685 1933
712 724
759 797
727 708
832 779
1304 1504
1381 1516
1611 1397
1671 1558
1692 1483
1652 1492
1641 1532
1500 1433
1661 1504
1518 1311
1629 1088
1702 1403
1764 1265
1902 1583

Point Cloud 52:
32 1261
105 1228
165 1307
87 1281
152 1325
162 1485
113 1446
138 1467
153 1516
122 1475
252 1370
575 744
497 738
589 698
557 748
714 1993
706 673
796 727
761 739
728 1950
724 1930
737 808
1297 1484
1398 1549
1447 1020
1670 1507
1530 1463
1507 1426
1532 1498
1659 1546
1670 1507
1634 1440
1481 1364
1757 1265
1773 1434
1912 1386

Point Cloud 53:
137 1252
125 1421
208 1531
159 1497
140 1542
14 1275
144 1405
142 1501
205 1298
98 1475
49 1244
103 1489
102 1486
508 696
598 803
639 801
607 825
721 2013
705 698
702 687
723 663
770 839
800 2017
846 2005
1318 999
1295 1488
1378 1475
1468 1522
1536 1340
1680 1538
1654 1487
1654 1448
1510 1435
1660 1554
1555 1453
1684 1518
1790 1265
1810 1471
1923 1311

Point Cloud 54:
96 1246
92 1468
139 1410
12 1286
109 1496
145 1265
118 1509
149 1362
213 1382
6 1247
176 1444
68 1326
99 1456
487 694
572 684
543 699
581 804
576 696
680 2002
739 786
702 652
735 695
753 813
847 1989
799 2007
1183 929
1295 1504
1381 1483
1563 1446
1522 1497
1616 1456
1673 1562
1588 1488
1663 1430
1549 1411
1616 1410
1504 1333
1789 1284
1887 1516
1930 1239

Point Cloud 55:
130 1525
138 1359
81 1244
118 1461
145 1317
104 1377
206 1311
115 1318
175 1331
169 1376
167 1491
133 1469
574 730
550 754
618 797
505 696
630 692
575 785
666 1992
704 735
746 758
724 734
869 2015
817 1954
921 1963
1033 835
1336 1518
1405 1523
1503 1347
1511 1437
1691 1459
1556 1477
1693 1467
1512 1412
1616 1406
1535 1415
1571 1449
1771 1258
1851 1519
1928 1302

Point Cloud 56:
137 1316
107 1217
13 1245
5 1215
72 1310
123 1454
26 1258
179 1393
14 1247
202 1291
102 1455
141 1494
612 692
612 690
593 749
572 783
475 733
650 2013
681 757
753 796
743 852
915 1959
931 1937
983 923
1281 1479
1367 1510
1497 1417
1527 1409
1579 1515
1514 1494
1620 1472
1585 1500
1656 1450
1584 1399
1477 1509
1862 1296
1755 1296
1878 1592

Point Cloud 57:
84 1227
90 1228
138 1516
106 1404
175 1307
147 1273
140 1422
77 1305
124 1410
179 1286
108 1400
563 752
633 825
581 812
582 780
540 738
662 1998
756 846
706 769
740 745
841 936
861 1955
865 1862
1319 1509
1386 1515
1612 1472
1470 1382
1635 1458
1658 1453
1665 1483
1620 1395
1641 1503
1636 1534
1464 1373
1726 1360
1807 1278
1866 1600

Point Cloud 58:
159 1470
125 1317
12 1225
69 1320
108 1437
151 1533
99 1491
177 1331
106 1431
155 1479
124 1373
388 785
540 730
489 699
621 790
600 781
692 2018
754 851
738 854
732 834
818 896
866 1961
903 1855
1300 1492
1350 1475
1479 1412
1545 1473
1489 1401
1660 1439
1634 1518
1573 1464
1675 1458
1630 1432
1654 1432
1633 1556
1790 1280
1894 1708

Point Cloud 59:
107 1347
23 1257
204 1353
58 1313
201 1286
84 1314
150 1513
128 1316
20 1256
114 1236
183 1286
125 1329
358 809
383 806
574 710
597 725
557 725
624 1947
677 759
734 731
741 724
780 894
880 1955
882 1821
1286 1460
1347 1477
1621 1509
1562 1478
1605 1411
1667 1392
1510 1427
1653 1412
1469 1371
1685 1501
1648 1486
1489 1407
1733 1270
1818 1754

Point Cloud 60:
124 1400
114 1497
115 1470
168 1434
44 1278
179 1352
146 1270
40 1288
130 1339
59 1291
158 1296
183 1255
166 977
191 784
718 840
703 757
659 784
669 728
695 800
643 1992
741 840
834 904
840 1966
872 1817
1280 1495
1384 1522
1550 1427
1489 1414
1629 1490
1656 1422
1631 1432
1573 1521
1573 1431
1669 1368
1674 1509
1735 1269
1783 1823

Point Cloud 61:
42 1019
87 1262
14 1236
191 1388
154 1414
200 1323
133 1449
141 1451
88 1315
157 1458
128 1238
133 883
724 736
714 744
682 737
672 1914
715 834
736 835
881 1836
848 1949
871 1027
1283 1510
1371 1534
1610 1385
1620 1503
1508 1408
1535 1440
1610 1466
1535 1465
1626 1508
1587 1406
1598 1542
1694 1915
1748 1273

Point Cloud 62:
39 1182
119 1235
6 1130
111 1251
120 922
195 1480
172 1334
136 1279
232 1351
187 1342
185 1438
206 1254
627 742
615 816
636 1937
764 723
711 851
862 1798
864 1880
897 1206
1277 1465
1348 1471
1572 1388
1669 1443
1552 1424
1477 1397
1551 1392
1508 1418
1494 1472
1605 1583
1683 1894
1783 1272

Point Cloud 63:
91 1234
96 1254
93 1250
77 1259
12 1103
112 1458
147 1305
192 1361
164 1506
166 1330
195 1462
171 1448
656 741
620 754
631 810
735 1915
723 704
764 826
755 912
811 1869
917 1897
951 1440
1320 1514
1374 1520
1701 1454
1549 1404
1621 1412
1656 1479
1490 1402
1445 1366
1516 1478
1634 1966
1623 1677
1752 1251

Point Cloud 64:
21 1098
98 1220
180 1339
58 1250
89 1289
43 1263
14 1219
190 1482
142 1290
133 1480
39 1203
226 1400
143 1403
640 819
669 724
730 1926
736 662
751 815
752 892
914 1906
771 1900
876 1642
1315 1525
1378 1508
1454 1332
1502 1908
1652 1473
1638 1465
1553 1422
1560 1396
1600 1455
1631 1447
1553 1494
1625 1700
1792 1269

Point Cloud 65:
76 1297
59 1174
56 1329
80 1203
154 1314
38 1212
2 1224
56 1327
124 1241
137 1342
118 1411
143 1302
46 1181
164 1358
108 1492
607 781
765 1908
721 1921
700 778
738 660
762 859
767 919
854 1735
869 1853
1302 1518
1384 1496
1391 1892
1469 1372
1504 1447
1729 1479
1575 1504
1511 1448
1634 1447
1641 1470
1489 1439
1619 1665
1757 1288

Point Cloud 66:
173 1355
160 1365
197 1369
172 1402
126 1235
74 1259
117 1240
80 1203
216 1351
120 1471
132 1239
63 1217
168 1489
596 753
746 1910
701 754
781 817
771 824
746 670
767 1904
854 1752
862 1747
1298 1509
1323 1939
1386 1520
1458 1401
1735 1474
1648 1429
1685 1499
1593 1437
1522 1438
1677 1522
1582 1483
1609 1665
1749 1273

Point Cloud 67:
61 1200
174 1500
63 1237
186 1261
90 1209
146 1497
84 1256
66 1320
118 1236
220 1363
154 1329
120 1400
553 746
577 797
672 1939
757 873
787 783
734 778
741 602
792 1891
851 1751
885 1905
1312 1945
1282 1499
1392 1510
1462 1373
1517 1438
1607 1431
1581 1451
1652 1474
1578 1432
1568 1450
1648 1444
1669 1646
1782 1262

Point Cloud 68:
116 1321
94 1437
22 1260
110 1321
93 1440
116 1370
128 1424
63 1252
207 1342
217 1419
147 1490
21 1239
582 784
609 750
719 1928
774 909
739 832
743 495
808 1893
805 798
836 1755
864 1845
1209 1918
1308 1501
1352 1477
1448 1366
1529 1403
1624 1544
1666 1505
1623 1440
1661 1510
1670 1518
1698 1632
1662 1640
1777 1239

Point Cloud 69:
95 1272
152 1294
25 1253
171 1514
164 1451
134 1432
21 1263
100 1238
186 1442
134 1445
121 1307
111 1452
613 745
678 1931
769 819
759 536
771 878
809 1881
860 1760
858 1829
954 847
1130 1896
1307 1516
1388 1504
1417 1427
1505 1420
1606 1439
1578 1461
1692 1538
1651 1468
1680 1578
1698 1651
1643 1622
1779 1250

Point Cloud 70:
128 1322
112 1341
114 1428
101 1260
190 1301
109 1394
231 1394
121 1230
128 1489
36 1275
212 1387
164 1392
122 1291
614 755
714 1959
664 1932
775 820
764 542
752 878
881 1902
1050 1937
1023 869
1276 1481
1379 1485
1403 1423
1558 1404
1595 1642
1636 1445
1672 1563
1668 1452
1577 1462
1603 1431
1643 1735
1779 1250

Point Cloud 71:
108 1461
113 1475
149 1418
124 1224
198 1416
122 1356
117 1464
130 1274
94 1289
141 1493
178 1291
75 1321
133 1226
598 808
707 1950
721 2016
726 877
744 835
782 512
795 1824
865 1825
980 1946
1119 959
1275 1486
1381 1503
1411 1402
1542 1414
1592 1401
1660 1490
1670 1483
1638 1465
1648 1516
1592 1800
1634 1606
1767 1282

Point Cloud 72:
159 1281
117 1418
107 1323
134 1323
84 1313
119 1243
31 1248
86 1252
55 1147
87 1135
139 1422
163 1314
96 1329
188 1252
539 709
557 725
660 788
693 1945
678 1937
709 1948
736 1885
716 488
734 774
878 1829
947 1908
1280 890
1279 1421
1380 1408
1361 1407
1520 1373
1529 1829
1586 1422
1645 1503
1574 1388
1668 1466
1617 1444
1600 1518
1731 1227

Point Cloud 73:
29 1322
39 1249
133 1242
129 1412
10 1304
131 1442
96 1468
152 1270
88 1344
96 1386
50 1309
154 1347
102 1324
246 1347
545 754
601 748
623 841
773 1851
711 1921
652 1986
660 1977
743 823
743 583
906 1904
905 1881
1307 1505
1369 1502
1365 1483
1452 928
1529 1426
1536 1908
1650 1449
1605 1509
1686 1485
1591 1558
1609 1416
1657 1476
1738 1283

Point Cloud 74:
65 1286
82 1228
81 1338
161 1485
142 1400
113 1413
153 1262
137 1391
139 1390
139 1348
3 1277
99 1243
209 1335
513 765
585 812
615 730
769 1829
641 1947
626 1968
713 670
720 834
875 1868
949 1906
1301 1477
1410 1424
1371 1488
1479 1972
1543 1398
1641 1419
1579 1417
1594 1544
1615 1533
1655 1503
1580 1412
1634 925
1716 1282

Point Cloud 75:
152 1299
76 1281
140 1227
13 1288
124 1294
145 1229
38 1324
90 1259
22 1281
151 1224
83 1266
136 1323
84 1338
471 747
517 781
548 828
647 691
635 1940
741 1899
689 1940
728 836
881 1857
925 1838
1278 1479
1325 1431
1306 1443
1400 1953
1508 1424
1588 1453
1657 1407
1643 1479
1606 1436
1668 1461
1588 1550
1723 1281
1828 956

Point Cloud 76:
165 1441
139 1410
62 1328
170 1497
54 1284
110 1283
126 1214
87 1310
89 1443
96 1253
46 1276
35 1251
121 1377
457 753
618 728
538 774
615 689
704 1919
697 1908
714 1987
746 825
741 1867
875 1849
866 1786
1339 1956
1300 1414
1335 1465
1362 1462
1508 1391
1667 1463
1563 1491
1598 1444
1644 1461
1570 1503
1636 1518
1737 1278
1914 986

Point Cloud 77:
95 1348
122 1296
90 1352
88 1444
37 1287
91 1362
70 1335
144 1396
117 1227
103 1310
37 1293
125 1256
164 1378
305 765
531 782
606 711
695 1973
695 1919
726 822
747 1898
808 1854
856 1805
1215 1956
1268 1483
1377 1490
1332 1444
1477 1490
1531 1415
1518 1426
1653 1467
1661 1545
1612 1499
1668 1470
1742 1252
1882 972

Point Cloud 78:
95 1463
110 1313
22 1224
163 1410
83 1405
70 1273
132 1210
62 1369
64 1312
158 1403
158 1510
152 1277
181 1338
362 744
598 729
523 782
697 1925
701 1964
718 1920
721 1956
746 826
868 1777
844 1872
1101 1938
1290 1478
1298 1412
1349 1482
1436 1500
1478 1429
1635 1452
1656 1526
1637 1473
1643 1569
1644 1452
1731 1248
1931 1024

Point Cloud 79:
180 1338
122 1377
87 1360
13 1392
144 1338
39 1248
123 1451
127 1460
73 1363
125 1455
89 1302
114 1295
328 778
562 773
606 722
728 1946
730 1946
734 835
779 1945
811 1803
965 1936
1326 1422
1355 1487
1273 1459
1464 1493
1529 1409
1645 1527
1639 1533
1613 1479
1660 1481
1792 1264
1919 1040

Point Cloud 80:
113 1320
1 1236
186 1328
113 1486
127 1317
144 1332
128 1342
24 1228
26 1224
47 1264
151 1243
145 1215
469 802
549 782
563 739
646 712
644 1988
693 1891
774 799
782 1788
811 1837
882 1960
855 1960
1228 1401
1354 1500
1358 1499
1274 1476
1538 1423
1687 1480
1653 1496
1593 1426
1684 1450
1607 1467
1798 1273
1921 1026

Point Cloud 81:
133 1335
137 1350
53 1392
122 1439
111 1269
150 1307
184 1357
182 1402
55 1307
165 1355
88 1199
35 1325
130 1255
471 805
529 751
649 715
714 1950
666 1923
745 813
816 1768
811 1821
808 1949
907 1938
1218 1402
1344 1505
1328 1498
1295 1462
1485 1412
1685 1483
1680 1453
1591 1482
1644 1534
1774 1263
1819 1105

Point Cloud 82:
34 1229
190 1351
44 1366
108 1371
157 1227
25 1186
36 1183
151 1441
220 1290
157 1349
153 1216
99 1367
123 1359
167 1388
408 785
550 756
648 709
675 1768
703 1910
722 1924
745 847
825 1861
842 1940
947 1933
1170 1443
1305 1515
1358 1511
1456 1509
1535 1407
1590 1417
1642 1492
1590 1487
1693 1441
1659 1172
1745 1279

Point Cloud 83:
113 1196
88 1248
79 1198
34 1176
138 1406
139 1297
41 1188
103 1398
114 1427
132 1312
142 1287
131 1198
123 1205
236 1316
415 794
526 781
627 766
649 738
616 1789
762 1905
842 1922
850 1955
846 1926
815 1977
752 840
783 1795
847 1856
1104 1516
1293 1477
1376 1472
1410 1509
1486 1152
1554 1395
1615 1389
1617 1409
1627 1392
1582 1482
1622 1454
1753 1253

Point Cloud 84:
104 1185
95 1397
147 1350
39 1340
122 1460
127 1266
47 1324
76 1224
156 1463
79 1311
103 1457
144 1219
72 1187
230 1314
444 781
492 801
533 1879
601 761
580 780
712 1929
742 803
806 1967
756 1954
923 1885
858 1863
1013 1583
1294 1511
1324 1168
1370 1460
1460 1476
1492 1389
1678 1492
1605 1440
1630 1488
1617 1409
1618 1431
1764 1264

Point Cloud 85:
131 1310
38 1187
31 1255
68 1321
48 1305
94 1383
131 1345
81 1320
89 1442
55 1162
149 1287
76 1408
127 1349
211 1327
441 772
531 1905
591 747
593 730
571 746
709 1922
733 831
758 1929
777 1974
806 1813
781 1900
950 1908
1006 1635
1284 1156
1289 1469
1404 1440
1454 1489
1643 1459
1578 1423
1510 1395
1659 1544
1596 1451
1644 1419
1767 1244

Point Cloud 86:
84 1255
37 1163
71 1219
14 1288
62 1240
119 1259
79 1224
9 1293
164 1284
94 1312
56 1177
107 1481
142 1455
185 1356
452 774
517 1914
541 771
638 740
566 766
739 1910
748 811
746 1839
823 1951
852 1968
900 1792
994 1931
1223 1036
1285 1510
1393 1458
1458 1508
1594 1424
1656 1456
1601 1390
1522 1398
1585 1462
1651 1505
1748 1266

Point Cloud 87:
24 1330
125 1229
108 1279
56 1222
55 1190
108 1314
88 1261
38 1329
120 1232
50 1317
143 1458
103 1417
232 1333
404 798
412 1880
536 796
579 727
763 1909
735 852
736 1834
786 1945
864 1793
999 922
1276 1479
1375 1475
1424 1487
1557 1506
1681 1445
1510 1397
1640 1405
1638 1514
1764 1271

Point Cloud 88:
30 1285
38 1152
47 1362
20 1235
69 1215
131 1187
166 1288
46 1231
118 1208
73 1254
108 1220
111 1448
107 1488
173 1321
457 774
425 1863
639 757
631 765
732 1907
720 1855
729 806
830 1890
789 1931
812 1981
838 853
845 1799
1291 1471
1302 1932
1396 1480
1381 1497
1655 1446
1617 1415
1604 1398
1535 1428
1535 1416
1671 1518
1770 1284

Point Cloud 89:
143 1383
95 1239
232 1331
90 1215
44 1224
95 1294
8 1144
124 1337
50 1340
119 1190
100 1254
170 1442
165 1443
420 789
469 1889
522 782
661 737
580 750
805 821
751 816
771 1887
843 1890
867 2001
783 2004
728 1869
853 1802
1285 1471
1418 1474
1426 1499
1642 1453
1579 1440
1576 1502
1571 1444
1499 1842
1631 1519
1806 1268

Point Cloud 90:
93 1180
115 1277
104 1203
53 1329
12 1159
84 1180
134 1206
34 1324
104 1291
28 1313
146 1447
84 1437
406 773
502 1921
661 725
509 791
801 821
723 820
844 1967
766 1955
827 1987
861 1948
863 1947
809 1833
1283 1494
1450 1488
1451 1484
1561 1430
1627 1450
1595 1411
1633 1439
1608 1638
1675 1523
1683 1476
1739 1284

Point Cloud 91:
100 1179
109 1167
127 1394
187 1270
158 1222
66 1321
123 1369
79 1341
111 1474
106 1445
190 1325
448 773
535 789
486 1930
596 747
631 751
738 829
720 770
737 1846
776 1943
803 1955
863 1807
1296 1498
1427 1465
1469 1492
1602 1450
1560 1425
1545 1396
1573 1431
1483 1440
1635 1440
1672 1423
1761 1269

Point Cloud 92:
29 1137
97 1276
126 1185
194 1252
149 1231
135 1212
161 1514
115 1228
199 1287
128 1334
169 1220
76 1347
146 1472
456 1914
489 755
443 766
524 803
574 761
676 777
726 849
727 1891
796 2005
780 1837
865 1803
846 1974
1272 1463
1406 1462
1426 1485
1618 1464
1538 1411
1544 1404
1594 1391
1638 1559
1599 1391
1697 1493
1768 1264

Point Cloud 93:
34 1124
199 1285
7 1338
159 1227
131 1265
105 1264
107 1449
108 1211
112 1379
112 1488
131 1388
30 1331
191 1290
331 1885
454 762
525 809
619 725
733 772
759 786
692 1797
735 1888
766 1931
816 1801
864 1913
1294 1474
1379 1476
1439 1494
1629 1446
1535 1417
1578 1447
1604 1472
1659 1539
1675 1526
1698 1448
1723 1269

Point Cloud 94:
36 1146
57 1327
66 1345
77 1323
106 1201
172 1184
106 1406
138 1278
185 1217
141 1453
194 1195
245 1199
240 1233
382 1888
479 770
513 809
617 707
610 742
751 789
646 1809
794 1960
794 1946
852 1923
818 1802
1290 1503
1415 1462
1373 1443
1682 1546
1585 1402
1487 1451
1679 1507
1660 1495
1602 1413
1536 1500
1796 1270

Point Cloud 95:
77 1130
67 1150
136 1166
55 1359
56 1369
93 1441
140 1344
166 1270
165 1439
222 1263
527 783
561 741
714 778
726 1878
720 817
816 1958
828 1801
838 1932
1289 1467
1373 1462
1566 1418
1613 1425
1577 1483
1615 1523
1671 1470
1775 1276

Point Cloud 96:
76 1149
155 1210
180 1172
63 1354
69 1291
161 1442
123 1353
161 1477
166 1254
215 1280
441 1845
424 1864
511 744
545 794
582 757
671 767
730 804
727 1898
834 1953
781 1787
842 1838
1274 1476
1355 1447
1502 1443
1564 1499
1677 1407
1643 1456
1677 1418
1623 1498
1759 1522
1791 1249

Point Cloud 97:
14 1147
23 1131
45 1375
22 1345
108 1429
115 1360
96 1359
172 1216
242 1324
214 1249
202 1284
371 1925
440 1847
463 756
603 760
535 806
661 724
653 779
729 820
832 1830
822 1832
779 1808
807 1940
1282 1468
1417 1475
1454 1506
1630 1446
1629 1462
1573 1424
1534 1433
1610 1448
1494 1449
1753 1261
1807 1477

Point Cloud 98:
60 1131
36 1095
110 1385
90 1300
119 1433
167 1475
29 1353
47 1314
164 1198
221 1320
187 1258
131 1284
334 1974
471 757
458 1881
624 751
620 760
644 708
695 785
733 821
748 1899
785 1779
835 1967
851 1838
1299 1514
1361 1451
1442 1521
1540 1454
1682 1452
1510 1448
1675 1437
1588 1473
1658 1507
1747 1258
1852 1454

Point Cloud 99:
25 1113
9 1136
84 1327
101 1387
121 1415
79 1310
168 1515
31 1330
74 1172
222 1225
157 1252
212 1260
308 1944
444 788
517 1940
533 805
680 758
627 744
640 695
741 836
754 1885
783 1788
847 1951
823 1808
1276 1450
1334 1523
1403 1503
1498 1438
1563 1496
1589 1426
1652 1444
1687 1431
1611 1512
1741 1257
1866 1470

Point Cloud 100:
92 1168
27 1086
51 1175
124 1167
79 1427
110 1347
80 1436
86 1378
97 1399
115 1352
162 1272
207 1213
253 1917
216 1276
504 716
595 1935
567 808
541 801
617 705
716 782
747 807
814 1848
806 1797
757 1808
822 1924
1298 1487
1427 1478
1385 1450
1481 1463
1589 1428
1559 1503
1656 1503
1603 1510
1676 1451
1781 1273
1880 1660

Point Cloud 101:
33 1071
35 1205
11 1129
80 1344
25 1358
145 1490
31 1343
14 1320
24 1338
118 1855
167 1272
228 1195
233 1244
545 703
583 1932
660 761
637 788
621 792
624 697
744 848
836 1814
808 1777
799 1846
821 1941
1289 1493
1383 1458
1371 1446
1494 1495
1624 1422
1638 1454
1631 1482
1680 1423
1745 1275
1821 1743

Point Cloud 102:
5 1106
40 1051
113 1406
102 1330
105 1403
106 1419
81 1430
37 1170
170 1259
199 1233
155 1180
601 702
568 764
591 697
621 1871
653 703
682 767
725 835
789 1793
769 1796
762 1902
820 1884
1304 1477
1369 1502
1492 1467
1656 1440
1604 1400
1622 1468
1582 1464
1700 1469
1732 1269
1814 1784

Point Cloud 103:
9 1117
24 1711
39 1045
49 1310
167 1439
100 1308
113 1494
86 1388
180 1476
70 1151
144 1189
138 1181
149 1269
227 1304
632 786
621 687
662 709
550 722
686 1842
660 772
738 859
809 1793
798 1777
756 1872
819 1886
1273 1455
1409 1471
1395 1492
1476 1499
1657 1520
1613 1411
1682 1482
1649 1499
1552 1488
1761 1282
1847 1741

Point Cloud 104:
106 1365
28 1118
98 1216
152 1201
65 1162
135 1481
92 1209
151 1246
68 1215
115 1196
88 1456
35 1050
45 1634
211 1259
570 739
572 722
595 755
659 671
640 1873
709 782
743 828
795 1803
771 1874
831 1881
1260 1456
1400 1453
1409 1538
1481 1470
1696 1425
1638 1421
1658 1508
1682 1483
1792 1255
1744 1547

Point Cloud 105:
63 1029
75 1296
3 1118
100 1239
88 1186
98 1204
38 1309
80 1247
124 1268
92 1444
153 1453
134 1291
61 1169
41 1512
219 1233
606 685
655 665
602 797
652 661
660 763
686 1836
717 859
759 1869
752 1899
801 1813
810 1888
1284 1475
1398 1459
1389 1539
1474 1492
1756 1554
1577 1478
1632 1512
1612 1442
1585 1496
1742 1271

Point Cloud 106:
72 1198
19 1097
82 1138
1 1181
48 1111
25 1365
90 1347
71 1376
111 1460
112 1256
177 1459
76 1332
18 1342
150 1521
218 1263
590 728
602 656
611 720
716 771
579 774
708 1778
758 1871
764 1851
702 1784
740 826
810 1874
1306 1480
1390 1474
1497 1476
1484 1488
1557 1488
1699 1501
1661 1477
1673 1449
1665 1462
1644 1531
1748 1280

Point Cloud 107:
35 1148
50 1135
40 1051
27 1357
79 1372
56 1105
62 1083
60 1090
121 1435
91 1320
102 1186
162 1444
86 1270
195 1216
598 652
601 694
578 771
634 677
577 709
816 1788
709 1779
799 1768
793 1837
731 853
824 1929
1268 1480
1441 1549
1452 1502
1464 1467
1691 1514
1549 1500
1698 1565
1692 1576
1643 1513
1598 1528
1791 1249

Point Cloud 108:
17 1156
19 1154
75 1134
46 1007
155 1223
130 1331
133 1348
106 1373
137 1232
142 1197
41 1331
195 1207
597 723
608 657
608 673
659 720
573 791
716 1762
699 1861
805 1767
762 1794
733 850
1300 1479
1435 1476
1473 1596
1484 1463
1583 1502
1563 1618
1658 1521
1671 1443
1615 1440
1651 1429
1738 1281

Point Cloud 109:
10 1187
2 1164
35 1072
61 1034
123 1366
44 1333
106 1354
120 1359
34 1311
37 1309
161 1489
150 1263
130 1206
639 696
635 662
630 739
629 751
609 740
679 1844
684 1735
741 840
795 1778
764 1834
815 1859
1274 1476
1444 1482
1456 1575
1489 1499
1467 1779
1542 1479
1588 1552
1649 1492
1689 1439
1681 1452
1721 1282

Point Cloud 110:
54 1126
13 1112
67 1159
59 1135
88 1266
34 1370
105 1182
77 1265
113 1478
100 1417
140 1230
107 1182
199 1249
634 710
649 699
698 735
703 750
647 661
614 1860
635 1698
747 1733
737 852
753 1810
801 1819
1302 1479
1389 1467
1495 1584
1470 1512
1554 1488
1578 1414
1685 1486
1587 1551
1748 1269

Point Cloud 111:
101 1084
39 1113
30 1116
46 1120
103 1265
89 1288
96 1113
102 1151
18 1017
129 1437
155 1464
135 1334
112 1492
126 1465
180 1208
587 1869
741 760
607 733
671 711
595 747
573 802
614 653
594 1614
727 1714
754 1827
785 1809
1275 1480
1385 1466
1479 1916
1481 1467
1475 1473
1663 1516
1574 1471
1554 1489
1573 1529
1620 1498
1799 1259

Point Cloud 112:
99 1147
20 1188
68 1111
124 1090
3 1139
66 1010
47 1374
104 1246
92 1449
99 1467
106 1411
197 1232
476 1895
586 790
589 651
617 1561
704 680
703 1696
710 832
761 777
775 1794
1292 1500
1409 1484
1479 1491
1535 1538
1607 1512
1597 1514
1619 1420
1653 1444
1787 1267

Point Cloud 113:
25 1108
44 1366
123 1100
74 1084
95 1156
108 1128
93 1283
147 1217
106 1428
106 1378
149 1449
405 1893
516 1494
573 794
652 670
688 710
629 733
689 1675
713 1752
738 814
744 1770
871 737
1286 1481
1387 1466
1483 1534
1522 1573
1629 1504
1573 1555
1643 1450
1672 1429
1763 1249

Point Cloud 114:
0 1141
46 1063
59 1360
42 995
180 1206
150 1218
93 928
112 1141
121 1108
169 1494
174 1443
119 1445
334 1941
470 1457
657 746
643 752
696 707
660 687
709 1736
694 1594
729 784
767 1787
1008 730
1128 1833
1281 1465
1374 1453
1543 1549
1518 1564
1560 1535
1482 1527
1521 1523
1608 1414
1705 1480
1779 1276

Point Cloud 115:
70 982
53 952
13 925
25 1121
78 1421
75 1407
69 1377
43 1405
47 1393
175 1219
75 1284
122 1128
101 1116
343 1929
391 1417
617 757
646 759
590 659
611 662
692 1613
697 1635
713 1767
747 852
923 1756
1006 642
1293 1486
1381 1478
1492 1560
1523 1528
1512 1547
1620 1410
1554 1467
1557 1548
1470 1529
1736 1281

Point Cloud 116:
49 955
19 824
21 829
12 1183
44 1423
95 1441
42 1421
103 1374
139 1486
88 1046
95 1100
113 1241
132 1229
238 1976
280 1405
577 803
615 650
628 667
660 706
674 1727
739 1612
774 1758
714 764
1124 678
1306 1514
1439 1490
1495 1559
1625 1463
1599 1529
1566 1473
1603 1494
1541 1506
1688 1450
1768 1239

Point Cloud 117:
18 862
15 847
5 1166
95 1474
171 1472
69 1471
114 1463
115 1334
106 1061
71 1078
108 779
101 1250
176 1202
176 1972
300 1410
530 656
559 627
581 789
635 716
754 1613
750 1770
708 1720
698 770
759 1735
1283 718
1312 1513
1374 1471
1457 1526
1602 1531
1578 1521
1518 1571
1626 1438
1634 1434
1760 1269

Point Cloud 118:
3 1135
51 786
39 933
61 1464
48 1427
120 1410
55 1415
102 1096
99 1057
106 1257
170 783
177 1971
183 1216
291 1425
448 638
595 767
589 794
625 665
716 1777
703 1606
751 1611
716 1607
715 803
1279 1483
1425 1487
1459 784
1496 1556
1544 1506
1548 1513
1592 1470
1632 1423
1674 1435
1747 1264

Point Cloud 119:
9 1162
38 921
130 1457
52 1461
41 1427
109 1464
94 1435
104 1174
100 1056
134 741
92 1224
212 1213
180 1952
196 805
241 1438
404 638
668 671
577 737
592 758
729 791
684 1743
725 1696
690 1672
724 1709
1272 1490
1386 1480
1494 1543
1623 1406
1552 1502
1550 1482
1530 1517
1560 1516
1615 810
1743 1257

Point Cloud 120:
5 1183
36 933
153 1452
60 1447
64 1437
153 1499
70 1265
109 1061
116 1120
158 901
197 1233
221 683
266 1444
274 706
586 728
634 733
621 650
663 771
693 1789
689 1700
718 1709
787 1649
1289 1470
1375 1464
1462 1522
1546 1477
1616 1514
1571 1519
1623 1403
1565 1476
1559 1456
1733 1244
1797 831

Point Cloud 121:
12 1118
68 980
54 1464
186 1488
164 1506
119 1364
195 1490
205 1477
67 1279
106 1208
81 1262
124 1112
155 1209
174 1777
246 657
272 678
624 696
614 703
655 663
677 769
703 1689
742 1717
695 1676
750 1610
1307 1491
1417 1464
1487 1518
1634 1433
1669 1467
1591 1434
1637 1439
1619 1476
1612 1393
1578 1409
1786 1274
1859 748

Point Cloud 122:
16 1119
85 959
150 1485
146 1487
129 1432
107 1456
153 1451
131 1451
117 1219
98 1064
90 1277
96 1072
151 1236
192 1672
221 683
344 630
618 669
611 659
616 663
682 784
701 1723
696 1721
740 1674
727 1634
1278 1465
1375 1463
1464 1545
1588 1430
1612 1447
1546 1539
1540 1510
1592 1558
1686 1462
1783 1255
1891 724

Point Cloud 123:
19 1148
50 950
72 1469
117 1345
133 1462
131 1359
89 1407
123 1411
103 1244
79 1279
79 1035
101 1097
124 1137
168 715
188 1571
398 671
658 681
663 668
687 784
659 1765
684 1733
688 1676
695 1657
1285 1502
1395 1479
1481 1498
1619 1473
1642 1414
1606 1484
1600 1486
1599 1439
1684 1461
1757 1284
1888 721

Point Cloud 124:
10 1118
49 932
52 705
47 1422
203 1455
188 1460
78 1450
131 1419
137 1495
132 1390
108 1203
96 1058
153 1171
103 1176
163 1108
142 1194
440 711
664 658
571 713
671 761
673 1736
720 1662
696 1665
750 1708
1284 1493
1386 1461
1459 1524
1602 1467
1613 1539
1598 1466
1620 1414
1627 1514
1680 1453
1725 1279
1891 718

Point Cloud 125:
17 727
22 1154
49 929
155 1447
99 1425
112 1491
150 1478
142 1445
144 1491
113 1058
104 1256
69 1284
124 1210
177 1157
213 1423
465 761
571 736
538 726
577 725
680 766
762 1658
763 1654
728 1700
661 1762
1285 1499
1396 1480
1460 1541
1580 1457
1614 1488
1604 1561
1566 1489
1571 1458
1668 1440
1731 1268
1875 650

Point Cloud 126:
11 1193
46 705
49 931
89 1515
51 1438
155 1490
131 1435
108 1511
103 1387
99 1043
104 1227
232 1217
117 1121
177 1233
93 1149
539 752
489 768
541 707
652 772
699 1734
728 1779
736 1671
726 1650
1297 1480
1389 1456
1499 1506
1625 1450
1540 1482
1597 1496
1633 1388
1610 1462
1702 1469
1758 1271
1868 692

Point Cloud 127:
27 1163
36 738
62 937
151 1449
144 1558
166 1567
174 1448
75 1514
154 1479
61 1092
107 1260
112 1187
154 1226
197 1299
150 1323
453 758
537 758
485 767
608 765
698 1786
670 1766
732 1712
767 1711
1281 1459
1419 1472
1488 1560
1605 1442
1604 1537
1600 1388
1657 1424
1580 1455
1608 1405
1767 1283
1888 637

Point Cloud 128:
19 827
1 1147
50 964
138 1362
147 1491
146 1414
64 1481
110 1542
180 1467
122 1417
62 1096
79 1261
98 1152
158 1149
187 1292
520 756
557 730
499 767
606 671
649 763
646 1770
663 1855
710 1723
749 1682
1304 1497
1399 1482
1680 1450
1622 1489
1691 1448
1456 1524
1699 1494
1602 1547
1580 1466
1766 1254
1867 617

Point Cloud 129:
29 1165
35 930
25 821
56 1440
75 1538
41 1470
134 1431
59 1526
184 1487
157 1446
85 1108
81 1230
160 1203
164 1140
184 1236
520 755
562 661
566 753
635 671
630 775
650 1749
712 1720
705 1733
1294 1511
1385 1475
1544 1485
1472 1519
1650 1416
1611 1492
1573 1506
1474 1520
1698 1440
1746 1283
1894 612

Point Cloud 130:
42 921
27 873
8 1193
31 1498
5 1590
58 1519
94 1026
88 1035
127 1178
105 1219
94 1085
186 1458
98 1385
112 1410
129 1398
185 1216
479 744
556 661
582 730
587 765
609 653
744 1660
703 1726
1304 1500
1396 1469
1454 1522
1577 1508
1619 1520
1618 1526
1559 1542
1610 1527
1617 1516
1792 1275
1912 677

Point Cloud 131:
74 957
79 985
24 1156
50 1531
63 1487
48 1483
65 1250
84 1100
193 1238
155 1162
137 1148
128 1450
114 1456
114 1435
540 725
573 695
533 652
586 655
725 1653
685 1906
1306 1485
1413 1494
1477 1550
1508 1503
1639 1444
1637 1525
1584 1494
1579 1446
1706 1478
1723 1276
1849 810

Point Cloud 132:
27 945
18 889
3 1143
43 1572
74 1497
20 1531
154 1163
99 1240
105 1226
105 1061
141 1408
104 1430
113 1473
185 1234
543 767
562 775
533 667
570 705
631 665
672 1757
737 1696
701 1973
1299 1485
1377 1466
1529 1516
1497 1491
1597 1556
1596 1544
1592 1530
1592 1524
1631 1491
1731 1243
1882 927

Point Cloud 133:
16 938
1 948
39 1128
49 1499
72 1504
38 1549
105 1208
105 1185
175 1229
76 1256
80 1086
110 1382
132 1391
143 1419
513 692
474 771
560 755
636 650
661 1758
734 1937
736 1717
1271 1469
1438 1491
1522 1518
1462 1562
1613 1437
1558 1492
1633 1527
1657 1448
1619 1399
1786 1272
1909 973

Point Cloud 134:
31 887
78 975
5 1121
62 1521
19 1558
97 1222
103 1236
91 1171
103 1144
76 1038
130 1411
129 1423
123 1465
442 692
576 713
576 729
659 672
604 1879
737 1924
680 1792
737 1665
1305 1501
1459 1572
1518 1519
1603 1524
1605 1530
1605 1398
1615 1532
1661 1454
1744 1268
1895 1095

Point Cloud 135:
7 963
48 982
6 1134
44 1626
71 1487
104 1130
117 1042
108 1065
125 1076
105 1145
104 1329
121 1389
122 1386
463 702
554 774
537 755
548 759
567 1829
634 648
693 1834
755 1904
726 1709
1274 1462
1408 1480
1463 1551
1451 1476
1582 1479
1631 1488
1578 1418
1559 1468
1619 1424
1703 1460
1777 1281
1859 1217

Point Cloud 136:
31 992
34 987
16 1150
39 1544
60 1702
103 1080
100 1084
85 1137
105 1169
131 1119
145 1442
193 1451
108 1444
420 700
582 695
562 728
617 658
653 1687
682 1888
735 1727
761 1872
1304 1498
1461 1564
1476 1505
1390 1442
1602 1542
1591 1451
1595 1447
1694 1477
1601 1516
1764 1284
1825 1309

Point Cloud 137:
58 995
125 1158
81 1098
113 1174
108 1188
113 1078
142 1211
6 1189
70 1487
144 1416
150 1439
183 1489
169 1427
157 1762
287 713
566 753
600 694
605 671
630 1706
699 1926
728 1734
768 1814
1278 1479
1405 1465
1394 1454
1426 1482
1584 1409
1568 1478
1625 1425
1570 1502
1593 1432
1758 1251
1775 1364

Point Cloud 138:
9 1146
1 1059
27 989
110 1243
96 1106
111 1115
131 1184
122 1143
138 1195
48 1523
153 1430
168 1457
138 1482
212 1753
310 711
603 790
465 752
560 744
683 1708
677 1906
745 1728
751 1817
1276 1494
1380 1452
1480 1562
1468 1501
1625 1413
1630 1395
1698 1454
1710 1493
1693 1491
1550 1483
1723 1280

Point Cloud 139:
85 1133
70 1270
144 1137
1 1144
97 1109
11 1090
123 1085
41 1022
41 1541
78 1925
123 1417
105 1338
189 1430
167 1471
226 728
335 1745
582 793
578 718
632 671
693 1683
712 1895
743 1817
792 1852
1309 1486
1435 1514
1406 1470
1444 1506
1656 1451
1607 1455
1698 1460
1638 1513
1649 1429
1550 1496
1704 1519
1742 1261

Point Cloud 140:
140 1065
111 1252
119 1079
97 1166
133 1094
115 1138
119 1096
18 979
92 1490
115 1455
119 1349
123 1379
118 1383
204 1981
193 719
434 1763
578 790
573 783
594 653
725 1868
720 1879
720 1581
720 1757
1308 1517
1438 1493
1474 1489
1486 1505
1587 1526
1613 1397
1625 1485
1655 1434
1574 1523
1670 1432
1732 1264

Point Cloud 141:
90 1206
37 1132
92 1244
119 1244
112 1207
43 1132
34 1527
45 1009
140 1074
131 1453
157 1472
117 1451
206 723
474 760
495 748
577 1762
604 718
584 651
618 1482
747 1829
712 1901
731 1720
1261 1463
1398 1479
1483 1486
1498 1496
1557 1561
1655 1441
1564 1488
1698 1454
1582 1518
1558 1496
1731 1283

Point Cloud 142:
33 1169
12 1206
43 1525
22 994
101 1067
89 1054
117 1218
82 1163
118 1096
95 1369
108 1354
127 1397
311 687
593 813
566 773
586 655
588 737
604 1617
706 1718
753 1855
732 1723
1314 1501
1418 1470
1563 1554
1660 1456
1659 1441
1563 1461
1682 1463
1650 1442
1482 1572
1468 1446
1756 1273

Point Cloud 143:
4 1140
58 1509
24 1012
88 1127
108 1112
71 1215
93 1171
133 1165
142 1485
153 1459
122 1360
436 677
591 797
494 744
630 672
599 719
621 1757
734 1723
718 1712
723 1865
1277 1476
1338 1484
1423 1535
1470 1394
1618 1486
1592 1506
1615 1431
1578 1411
1580 1523
1770 1265

Point Cloud 144:
85 1147
87 1210
5 1165
1 1122
117 1198
89 1210
29 1464
80 1061
188 1452
119 1366
124 1407
286 1961
515 748
562 742
508 678
527 663
618 737
693 1772
675 1763
719 1817
707 1901
1284 1507
1355 1544
1396 1455
1466 1532
1562 1384
1625 1488
1600 1493
1655 1439
1634 1422
1613 1371
1762 1264

Point Cloud 145:
47 1217
154 1160
117 1204
49 1226
63 1203
149 1165
142 1089
24 1488
24 1006
175 1436
137 1392
132 1401
459 740
544 681
541 684
615 738
605 1862
666 1740
1335 1491
1372 1472
1358 1447
1455 1521
1569 1414
1597 1405
1563 1479
1525 1377
1582 1536
1682 1473
1792 1278

Point Cloud 146:
99 1220
86 1190
13 1173
106 1150
89 1085
85 1113
151 1173
103 1190
47 1469
141 1490
92 1373
170 1483
151 1470
525 757
522 745
547 688
623 655
615 1893
634 698
608 1792
739 1715
711 1874
1276 1514
1267 1462
1376 1468
1469 1503
1594 1378
1623 1376
1502 1379
1612 1501
1656 1427
1636 1385
1746 1248

Point Cloud 147:
79 1280
45 1027
100 1234
107 1109
87 1192
118 1150
43 1212
37 1167
18 1432
27 1474
157 1468
163 1452
111 1331
583 774
621 703
514 670
563 686
598 1859
616 1888
732 1753
736 1695
1210 1515
1280 1480
1392 1449
1475 1538
1523 1367
1578 1471
1680 1437
1609 1521
1602 1450
1593 1481
1750 1254

Point Cloud 148:
25 1150
28 1457
41 1046
124 1086
94 1272
103 1184
89 1192
117 1260
118 1102
163 1480
108 1423
114 1404
117 1329
377 1726
582 790
630 741
613 668
632 665
644 1890
576 1855
695 1875
757 1629
1086 1397
1266 1487
1348 1493
1465 1552
1611 1506
1617 1465
1657 1433
1589 1415
1602 1516
1584 1424
1754 1274

Point Cloud 149:
13 1144
98 1282
70 1184
93 1220
103 1209
94 1214
54 1440
110 1391
127 1410
164 1494
94 1085
502 743
516 696
551 682
633 1884
583 1897
616 726
735 1746
816 1610
997 1404
1234 1449
1383 1446
1487 1510
1615 1408
1604 1436
1631 1517
1598 1465
1560 1390
1579 1472
1773 1278

Point Cloud 150:
29 1235
110 1098
41 1172
48 1038
119 1118
72 1212
96 1214
123 1381
110 1383
67 1394
110 1455
176 1479
175 1090
402 1715
545 695
521 748
564 767
610 712
582 1854
652 1896
698 1781
707 1810
847 1540
882 1438
1250 1474
1365 1446
1477 1537
1624 1385
1697 1462
1623 1369
1568 1412
1600 1477
1601 1405
1758 1262

Point Cloud 151:
60 1073
114 1104
95 1085
124 1115
159 1136
107 1257
109 1191
90 1377
106 1395
104 1405
122 1325
115 1460
212 1039
556 745
554 655
611 705
525 646
592 1848
589 1903
706 1742
865 1491
1252 1480
1364 1459
1481 1564
1684 1434
1577 1407
1693 1475
1625 1362
1706 1499
1691 1480
1717 1275

Point Cloud 152:
9 1121
83 1219
92 1138
90 1117
63 1203
85 1084
90 1207
135 1157
102 1366
48 1441
102 1379
132 1424
81 1350
223 992
272 1727
462 756
542 656
663 662
582 716
605 1883
585 1840
699 1841
699 1824
891 1436
1298 1500
1379 1446
1480 1497
1644 1392
1623 1533
1626 1402
1601 1462
1645 1398
1580 1543
1719 1267

Point Cloud 153:
109 1271
106 1184
95 1189
14 1146
167 1165
49 1166
18 1130
162 1216
107 1424
185 1472
183 1485
35 1425
178 1442
186 1673
237 943
459 721
533 747
650 715
560 679
639 1817
595 1870
695 1764
869 1458
886 1446
1282 1462
1370 1476
1471 1561
1610 1534
1530 1386
1599 1553
1605 1464
1638 1426
1680 1451
1733 1258

Point Cloud 154:
101 1086
140 1290
97 1116
134 1242
25 1117
68 1170
62 1198
100 1318
123 1368
33 1402
80 1374
36 1380
169 1675
284 891
506 693
510 743
560 703
625 723
560 1927
588 1898
569 1915
679 1761
591 649
852 1492
914 1531
1278 1489
1378 1451
1479 1518
1581 1410
1563 1457
1609 1545
1571 1525
1603 1491
1713 1488
1795 1252

Point Cloud 155:
53 1430
6 1169
36 1437
112 1107
13 1124
31 1407
97 1379
97 1066
84 1336
124 1472
89 1186
111 1207
68 1662
260 894
479 705
517 752
479 1932
555 680
585 712
619 1887
649 675
700 1756
651 1789
815 1535
871 1534
1272 1470
1346 1483
1459 1537
1576 1540
1563 1481
1701 1496
1567 1408
1665 1446
1673 1459
1717 1275

Point Cloud 156:
110 1065
85 1383
97 1193
12 1193
97 1154
127 1124
163 1247
72 1426
179 1465
173 1499
81 1415
67 1187
124 1263
279 878
359 1803
497 695
520 762
593 673
661 713
639 735
601 1899
656 1823
639 1749
767 1654
887 1538
1251 1450
1371 1467
1478 1552
1585 1405
1618 1432
1609 1417
1570 1497
1574 1393
1648 1420
1668 1367
1764 1282

Point Cloud 157:
80 1097
158 1266
132 1386
105 1196
142 1452
166 1438
136 1244
109 1260
46 1135
134 1437
61 1164
41 1407
1 1707
132 1808
306 856
533 697
529 758
542 690
572 722
605 1890
634 666
705 1776
639 1782
735 1738
919 1475
1272 1485
1362 1449
1479 1559
1634 1361
1629 1379
1660 1355
1607 1408
1600 1463
1598 1454
1566 1538
1756 1266

Point Cloud 158:
66 1180
123 1450
137 1468
12 1143
174 1460
72 1123
114 1376
129 1109
106 1217
83 1167
145 1476
15 1120
60 1742
72 1806
301 850
454 734
512 764
548 645
584 1909
568 763
633 655
694 1757
645 1828
751 1703
888 1452
1286 1497
1356 1474
1460 1498
1647 1354
1628 1373
1569 1546
1655 1391
1701 1478
1640 1400
1601 1549
1796 1265

Point Cloud 159:
68 1195
158 1435
123 1287
90 1427
183 1445
126 1434
135 1107
55 1176
180 1468
126 1381
104 1248
135 1307
51 1820
17 1829
359 778
516 736
512 734
572 702
563 772
597 1928
620 677
715 1744
652 1847
854 1381
1285 1458
1338 1499
1466 1507
1626 1445
1569 1469
1673 1468
1661 1468
1676 1356
1581 1547
1630 1368
1799 1256

Point Cloud 160:
108 1195
47 1132
132 1242
75 1210
85 1110
70 1072
112 1423
135 1423
138 1319
55 1119
7 1199
102 1146
19 1136
5 1910
136 1939
364 799
530 701
500 705
568 688
503 767
571 758
568 1950
660 1747
634 1855
736 1758
864 1370
1263 1483
1367 1438
1481 1497
1648 1370
1629 1416
1541 1478
1622 1420
1686 1476
1611 1503
1567 1450
1781 1271

Point Cloud 161:
126 1481
156 1316
100 1228
143 1431
10 1174
170 1507
121 1471
116 1162
163 1431
64 1373
93 1157
82 1188
34 1820
133 1986
368 765
489 766
475 723
572 688
554 770
585 1903
618 639
660 1826
644 1759
747 1779
822 1248
1291 1469
1356 1464
1468 1517
1670 1448
1627 1429
1622 1468
1586 1449
1634 1516
1612 1524
1763 1290

Point Cloud 162:
0 1174
109 1132
101 1070
18 1855
76 1408
166 1272
59 1411
165 1496
134 1468
136 1422
77 1178
87 1962
177 1140
400 760
494 703
488 764
562 700
614 777
569 1927
592 683
644 1874
657 1770
762 1936
789 1278
1295 1483
1378 1440
1458 1537
1622 1396
1605 1399
1568 1558
1634 1387
1611 1530
1615 1373
1591 1440
1733 1254

Point Cloud 163:
13 1118
86 1095
1 1136
22 1976
34 2004
76 1895
139 1287
92 1216
186 1458
82 1391
96 1418
103 1311
179 1465
228 1169
566 659
365 782
465 712
494 779
629 1897
583 1955
599 665
670 1793
747 1372
794 1937
1231 1456
1384 1464
1469 1490
1673 1480
1669 1445
1630 1467
1611 1517
1639 1489
1652 1405
1605 1479
1761 1244

Point Cloud 164:
1 1142
113 1129
13 1143
55 1993
15 1921
82 1338
110 1347
104 1347
73 1411
112 1385
129 1294
124 1415
185 1185
361 781
502 695
482 759
564 683
576 1952
585 749
627 1899
670 1793
780 1374
835 1943
1297 1484
1386 1445
1464 1508
1576 1490
1593 1554
1617 1386
1604 1493
1638 1375
1623 1518
1748 1258

Point Cloud 165:
123 1132
84 1083
91 1096
88 1997
23 1943
24 2000
166 1460
148 1191
75 1404
132 1252
173 1499
140 1256
129 1423
138 1248
415 715
518 754
508 723
537 660
633 714
636 1856
669 1781
801 1368
976 1886
1270 1485
1347 1503
1479 1510
1579 1468
1570 1488
1580 1554
1642 1459
1628 1395
1673 1421
1799 1270

Point Cloud 166:
139 1282
95 1165
56 1145
170 1461
127 1453
65 1133
147 1438
116 1434
54 1407
165 1249
126 1419
73 1076
104 1359
24 1991
156 1965
162 1970
406 760
521 748
466 792
614 655
577 663
578 1929
643 722
656 1865
681 1744
850 1333
1091 1755
1272 1479
1381 1478
1469 1511
1654 1441
1589 1518
1654 1442
1683 1449
1600 1544
1598 1448
1745 1249

Point Cloud 167:
98 1114
95 1060
107 1162
99 1388
127 1256
93 1401
98 1359
98 1181
106 1955
188 1476
124 1440
156 1967
168 1193
416 743
457 760
558 690
590 702
584 1913
623 1930
622 718
684 1766
828 1292
1129 1643
1260 1476
1379 1435
1469 1558
1552 1462
1632 1450
1547 1476
1582 1410
1641 1466
1667 1453
1757 1269

Point Cloud 168:
58 1106
28 1150
10 1138
60 1249
95 1271
48 1364
170 1434
192 1438
88 1364
133 1361
119 1203
60 1926
172 1185
192 2003
563 683
557 727
563 666
584 724
525 1966
636 1889
679 702
687 1800
832 1211
1217 1529
1272 1393
1337 1484
1464 1514
1597 1423
1577 1447
1658 1426
1619 1465
1625 1376
1598 1511
1612 1530
1798 1255

Point Cloud 169:
90 1098
41 1133
41 1126
18 1753
141 1277
155 1241
154 1459
124 1276
90 1391
99 1265
68 1274
53 1399
142 1290
119 1946
304 1986
489 739
549 713
569 675
400 691
482 1933
600 1927
716 731
685 1820
899 1190
1253 1501
1305 1384
1345 1477
1458 1560
1608 1479
1581 1510
1551 1501
1680 1490
1615 1449
1595 1443
1613 1417
1739 1262

Point Cloud 170:
57 1134
76 1124
95 1111
161 1224
154 1504
157 1289
138 1199
108 1354
192 1460
89 1348
187 1428
72 1308
233 1974
374 2010
405 713
536 703
480 735
494 1950
628 723
627 1886
670 1788
704 774
930 1123
1262 1420
1319 1405
1357 1433
1466 1560
1601 1430
1576 1552
1570 1471
1606 1456
1655 1463
1600 1534
1775 1268

Point Cloud 171:
66 1112
16 1179
68 1111
78 1131
67 1685
169 1432
32 1382
73 1265
40 1385
131 1225
146 1485
71 1216
69 1254
53 1247
121 1390
290 1916
348 1993
390 1985
440 1978
384 695
563 667
554 666
561 687
646 755
624 1899
646 1786
729 790
993 1153
1246 1301
1350 1357
1355 1477
1484 1540
1639 1412
1595 1555
1599 1405
1683 1363
1648 1428
1559 1460
1617 1387
1767 1244

Point Cloud 172:
76 1142
86 1138
19 1122
93 1109
49 1666
69 1328
189 1477
171 1502
55 1377
127 1359
163 1457
67 1242
127 1221
361 1988
395 724
500 1921
464 1938
457 750
490 747
507 753
612 1886
630 735
748 805
1080 1203
1157 1250
1334 1333
1348 1472
1463 1546
1618 1527
1623 1462
1657 1440
1624 1500
1627 1530
1646 1362
1735 1269

Point Cloud 173:
24 1170
28 1197
31 1186
121 1093
90 1344
117 1366
104 1358
89 1329
113 1360
73 1668
117 1218
185 1365
315 1967
402 724
383 726
429 734
454 1936
476 1978
633 1930
655 1800
639 736
739 738
1083 1213
1213 1275
1320 1315
1381 1471
1478 1511
1572 1560
1580 1550
1597 1413
1681 1361
1583 1463
1550 1489
1574 1501
1748 1277

Point Cloud 174:
120 1121
26 1213
94 1116
113 1098
72 1353
178 1316
124 1344
96 1379
135 1368
163 1374
88 1211
433 1953
488 1915
407 686
503 737
506 731
426 754
539 1976
688 758
624 726
633 1935
648 1942
1118 1245
1215 1272
1329 1335
1358 1482
1481 1555
1641 1407
1569 1475
1640 1491
1610 1410
1628 1500
1598 1536
1644 1454
1754 1277

Point Cloud 175:
11 1153
124 1090
90 1136
7 1152
40 1319
73 1240
153 1382
105 1363
184 1450
181 1441
404 1941
428 1941
380 731
447 758
472 739
645 1931
618 2009
635 1964
662 797
648 737
1104 1226
1337 1334
1382 1475
1478 1510
1605 1493
1621 1528
1666 1475
1616 1529
1595 1557
1648 1392
1776 1272

Point Cloud 176:
25 1171
50 1142
87 1132
70 1132
99 1066
45 1264
87 1350
32 1265
64 1670
135 1439
190 1451
156 1308
469 1938
399 1946
394 688
436 749
523 759
620 783
700 1909
707 1901
675 756
698 1975
1102 1214
1161 1250
1322 1304
1351 1495
1486 1500
1670 1483
1596 1439
1654 1379
1598 1544
1596 1501
1582 1541
1755 1270

Point Cloud 177:
100 1359
20 1157
11 1294
35 1173
26 1173
80 1127
62 1205
103 1077
152 1504
123 1433
180 1329
464 1959
454 1972
387 702
489 696
399 767
419 732
565 776
648 1933
744 1955
635 1931
664 741
1074 1187
1184 1258
1347 1339
1382 1486
1476 1520
1533 1422
1651 1507
1667 1425
1611 1471
1630 1392
1662 1446
1777 1269

Point Cloud 178:
59 1136
29 1118
92 1212
63 1122
89 1097
39 1300
112 1374
127 1436
115 1458
175 1371
403 1949
500 1927
446 741
423 732
475 731
498 759
555 791
641 1938
698 1947
714 753
804 1987
1115 1247
1179 1193
1318 1337
1356 1469
1472 1525
1629 1535
1656 1451
1614 1437
1580 1558
1585 1540
1618 1434
1762 1274

Point Cloud 179:
15 1147
40 1234
56 1240
36 1257
14 1165
84 1133
55 1128
74 1341
120 1441
127 1480
158 1336
459 1950
461 1945
423 727
450 735
479 727
525 733
588 768
688 1927
680 743
728 1936
789 1958
868 1982
1135 1224
1165 1161
1289 1305
1385 1483
1481 1570
1543 1439
1608 1491
1614 1377
1671 1479
1575 1536
1615 1450
1765 1261

Point Cloud 180:
21 1084
105 1227
51 1232
69 1063
102 1104
74 1097
33 1195
102 1370
147 1450
186 1446
184 1375
390 1930
387 720
409 740
479 734
478 1913
487 791
542 794
646 1921
714 732
789 1949
949 1987
1123 1230
1157 1138
1318 1316
1331 1484
1471 1576
1534 1446
1657 1503
1604 1377
1631 1362
1640 1462
1647 1509
1743 1243

Point Cloud 181:
59 1212
50 1233
80 1023
113 1099
84 1105
92 1340
106 1205
130 1480
128 1409
169 1393
407 1931
519 1932
396 695
467 800
414 752
436 688
581 785
691 1929
725 720
801 1935
1089 1989
1121 1251
1169 1016
1293 1322
1326 1499
1483 1572
1568 1450
1623 1535
1566 1468
1585 1553
1652 1401
1651 1491
1747 1261

Point Cloud 182:
61 1148
113 1156
39 1153
118 1079
45 1236
57 1091
90 1314
135 1412
157 1475
191 1382
177 1050
385 1926
526 754
524 760
513 785
560 778
383 687
528 1930
652 1907
734 1921
774 755
1062 915
1089 1980
1101 1200
1309 1305
1367 1479
1463 1498
1566 1483
1529 1485
1583 1557
1686 1496
1664 1454
1681 1506
1775 1238

Point Cloud 183:
6 1137
61 1211
34 1109
60 1161
55 1096
54 1215
95 1361
151 1443
186 1371
177 1465
239 999
379 741
455 1946
425 788
498 778
435 699
479 1903
606 804
630 1936
752 1958
777 769
952 854
1110 1203
1170 1968
1313 1299
1323 1497
1464 1539
1587 1489
1529 1440
1515 1460
1666 1366
1657 1378
1679 1504
1721 1273

Point Cloud 184:
65 1147
51 1122
103 1074
114 1136
20 1097
111 1077
119 1356
187 1454
139 1469
170 1363
312 956
399 708
378 1938
416 776
445 761
430 702
577 747
639 1924
736 1953
779 795
878 807
1106 1218
1273 1962
1270 1329
1385 1473
1461 1562
1524 1473
1600 1521
1597 1502
1613 1369
1655 1433
1749 1509
1791 1255

Point Cloud 185:
94 1107
16 1135
110 1121
68 1181
134 1151
114 1373
176 1390
170 1423
114 1450
389 935
394 698
409 1940
410 1956
434 759
465 772
449 695
576 697
735 1928
778 1931
839 804
899 829
1208 1255
1289 1331
1309 1972
1316 1491
1472 1520
1543 1433
1594 1551
1577 1488
1639 1366
1661 1442
1781 1278
1740 1507

Point Cloud 186:
127 1183
47 1124
133 1153
64 1173
124 1129
92 1375
132 1426
210 1465
144 1460
367 716
413 1943
425 887
501 736
494 750
475 700
471 1896
571 704
676 1930
712 1918
802 806
901 792
1256 1295
1335 1343
1345 1493
1393 1978
1477 1502
1534 1449
1563 1477
1572 1502
1649 1378
1656 1431
1762 1278
1806 1498

Point Cloud 187:
132 1132
37 1144
113 1192
127 1178
53 1153
79 1309
170 1397
128 1487
117 1465
154 1376
484 695
394 691
517 752
452 782
430 773
473 1885
477 877
501 1932
690 1929
773 1926
807 709
810 816
1324 1302
1292 1324
1377 1468
1478 1973
1461 1552
1556 1442
1617 1539
1571 1538
1657 1388
1698 1449
1738 1284
1781 1461

Point Cloud 188:
70 1155
87 1168
14 1135
123 1063
135 1137
86 1308
153 1372
113 1464
131 1461
189 1458
354 1825
373 735
442 950
512 744
404 735
532 737
445 718
609 1955
697 1936
709 664
800 1933
832 872
1277 1301
1237 1296
1326 1494
1525 1976
1477 1536
1537 1465
1605 1509
1567 1486
1667 1385
1691 1417
1757 1260
1784 1436

Point Cloud 189:
75 1145
20 1095
119 1172
8 1136
94 1102
40 1983
91 1351
157 1387
215 1447
193 1445
152 1400
301 1798
393 1043
395 736
489 711
497 781
446 718
481 738
594 636
665 1938
726 1893
689 1921
914 914
1224 1268
1300 1326
1363 1466
1467 1562
1587 1984
1511 1456
1565 1491
1567 1474
1646 1361
1757 1427
1738 1442
1801 1263

Point Cloud 190:
79 1056
147 1116
15 1185
106 1213
147 1103
103 1391
156 1445
123 1444
109 1446
232 1782
310 1131
486 694
502 774
522 752
491 672
496 659
760 1950
594 1938
726 1922
872 902
1235 1275
1328 1343
1381 1467
1481 1553
1533 1484
1575 1560
1582 1498
1621 1367
1645 1981
1667 1417
1708 1456
1786 1262

Point Cloud 191:
55 1121
37 1137
146 1085
28 1154
115 1224
82 1805
92 1346
185 1498
183 1467
189 1385
198 1139
386 668
370 738
496 781
495 761
489 685
486 642
646 1952
764 1922
729 1887
766 926
1274 1305
1243 1295
1386 1464
1477 1511
1515 1473
1635 1516
1584 1495
1647 1364
1716 1444
1683 1414
1727 1967
1736 1256

Point Cloud 192:
18 1139
79 1154
137 1157
121 1095
15 1117
115 1132
15 1778
94 1364
155 1340
178 1483
163 1508
443 651
361 721
469 685
487 745
499 772
702 1907
706 1928
660 1962
714 874
1307 1321
1231 1271
1392 1474
1467 1556
1525 1505
1615 1496
1607 1530
1614 1370
1620 1362
1665 1365
1784 1267
1754 1994

Point Cloud 193:
122 1155
35 1124
29 1120
120 1053
124 1073
216 1141
38 1791
87 1377
144 1295
131 1431
184 1437
197 1897
440 662
514 776
474 782
495 769
511 723
470 628
701 1919
743 1864
585 1936
612 796
1239 1291
1292 1327
1325 1503
1476 1547
1538 1439
1589 1487
1597 1499
1614 1374
1684 1454
1678 1447
1727 1973
1740 1261

Point Cloud 194:
150 1093
147 1130
149 1128
6 1169
147 1099
155 1147
96 1086
35 1784
94 1307
108 1448
117 1441
405 729
460 703
384 661
439 649
483 756
529 761
600 799
654 1945
722 1905
690 1954
1220 1276
1264 1294
1332 1491
1465 1568
1527 1450
1606 1508
1605 1527
1646 1403
1634 1936
1646 1443
1680 1416
1759 1252

Point Cloud 195:
72 1185
105 1170
121 1052
146 1105
107 1080
190 1131
106 1236
6 1778
70 1351
188 1494
125 1475
444 725
461 691
483 766
372 681
450 640
570 783
707 1877
606 1940
668 1942
1212 1250
1260 1311
1331 1484
1463 1540
1536 1431
1583 1517
1607 1484
1613 1364
1653 1973
1698 1396
1717 1410
1768 1250

Point Cloud 196:
143 1086
78 1192
124 1222
116 1152
224 1131
48 1137
78 1117
87 1295
121 1451
170 1466
413 625
383 787
486 782
543 757
602 784
712 1956
713 1870
706 1950
1200 1292
1328 1324
1372 1472
1475 1544
1519 1496
1625 1524
1611 1503
1610 1352
1720 1425
1743 1405
1679 1969
1731 1279

Point Cloud 197:
152 1121
67 1144
29 1117
12 1181
88 1163
90 1143
81 1326
170 1490
194 1481
180 1193
371 659
426 637
413 739
457 740
484 720
580 738
717 1925
727 1880
714 1937
1175 1312
1272 1288
1320 1498
1476 1562
1521 1427
1566 1496
1556 1488
1624 1346
1669 1467
1698 1435
1734 1913
1765 1280

Point Cloud 198:
84 1053
143 1183
197 1152
95 1189
57 1161
132 1252
121 1141
117 1223
80 1359
137 1424
140 1451
455 770
389 637
379 684
382 644
505 721
538 1932
584 708
701 1889
711 1899
715 1905
1212 1305
1289 1300
1331 1486
1475 1576
1520 1431
1606 1501
1593 1525
1629 1375
1714 1459
1713 1456
1747 1258
1835 1841

Point Cloud 199:
105 1155
83 1066
108 1133
74 1161
112 1050
4 1858
79 1313
148 1269
135 1440
150 1452
218 1174
336 610
350 669
410 741
454 820
478 782
469 752
586 709
744 1937
710 1891
671 1934
569 1924
1190 1307
1249 1294
1340 1483
1453 1503
1529 1461
1605 1515
1616 1530
1626 1400
1692 1419
1669 1421
1772 1244
1915 1744

Point Cloud 200:
66 1126
86 1078
149 1105
77 1175
110 1144
75 1139
195 1169
32 1940
132 1289
72 1349
142 1489
124 1425
267 642
373 671
414 675
461 805
502 742
513 715
567 710
623 1970
654 1968
631 2005
707 1900
694 1882
1156 1302
1291 1282
1347 1478
1486 1533
1493 1451
1584 1502
1579 1535
1617 1342
1707 1468
1649 1417
1734 1254
1848 1694

Point Cloud 201:
52 1112
9 1180
101 1086
35 1124
80 1128
112 1967
79 1343
66 1349
175 1450
193 1488
164 1113
181 741
360 666
401 663
509 778
480 754
512 745
529 794
689 1940
641 1904
737 1877
681 1928
1212 1306
1267 1281
1386 1461
1461 1513
1502 1491
1621 1529
1563 1491
1610 1340
1598 1335
1672 1408
1757 1269
1802 1541

Point Cloud 202:
75 1174
115 1220
208 1168
121 1157
31 1113
191 1145
71 1294
78 1340
109 1941
137 1415
119 1432
155 791
375 700
446 679
516 766
553 717
521 714
537 808
650 1885
658 1863
712 1886
731 1900
1177 1301
1302 1305
1352 1479
1457 1535
1633 1378
1662 1408
1584 1528
1632 1408
1587 1481
1628 1390
1734 1256
1764 1485

Point Cloud 203:
22 1122
25 1149
131 1125
124 1204
72 1134
93 1138
123 1183
84 1343
67 1288
119 1417
186 1444
222 1956
184 881
348 655
416 675
499 755
482 735
557 811
575 692
678 1904
648 1905
693 1906
746 1920
1194 1292
1284 1301
1350 1495
1467 1566
1598 1407
1671 1414
1734 1467
1579 1509
1591 1496
1663 1430
1609 1470
1756 1285

Point Cloud 204:
103 1133
117 1063
95 1044
40 1105
110 1092
91 1133
95 1361
64 1286
145 1475
137 1409
171 1172
173 988
212 1982
361 726
436 694
473 754
526 782
529 767
563 724
713 1899
668 1958
695 1841
739 1978
1207 1304
1274 1303
1367 1470
1455 1513
1501 1491
1583 1561
1619 1474
1606 1536
1624 1517
1632 1454
1720 1276

Point Cloud 205:
122 1053
57 1093
223 1207
25 1179
202 1199
103 1191
121 1125
48 1284
45 1279
152 1446
121 1435
224 1962
393 649
435 690
565 804
506 739
585 695
709 1844
748 1856
757 1927
1213 1285
1275 1284
1381 1458
1486 1509
1470 1540
1626 1521
1583 1531
1633 1468
1608 1505
1649 1378
1762 1281

Point Cloud 206:
173 1070
126 1132
138 1109
3 1163
227 1098
72 1096
42 1307
47 1270
182 1476
141 1449
202 1832
205 1189
392 663
376 719
544 772
568 787
608 688
689 1939
715 2000
710 2002
776 1954
756 2003
1168 1325
1309 1299
1353 1483
1479 1552
1516 1488
1668 1433
1584 1508
1753 1482
1761 1463
1585 1550
1606 1345
1743 1252

Point Cloud 207:
7 1129
138 1171
29 1136
104 1097
77 1307
88 1337
120 1798
190 1495
197 1459
175 1069
243 1086
266 1208
365 659
413 679
534 755
522 782
586 819
643 730
683 1942
750 1886
738 1932
789 1952
701 1929
1210 1313
1306 1306
1370 1482
1470 1546
1498 1509
1760 1452
1606 1448
1578 1506
1774 1502
1544 1514
1643 1414
1747 1265

Point Cloud 208:
45 1121
116 1113
15 1182
44 1113
20 1751
74 1264
154 1325
174 1467
114 1421
222 1020
270 1242
229 1229
372 655
428 685
492 726
490 771
533 812
591 793
654 1898
773 1971
776 1955
733 1982
1184 1304
1298 1308
1362 1474
1478 1570
1505 1464
1593 1461
1613 1529
1610 1551
1594 1349
1711 1450
1754 1490
1758 1268

Point Cloud 209:
83 1127
23 1105
98 1090
117 1136
27 1770
57 1276
175 1432
153 1474
139 1317
183 971
237 1232
264 1217
426 656
370 676
521 771
515 769
456 818
564 788
746 1902
718 1949
655 1914
1172 1329
1256 1296
1356 1491
1457 1503
1544 1486
1579 1459
1600 1514
1613 1549
1616 1386
1674 1447
1722 1442
1790 1262

Point Cloud 210:
82 1141
54 1124
18 1108
101 1066
53 1679
36 1286
166 1433
140 1451
143 821
194 1298
244 1238
336 1259
350 641
346 683
409 790
471 730
506 811
511 761
724 1976
690 1958
714 1994
691 1950
1209 1283
1287 1303
1366 1488
1480 1526
1483 1480
1563 1479
1583 1537
1641 1498
1618 1382
1666 1451
1737 1330
1725 1341

Point Cloud 211:
14 1124
107 1124
100 1154
99 1151
22 824
59 1310
67 1615
120 1440
188 1445
224 1277
201 1211
345 1240
346 678
366 688
393 772
480 780
503 785
508 809
696 2007
738 1858
662 1956
658 1917
1208 1339
1264 1297
1371 1459
1485 1493
1479 1549
1467 1550
1543 1479
1468 1516
1627 1378
1690 1426
1747 1247
1764 1248

Point Cloud 212:
50 1089
75 1083
113 1163
83 1063
36 772
72 1308
82 1606
188 1478
171 1485
218 1191
232 1275
300 1255
383 613
339 656
412 794
503 736
441 782
509 797
676 1928
653 1971
709 1914
741 1893
1256 1409
1257 1285
1320 1502
1472 1526
1603 1454
1560 1500
1590 1542
1591 1521
1633 1408
1686 1422
1750 1302
1740 1302

Point Cloud 213:
6 1172
74 1138
91 1192
119 1146
22 703
96 1303
140 1520
190 1512
144 1414
221 1311
212 1193
366 1246
371 637
400 599
447 812
463 798
500 732
485 810
674 1983
640 1891
663 1893
611 1950
1272 1284
1266 1403
1343 1488
1463 1525
1572 1484
1538 1508
1615 1543
1590 1497
1616 1390
1670 1451
1744 1229
1744 1271

Point Cloud 214:
33 608
93 1072
115 1121
64 1077
24 1118
68 1287
188 1461
137 1509
172 1477
246 1259
203 1196
331 1237
354 617
358 620
480 787
494 716
507 716
510 771
608 1958
645 1892
739 1938
658 1876
1282 1288
1310 1444
1379 1472
1449 1504
1615 1492
1541 1491
1601 1491
1508 1483
1658 1392
1702 1432
1752 1257
1774 1293

Point Cloud 215:
43 1090
105 1160
112 1183
89 1189
58 1288
36 514
125 1411
142 1482
148 1414
248 1242
198 1183
291 1254
375 590
374 702
414 787
528 768
447 762
504 718
554 1876
650 1922
669 1885
680 1906
1288 1296
1327 1448
1369 1490
1455 1523
1587 1543
1620 1551
1546 1499
1586 1518
1597 1356
1705 1435
1764 1223
1760 1194

Point Cloud 216:
12 1161
17 1112
95 1121
8 1128
58 1290
90 465
126 1535
184 1421
173 1459
255 1282
240 1216
374 1222
373 703
472 795
412 779
398 774
521 1771
712 1887
737 1920
1296 1311
1333 1432
1361 1477
1478 1563
1496 1469
1559 1498
1603 1508
1584 1556
1603 1359
1677 1498
1760 1284
1829 1200

Point Cloud 217:
62 1104
11 1091
36 1094
124 1162
91 1317
97 391
186 1472
186 1452
155 1502
190 1309
205 1190
382 1252
365 695
506 735
555 750
506 740
425 791
410 668
547 1802
647 1904
711 1884
714 1923
1307 1306
1283 1413
1348 1498
1455 1514
1491 1501
1589 1481
1619 1511
1607 1542
1650 1381
1699 1475
1784 1242
1877 1200

Point Cloud 218:
82 1076
16 1162
15 1087
18 1181
49 1284
157 1389
133 1383
165 1477
188 396
215 1268
251 1227
355 1292
368 715
506 727
509 777
399 734
450 729
405 658
554 1811
637 1897
728 1917
1261 1285
1299 1396
1350 1480
1586 1510
1511 1537
1487 1529
1503 1498
1466 1509
1662 1401
1671 1469
1745 1242
1897 1244

Point Cloud 219:
1 1113
7 1156
61 1138
115 1124
91 1304
177 1442
167 1435
154 1429
175 390
211 1302
300 1241
283 1219
355 721
415 767
415 792
556 758
466 721
484 818
546 1794
742 1895
696 1880
1314 1318
1304 1392
1361 1459
1470 1534
1561 1503
1601 1551
1560 1479
1640 1398
1693 1469
1790 1287
1854 1283

Point Cloud 220:
4 1196
77 1085
41 1126
98 1160
57 1280
85 313
216 1493
162 1525
208 1501
211 1304
266 1363
403 1239
348 677
399 708
408 800
467 765
517 722
567 1803
725 1894
670 1914
1298 1284
1302 1444
1405 1400
1558 1503
1548 1487
1511 1492
1632 1482
1617 1476
1636 1368
1690 1429
1863 1257
1824 1288

Point Cloud 221:
21 1130
54 1106
91 1048
99 1181
41 308
31 1290
201 1512
153 1496
107 1381
268 1273
232 1398
356 650
404 748
422 655
408 745
478 1285
486 736
624 1882
649 1907
614 1804
1299 1283
1303 1367
1477 1423
1473 1480
1441 1398
1590 1480
1595 1560
1674 1448
1641 1511
1654 1402
1745 1260
1799 1328

Point Cloud 222:
61 1039
61 1076
39 1085
32 298
79 1323
104 1101
195 1446
120 1362
183 1398
122 1407
206 1471
294 1285
364 689
411 706
500 729
494 778
451 773
487 1328
621 1896
604 1791
703 1909
723 1907
1287 1394
1288 1396
1484 1508
1491 1474
1513 1427
1569 1487
1622 1500
1672 1458
1631 1475
1602 1408
1765 1380
1761 1236

Point Cloud 223:
82 1098
48 1100
20 1183
84 1315
95 325
79 1039
134 1431
115 1365
130 1415
221 1381
179 1435
282 1264
360 652
534 745
494 778
426 797
546 756
541 1419
680 1882
635 1893
733 1898
620 1795
1260 1327
1273 1347
1479 1415
1523 1402
1518 1425
1548 1398
1655 1439
1590 1532
1662 1466
1688 1440
1613 1368
1744 1240

Point Cloud 224:
27 1102
58 1129
70 1041
77 1294
118 1143
112 410
145 1375
163 1527
186 1398
189 1386
189 1405
287 1286
453 757
420 774
524 759
432 738
391 702
579 1889
655 1923
582 1884
628 1542
1293 1369
1270 1338
1464 1545
1589 1490
1570 1391
1580 1412
1639 1360
1587 1521
1675 1453
1576 1555
1762 1382
1749 1252

Point Cloud 225:
48 1107
94 1117
27 1145
80 1018
55 1269
221 1407
141 1391
209 1397
206 1445
161 1448
149 423
368 692
482 735
509 739
429 742
572 780
627 1893
721 1892
635 1932
1267 1350
1301 1305
1430 1541
1521 1497
1638 1389
1627 1405
1692 1491
1643 1470
1691 1466
1744 1360
1732 1249

Point Cloud 226:
8 1145
77 1109
10 1129
33 1285
75 1024
236 1360
180 1446
245 1325
143 1505
220 1402
225 1353
295 546
350 667
357 678
435 727
499 732
519 689
560 784
636 1824
627 1917
615 1857
1283 1338
1285 1292
1442 1548
1525 1480
1554 1494
1683 1441
1598 1536
1685 1380
1594 1378
1635 1453
1683 1416
1692 1370
1748 1248

Point Cloud 227:
2 1181
2 1165
88 1312
67 1055
89 1135
220 1463
204 1383
205 1421
234 1442
183 1453
179 1455
291 565
364 715
368 645
446 684
418 736
427 723
568 764
604 1884
748 1903
624 1812
1272 1301
1271 1352
1460 1542
1493 1537
1481 1526
1627 1371
1735 1384
1607 1552
1582 1385
1668 1368
1584 1400
1798 1294

Point Cloud 228:
43 1111
57 1133
40 1021
49 1277
106 1161
167 1402
204 1387
214 1454
123 1375
176 1480
142 1493
298 545
394 761
460 673
454 711
408 631
523 756
560 793
605 1862
744 1896
629 1938
618 1867
1280 1272
1281 1341
1475 1570
1501 1477
1497 1481
1706 1423
1658 1393
1608 1549
1618 1438
1618 1498
1694 1358
1747 1247

Point Cloud 229:
50 1115
28 1177
59 1036
97 1329
117 1153
223 1516
142 1388
92 1381
149 1387
219 1504
297 562
356 686
437 661
423 658
515 766
582 777
686 1945
624 1947
596 1908
641 1875
1312 1277
1316 1263
1468 1570
1481 1465
1707 1445
1637 1499
1618 1501
1595 1410
1631 1323
1673 1392
1765 1250

Point Cloud 230:
23 1115
7 1181
34 997
52 1301
132 1165
167 1390
160 1461
225 1387
176 1451
204 1449
167 1437
397 671
368 621
359 707
315 609
536 776
523 771
765 1921
558 1871
615 1925
596 1902
595 1910
1286 1309
1281 1309
1478 1562
1508 1532
1602 1277
1614 1410
1632 1493
1663 1411
1593 1407
1621 1354
1742 1268

Point Cloud 231:
57 1095
16 1196
41 996
84 1307
109 1147
179 1340
161 1363
175 1373
154 1406
186 1504
194 1533
334 706
456 688
392 630
450 698
442 734
529 766
645 1885
585 1902
624 1877
610 788
705 2007
766 1948
725 1935
1312 1323
1297 1330
1478 1545
1492 1461
1475 1281
1619 1513
1608 1353
1616 1376
1640 1457
1631 1504
1784 1260

Point Cloud 232:
12 1127
60 981
66 1331
149 1296
67 1117
119 1383
123 1367
124 1542
204 1541
406 622
295 571
374 611
439 661
431 678
475 774
589 1881
716 1917
656 1882
614 1864
598 788
1278 1257
1355 1357
1338 1255
1482 1558
1447 1512
1625 1389
1674 1430
1717 1477
1641 1510
1615 1364
1734 1233

Point Cloud 233:
123 1145
52 1098
48 1004
74 1273
120 1387
128 1245
124 1529
215 1369
233 1562
326 630
359 626
390 624
439 676
518 746
623 804
623 1920
635 1856
644 1855
806 1934
1242 1235
1257 1239
1353 1411
1478 1552
1527 1487
1680 1462
1649 1452
1637 1402
1668 1413
1644 1365
1776 1260

Point Cloud 234:
18 1181
22 1136
60 1010
49 1318
111 1401
139 1560
143 1239
171 1536
185 1411
291 562
342 698
368 604
455 692
497 787
666 1899
637 1877
578 1839
625 802
902 1919
1301 1253
1290 1260
1356 1386
1413 1557
1471 1473
1662 1463
1675 1476
1663 1448
1574 1527
1668 1401
1765 1261

Point Cloud 235:
18 1135
41 1120
36 997
43 1292
135 1433
147 1244
182 1541
200 1509
151 1289
325 620
320 600
311 552
493 801
492 807
597 1870
588 760
692 1899
669 1878
674 1952
974 1898
1247 1261
1260 1250
1370 1383
1462 1551
1495 1531
1677 1424
1652 1379
1701 1492
1621 1372
1651 1440
1797 1281

Point Cloud 236:
126 1146
84 1155
28 1000
85 1332
137 1407
137 1227
144 1271
184 1447
217 1525
338 581
334 605
338 491
547 798
442 673
571 1895
633 785
709 1913
663 1889
1126 1916
1331 1285
1265 1261
1316 1428
1451 1552
1478 1515
1623 1412
1725 1468
1581 1530
1587 1552
1652 1436
1770 1276

Point Cloud 237:
58 1112
4 1196
39 972
51 1289
63 1286
135 1391
156 1218
188 1428
206 1546
326 671
350 575
317 453
548 767
547 751
559 1914
604 1904
667 1928
629 761
705 1955
1238 1247
1240 1252
1344 1410
1542 1486
1509 1482
1574 1555
1658 1472
1576 1548
1640 1367
1753 1243

Point Cloud 238:
95 1141
97 1140
37 997
93 1273
56 1282
114 1380
205 1225
199 1532
218 1392
340 510
338 574
364 626
499 1931
557 775
627 777
621 765
627 1929
688 1953
575 1938
637 2001
1291 1227
1269 1243
1303 1429
1366 1851
1496 1504
1474 1484
1677 1473
1653 1502
1719 1444
1650 1472
1640 1384
1748 1238

Point Cloud 239:
17 799
3 1143
30 1185
6 1359
46 1265
81 1507
88 1080
135 985
213 936
192 905
379 110
351 125
312 962
319 1654
490 364
488 1615
1223 1672
1241 1786
1336 1511
1455 1327
1325 1284
1467 1317
1398 1296
1376 1272
1380 1381
1322 1020
1602 1485
1487 1507
1525 1577
1533 1515

Point Cloud 240:
46 820
38 1095
2 1313
33 1254
52 1180
72 1467
135 1016
125 945
150 940
210 875
393 126
372 113
312 950
269 1658
489 307
524 1548
1236 1777
1295 1480
1331 1262
1370 1304
1381 1366
1406 1319
1319 1295
1471 1301
1394 1074
1510 1561
1558 1574
1539 1623

Point Cloud 241:
22 793
8 1142
100 1161
27 1270
20 1314
65 1449
116 1026
124 952
174 934
217 934
288 949
268 80
300 1660
440 198
544 1544
1229 1742
1314 1485
1336 1336
1418 1347
1362 1387
1294 1279
1468 1329
1403 1069
1533 1513
1509 1576
1576 1506

Point Cloud 242:
67 809
4 1264
24 1150
10 1149
34 1150
62 1484
96 1075
125 952
120 960
169 921
265 78
268 904
319 1664
434 193
347 131
423 1884
572 1553
1207 1739
1280 1469
1414 1335
1427 1367
1393 1356
1480 1313
1399 1332
1457 1327
1427 1029
1529 1562
1544 1650
1601 1491

Point Cloud 243:
46 815
35 1169
18 1088
5 1175
49 1180
74 1501
137 1052
155 951
295 950
185 953
179 882
292 1664
295 89
353 99
435 1862
452 189
611 1563
682 1985
1176 1834
1238 1773
1307 1480
1406 1356
1434 1384
1447 1416
1390 1355
1444 1321
1466 1308
1465 965
1508 1519
1517 1541
1517 1504
1519 1599

Point Cloud 244:
67 786
83 1165
19 1146
94 1161
20 1200
42 1451
101 1040
155 896
108 931
142 969
329 1667
374 145
313 76
285 910
451 176
584 1556
640 2007
1212 1752
1306 1475
1425 1287
1423 1367
1386 1297
1358 1344
1385 1399
1317 1274
1438 927
1494 1503
1557 1504
1532 1582
1638 1484

Point Cloud 245:
7 1153
15 1298
67 1276
73 1169
75 791
45 1452
74 1104
114 941
160 891
276 895
273 906
343 99
308 112
306 1679
425 201
392 1869
563 1590
1260 1816
1324 1504
1360 1406
1383 1281
1346 1400
1392 1398
1472 1330
1377 1325
1383 1310
1431 906
1531 1631
1499 1541
1545 1571
1588 1458

Point Cloud 246:
0 1138
35 1178
47 1256
62 1169
83 801
54 1448
83 1045
70 1102
138 948
239 121
281 868
243 892
290 1677
306 76
440 185
486 1607
1268 1795
1306 1493
1447 1401
1319 1320
1377 1322
1432 1378
1438 1337
1401 921
1444 1301
1495 1473
1488 1498
1578 1461

Point Cloud 247:
10 1201
9 1104
50 1278
4 1226
70 798
63 1480
57 1121
116 995
151 922
201 129
235 938
226 885
276 1657
302 84
383 1644
401 181
588 1988
1251 1804
1276 1466
1310 1283
1388 1357
1392 1399
1405 1360
1409 1360
1463 1297
1376 981
1529 1527
1491 1521
1532 1602
1602 1477

Point Cloud 248:
12 1130
12 1214
16 1242
23 1169
25 1473
53 796
70 1109
139 969
144 931
173 819
192 147
272 956
254 1673
331 121
360 1665
343 210
416 1883
530 2006
1227 1781
1327 1522
1423 1369
1432 1382
1410 1393
1410 1364
1489 1324
1422 1321
1435 1076
1529 1594
1499 1538
1581 1480

Point Cloud 249:
18 1175
60 1158
57 1261
73 791
64 1096
137 970
150 833
137 930
251 940
301 131
223 133
254 1680
352 183
367 1658
1194 1766
1307 1478
1390 1297
1429 1394
1357 1369
1403 1397
1367 1307
1421 1151
1547 1620
1544 1500
1642 1488

Point Cloud 250:
56 795
27 1167
59 1277
95 1142
71 1283
44 1208
130 992
140 831
187 910
251 959
268 1661
322 169
333 160
260 118
410 1659
1227 1790
1310 1501
1338 1343
1340 1328
1383 1375
1460 1385
1349 1217
1449 1335
1436 1285
1495 1538
1529 1524
1627 1495

Point Cloud 251:
4 836
109 1129
18 1175
11 1163
35 1220
7 1159
125 1026
134 794
140 925
242 929
252 1648
348 114
345 101
363 1654
401 1918
1200 1784
1297 1475
1321 1299
1304 1297
1404 1398
1453 1384
1360 1235
1451 1324
1448 1323
1524 1601
1553 1552
1600 1491

Point Cloud 252:
77 1161
13 1231
95 1146
23 1274
137 822
128 1040
170 899
214 925
334 79
351 207
1322 1508
1361 1344
1432 1375
1411 1392
1406 1385
1466 1334
1424 1314
1538 1613
1510 1547
1599 1477

Point Cloud 253:
11 826
43 1228
104 1163
75 1153
97 1124
35 1283
168 814
122 997
162 898
226 909
262 1686
348 88
340 159
378 1658
379 1936
1196 1785
1306 1496
1472 1393
1418 1397
1340 1294
1363 1377
1368 1380
1383 1327
1541 1536
1529 1555
1648 1487

Point Cloud 254:
5 1228
27 1222
53 1158
4 1238
5 1128
40 1429
139 874
96 801
135 996
222 923
259 178
250 1649
352 140
346 155
363 1665
379 1980
388 1924
1254 1789
1324 1492
1356 1226
1384 1265
1325 1294
1371 1335
1404 1380
1383 1397
1451 1329
1633 1476
1514 1536
1479 1486
1628 1714

Point Cloud 255:
18 1251
12 1148
99 1155
45 1198
14 1218
4 1465
138 1000
97 811
103 819
144 120
239 907
271 1697
350 191
373 111
387 1648
371 1993
401 1911
1267 1800
1307 1476
1449 1297
1375 1304
1450 1341
1424 1388
1424 1316
1384 1363
1358 1342
1602 1456
1544 1495
1554 1502
1519 1591
1609 1646

Point Cloud 256:
26 1220
62 1143
38 1222
8 1122
86 1109
74 1303
37 1465
109 848
130 995
216 128
222 907
246 1668
310 156
344 93
396 1649
359 1951
1268 1813
1311 1508
1332 1214
1418 1295
1420 1295
1378 1397
1389 1332
1423 1383
1479 1398
1499 1496
1501 1513
1541 1593
1597 1615
1643 1469

Point Cloud 257:
21 460
4 741
4 977
165 141
197 849
206 1294
218 723
311 1517
345 1435
396 1607
514 891
508 1997
758 834
801 803
1320 1044
1413 1360
1408 1306
1423 1597
1456 1678
1432 1420
1504 1709
1515 1653
1528 1446
1695 1390
1662 1388
1730 1398
1743 1808

Point Cloud 258:
17 813
11 935
46 723
63 525
248 835
233 1335
200 737
312 1409
314 1531
389 1583
412 876
511 1983
731 819
1331 1033
1366 1308
1416 1358
1424 1458
1416 1699
1435 1298
1481 1685
1544 1642
1521 1474
1639 1342
1662 1397
1719 1780
1772 1417

Point Cloud 259:
31 885
6 874
12 856
132 588
228 831
180 728
208 89
224 1336
260 1357
382 1532
325 1484
416 859
768 820
731 825
1351 1334
1349 1027
1423 1581
1423 1297
1434 1278
1433 1442
1439 1613
1514 1710
1519 1645
1523 1484
1735 1399
1678 1365
1739 1810
1793 1384

Point Cloud 260:
47 725
37 878
123 675
229 793
246 797
209 1338
295 133
297 1389
354 1460
319 1487
370 855
364 2004
369 1528
746 836
794 834
1389 1340
1401 1320
1343 1010
1400 1552
1404 1433
1400 1370
1426 1645
1505 1708
1536 1449
1559 1625
1756 1818
1760 1400
1770 1418
1839 1400

Point Cloud 261:
1 840
1 854
169 764
134 722
170 1368
274 1503
252 1353
332 1502
351 1456
323 773
390 2001
371 96
791 839
1355 1313
1323 1067
1441 1466
1409 1447
1409 1586
1445 1703
1506 1672
1541 1431
1589 1629
1769 1818
1737 1398
1786 1415
1806 1327

Point Cloud 262:
32 809
31 762
55 1097
223 1372
230 1497
233 1470
139 1373
232 789
177 776
139 707
277 1477
356 712
594 111
903 781
1035 683
1308 1335
1338 1016
1369 1629
1368 1316
1468 1635
1458 1433
1463 1361
1543 1617
1532 1471
1812 1362
1845 1368
1814 1400

Point Cloud 263:
16 785
15 797
66 1103
279 1446
163 1413
183 1398
233 1362
230 1429
134 1388
119 772
127 729
129 745
310 2018
336 767
722 118
873 808
1141 441
1290 1301
1330 1073
1329 1309
1377 1543
1350 58
1412 1573
1432 1459
1479 1644
1503 1370
1500 1480
1513 1612
1752 1787
1830 1344
1855 1339
1803 1332

Point Cloud 264:
6 752
50 725
129 673
129 673
176 743
206 1401
202 1453
219 1358
203 1433
224 1466
245 1461
388 783
816 118
878 796
1264 160
1308 1309
1322 1077
1342 1534
1390 1509
1340 1306
1394 1534
1441 1613
1537 1475
1524 1372
1559 1628
1762 1838
1797 1348
1841 1362
1829 1311

Point Cloud 265:
21 772
13 797
5 1363
107 765
234 797
171 1447
199 1451
247 1416
181 1346
168 1478
285 1997
584 821
801 799
942 131
1270 1337
1327 172
1316 1076
1407 1475
1402 1485
1393 1307
1417 1544
1443 1607
1511 1618
1564 1449
1631 1561
1731 1778
1829 1324
1866 1352
1780 1348

Point Cloud 266:
1 813
6 750
15 1356
115 768
234 1433
241 1431
134 1446
174 1394
204 768
604 778
698 769
1041 127
1300 1324
1345 163
1347 1031
1360 1301
1430 1481
1421 1549
1563 1648
1603 1501
1744 1518
1743 1843
1797 1428
1796 1414
1796 1378

Point Cloud 267:
20 729
32 760
23 1459
141 1426
199 1400
209 1384
90 1497
107 715
168 724
177 803
268 1994
659 776
709 786
1067 123
1281 1339
1332 1040
1348 1300
1367 183
1397 1465
1438 1435
1468 1632
1543 1629
1611 1496
1740 1853
1809 1292
1783 1391
1785 1412
1797 1515

Point Cloud 268:
90 790
7 765
2 1421
40 1431
152 776
197 1426
155 1401
147 1427
167 811
221 660
276 2009
656 753
727 815
1217 153
1313 1311
1336 1039
1368 1305
1391 1577
1415 195
1441 1445
1442 1410
1436 1616
1561 1631
1692 1496
1743 1818
1782 1389
1820 1420
1830 1427
1858 1349

Point Cloud 269:
40 745
93 1440
4 1469
26 1385
160 745
102 770
131 1396
235 1431
168 1360
231 1403
171 783
247 647
664 769
756 779
1353 1304
1345 1298
1340 1033
1348 145
1382 1577
1436 1436
1452 1630
1443 311
1547 1399
1511 1620
1753 1487
1739 1792
1833 1342
1850 1384
1839 1301
1855 1357

Point Cloud 270:
20 758
10 747
93 1404
135 1378
82 1390
168 1353
181 1351
82 1434
128 766
124 770
206 785
261 645
692 762
751 758
1354 1371
1297 1074
1368 1293
1390 1541
1431 497
1442 1454
1468 174
1480 1584
1519 1622
1603 1419
1727 1793
1797 1458
1842 1353
1805 1361
1768 1373
1854 1344

Point Cloud 271:
63 764
24 717
31 1432
125 1424
112 769
179 1427
232 1404
144 1344
176 688
204 779
273 613
745 751
801 778
1328 1354
1345 1339
1329 1034
1370 1633
1429 1455
1556 1624
1456 622
1535 139
1818 1389
1840 1354
1844 1381
1845 1305
1796 1301
1755 1383
1750 1826

Point Cloud 272:
24 751
22 713
81 1490
99 1387
122 1417
109 795
216 810
225 1404
263 634
767 778
806 822
1337 1022
1344 1395
1394 1290
1424 1497
1483 1596
1514 836
1521 1623
1675 167
1835 1313
1830 1328
1774 1419
1842 1317
1840 1384
1738 1856

Point Cloud 273:
32 779
105 761
61 806
11 1385
92 1326
87 1494
128 1398
182 781
197 688
189 1438
788 884
798 802
1318 1034
1353 1367
1430 1478
1509 1590
1505 1635
1550 974
1752 1789
1816 1372
1832 1348
1796 1270
1860 1347
1854 1351
1865 1332
1761 173

Point Cloud 274:
43 686
71 721
45 734
24 1349
73 1308
119 1417
95 1380
124 752
212 684
224 1392
250 617
659 850
788 836
1273 1451
1321 1061
1438 1453
1523 1593
1523 1636
1681 1230
1730 1832
1817 1282
1751 1348
1768 1324
1796 1362
1769 1425
1848 186

Point Cloud 275:
73 683
20 723
161 737
46 728
2 1380
48 1310
185 1418
149 1479
123 1398
114 1405
275 654
275 608
327 2001
629 862
824 896
1261 1441
1330 1049
1328 1399
1428 1499
1520 1571
1542 1602
1684 1839
1796 1281
1769 1333
1752 1274
1747 1269
1856 1348
1819 1385
1906 196

Point Cloud 276:
54 694
24 807
120 737
1 724
46 1313
29 1362
216 1360
204 1455
114 1440
95 1370
122 1378
298 651
387 558
531 885
805 876
1190 1765
1287 1441
1329 1051
1325 1386
1345 57
1441 1457
1553 1573
1518 1638
1644 1830
1762 1388
1779 1324
1783 1304
1892 1228
1802 1395
1760 1344
1895 270

Point Cloud 277:
59 779
25 766
154 748
132 740
23 778
65 1409
93 1454
26 1311
40 1291
112 1368
206 1414
71 1386
353 605
421 547
462 889
741 931
1239 1736
1224 1484
1333 1057
1324 1398
1359 56
1439 1420
1530 1656
1608 1568
1597 1755
1828 1322
1811 1325
1778 1446
1871 1360
1774 1331
1769 1450
1900 1230

Point Cloud 278:
31 790
50 766
48 774
76 794
72 713
9 1377
73 1342
16 1294
126 1369
195 1392
131 1327
361 843
383 636
445 511
706 935
1178 1776
1272 1485
1330 1417
1300 1061
1425 1459
1556 1726
1689 1544
1792 1332
1787 1348
1798 1268
1829 1264
1733 1353
1873 1337
1897 1248

Point Cloud 279:
31 765
68 777
14 680
66 781
71 1398
99 1313
190 1292
201 1367
208 784
395 704
425 473
1187 1745
1204 1468
1320 1416
1311 1072
1440 1485
1546 1719
1707 1555
1886 1346
1884 1398
1849 1376
1750 1386
1863 1390
1826 1300
1917 424

Point Cloud 280:
117 750
62 798
37 835
11 722
1 1263
50 1451
51 1412
111 1265
212 1395
217 1408
266 800
354 381
392 756
504 915
1193 1738
1180 1421
1277 1434
1333 1035
1443 1486
1542 1714
1729 1586
1753 1348
1740 1355
1792 1347
1817 1290
1798 1276
1779 1388
1828 1580
1906 417

Point Cloud 281:
37 809
53 808
47 709
100 787
28 1282
150 1395
42 1430
97 1218
215 1385
249 800
300 1309
383 771
364 384
387 853
1190 1738
1162 1397
1275 1428
1334 1043
1442 1465
1575 1759
1661 1550
1818 1386
1851 1358
1799 1358
1811 1381
1806 1315
1737 1370
1796 1765
1904 465

Point Cloud 282:
83 804
16 794
82 781
58 800
12 1267
53 1437
81 1136
133 1404
194 1332
297 759
253 766
355 835
356 386
437 1325
1123 1808
1135 1401
1202 1437
1311 1049
1431 1452
1576 1722
1687 1498
1764 1336
1828 1281
1838 1373
1794 1423
1768 1410
1934 566

Point Cloud 283:
103 755
4 766
122 787
44 775
50 754
26 1066
40 1238
97 1368
125 1389
228 1388
253 756
234 764
385 418
551 1327
1124 1375
1149 1778
1210 1421
1307 1054
1426 1458
1503 1683
1706 1439
1831 1396
1779 1322
1806 1334
1849 1315
1806 1334
1805 755

Point Cloud 284:
130 761
21 761
60 764
53 775
4 808
6 1040
21 1228
107 1321
236 1392
161 1368
269 731
298 733
373 400
731 1201
1089 1870
1148 1405
1219 1377
1319 1050
1438 1494
1552 1721
1703 1473
1845 1309
1789 1391
1824 1323
1786 1324
1831 1387
1922 874

Point Cloud 285:
8 750
61 775
51 735
100 762
51 720
51 1258
52 983
98 1308
204 1361
136 1313
309 716
413 428
914 1182
1110 1831
1147 1388
1290 1039
1445 1501
1566 1721
1800 1293
1692 1461
1839 1368
1791 1346
1759 1399
1785 1348
1868 1764
1880 871

Point Cloud 286:
29 818
2 781
67 745
77 874
31 819
113 805
19 1278
138 1326
145 1281
157 1329
301 767
418 416
1085 1162
1124 1435
1235 1389
1323 1055
1485 1543
1574 1731
1722 1426
1794 1412
1837 1364
1832 1301
1752 1372
1822 1280
1793 1354
1872 1671
1908 1039

Point Cloud 287:
77 867
42 838
27 833
31 707
17 769
33 704
32 1253
97 1300
145 1342
307 809
428 429
1110 1436
1221 1380
1226 1097
1287 1047
1482 1544
1572 1644
1807 1355
1875 1347
1844 1392
1813 1368
1767 1357
1769 1423
1756 1369
1882 1491
1911 1169

Point Cloud 288:
64 786
17 825
47 812
64 816
154 754
76 906
113 1303
140 1312
87 1259
217 1357
306 798
360 373
1125 1480
1151 1415
1261 1064
1346 1067
1484 1566
1603 1696
1566 1697
1797 1384
1804 1323
1809 1316
1777 1316
1735 1411
1827 1354
1781 1316
1889 1379
1711 1415

Point Cloud 289:
55 861
104 759
73 872
56 877
119 761
60 749
109 746
0 1224
164 1302
7 1232
214 1382
317 742
286 758
379 419
1091 1858
1147 1421
1141 1527
1247 1093
1309 1076
1370 62
1588 1676
1508 1583
1798 1282
1770 1373
1788 1434
1822 1295
1900 1216
1806 1331
1890 1327
1761 1334
1775 1427

Point Cloud 290:
128 749
195 773
65 922
88 888
87 851
84 829
69 1278
117 1283
111 1266
161 720
208 1376
318 747
396 416
1083 1804
1137 1433
1147 1518
1334 1087
1247 1095
1345 56
1585 1654
1554 1651
1891 1341
1794 1386
1788 1339
1910 1280
1808 1409
1803 1294
1828 1385
1811 1395
1879 1106

Point Cloud 291:
40 825
39 722
66 782
39 830
8 774
81 896
52 808
35 1301
35 1227
111 1280
194 1356
314 744
369 385
1103 1490
1155 1524
1232 1096
1338 1078
1512 1575
1560 1615
1588 1580
1758 1422
1727 1408
1822 1410
1809 1343
1884 1257
1766 1420
1797 1434
1917 1295
1923 1023

Point Cloud 292:
64 853
69 788
126 769
160 710
64 806
1 765
246 727
25 757
205 716
56 1255
38 1286
83 1281
206 1407
379 412
1124 1806
1109 1476
1148 1598
1276 1093
1296 1059
1552 1653
1483 1574
1880 1362
1748 1349
1770 1306
1755 1363
1803 1331
1775 1415
1858 1314
1770 1367
1800 1388
1923 971

Point Cloud 293:
172 711
14 793
56 791
230 789
62 786
302 752
150 715
61 752
44 1287
47 1249
34 1250
192 1379
410 441
1083 1832
1105 1492
1145 1558
1333 1048
1355 1055
1523 1596
1584 1595
1562 1631
1875 1349
1762 1374
1791 1272
1846 1318
1728 1415
1793 1401
1772 1380
1767 1317
1790 1315
1932 808

Point Cloud 294:
5 812
71 759
60 882
59 756
129 749
8 1250
85 1310
122 1318
192 791
156 749
211 1384
275 747
339 412
1138 1815
1101 1502
1162 1585
1324 1026
1320 1070
1546 1647
1498 1580
1572 1659
1723 1413
1793 1393
1796 1445
1811 1406
1765 1380
1901 1340
1890 1330
1877 1303
1821 1405
1892 699

Point Cloud 295:
61 717
22 785
27 727
20 813
85 824
20 1226
214 1371
178 1349
177 1345
175 770
169 729
278 756
402 409
1090 1489
1124 1622
1369 1049
1343 1080
1518 1565
1572 1665
1562 1641
1792 1309
1840 1392
1723 1411
1793 1393
1784 1394
1883 1281
1799 1312
1735 1411
1899 600

Point Cloud 296:
35 802
55 729
56 757
92 861
17 799
78 1230
164 1349
152 1372
118 1349
159 727
164 698
233 782
226 740
351 480
1103 1838
1154 1581
1128 1521
1335 1029
1371 1057
1387 45
1498 1540
1555 1583
1554 1675
1804 1317
1814 1358
1857 1364
1800 1279
1760 1342
1807 1416
1846 1363
1755 1324
1923 412

Point Cloud 297:
187 672
189 775
33 815
180 729
120 767
99 773
87 834
30 1231
177 1308
140 1374
181 1301
259 777
260 800
333 538
1129 1835
1121 1548
1139 1629
1322 1058
1356 1044
1343 39
1560 1588
1566 1637
1738 1358
1756 1331
1811 1389
1862 1318
1829 1306
1766 1332
1826 1360
1796 1360
1929 306

Point Cloud 298:
9 752
55 794
15 797
194 702
99 808
59 713
45 775
45 1240
150 1310
157 1321
201 1342
227 747
308 806
309 605
1135 1816
1132 1560
1167 1684
1342 1028
1325 1020
1381 63
1488 1543
1548 1587
1560 1634
1821 1259
1764 1495
1780 1340
1758 1417
1835 1378
1807 1252
1862 1329
1784 1398
1861 187

Point Cloud 299:
167 779
74 737
66 848
99 864
6 802
65 717
196 716
58 715
27 1243
231 1287
204 1295
287 658
320 856
1100 1830
1134 1586
1165 1659
1340 1024
1429 1570
1495 1596
1553 1638
1762 1486
1874 1367
1849 1358
1772 1296
1787 1418
1840 1309
1858 1374
1825 1300
1810 188

Point Cloud 300:
149 749
33 751
189 707
21 833
27 730
10 717
197 710
63 1241
165 1289
204 1350
306 642
366 886
1133 1836
1134 1627
1194 1684
1313 1065
1477 1572
1512 1597
1550 1649
1733 189
1753 1352
1812 1393
1873 1373
1845 1281
1775 1440
1795 1447
1800 1288
1844 1382
1729 1347

Point Cloud 301:
119 763
109 765
10 702
120 768
32 794
99 1268
111 1167
170 755
218 720
210 1382
249 1280
301 667
385 870
1182 1746
1159 1765
1153 1684
1280 1058
1449 1553
1493 1573
1600 221
1888 1352
1725 1360
1856 1358
1746 1324
1781 1404
1755 1475
1789 1293
1780 1372
1818 1328

Point Cloud 302:
70 767
34 711
86 779
75 827
100 844
1 1114
55 1251
158 743
206 737
241 1296
208 1373
323 697
343 757
1143 1668
1158 1800
1261 1060
1296 1021
1437 1546
1564 1650
1560 176
1797 1435
1764 1356
1807 1423
1841 1302
1847 1311
1779 1472
1854 1266
1821 1420

Point Cloud 303:
3 708
68 728
67 855
66 758
103 827
84 1262
37 972
178 778
184 688
197 1290
197 1358
321 706
306 647
1122 1645
1178 1782
1191 1737
1297 1023
1279 1060
1439 168
1426 1538
1541 1620
1527 1591
1871 1288
1844 1335
1870 1296
1773 1320
1806 1377
1855 1335
1854 1394
1849 1366

Point Cloud 304:
59 936
12 699
50 724
76 812
87 788
52 761
79 1265
169 740
203 727
190 1370
199 1278
297 663
372 796
1128 1660
1137 1817
1211 1736
1281 1045
1291 1018
1319 213
1443 1513
1547 1655
1567 1643
1854 1384
1873 1298
1858 1345
1744 1499
1759 1358
1819 1289
1803 1395
1780 1337

Point Cloud 305:
92 826
60 769
13 791
104 815
56 912
61 770
57 1258
173 726
144 658
221 1338
215 1378
320 743
349 785
1137 1724
1136 1815
1177 1739
1344 1053
1291 1080
1299 283
1359 54
1448 1511
1573 1650
1805 1344
1770 1322
1817 1261
1730 1353
1832 1277
1794 1270
1820 1390
1855 1348

Point Cloud 306:
144 695
75 775
142 753
21 764
131 765
83 738
35 823
95 769
147 767
85 1269
191 1261
227 1329
333 709
298 665
1148 1748
1166 1786
1195 1664
1346 1060
1273 1023
1305 390
1388 31
1517 1607
1529 1599
1530 1462
1873 1342
1898 1366
1749 1457
1831 1290
1889 1364
1835 1346
1822 1361
1845 1276

Point Cloud 307:
157 696
159 697
38 700
241 726
34 805
238 730
31 748
89 813
50 865
62 1249
209 1256
205 1393
303 690
377 801
1135 1737
1155 1770
1200 1708
1290 1044
1279 439
1342 55
1365 1045
1532 1598
1611 1455
1756 1519
1853 1410
1800 1301
1871 1342
1834 1368
1808 1337
1808 1367

Point Cloud 308:
130 693
230 742
67 754
12 822
67 821
13 770
54 717
214 710
199 684
69 1279
210 1315
207 1323
305 654
336 773
1122 1736
1122 1831
1180 1684
1289 586
1322 1062
1336 44
1413 1052
1567 1593
1629 1462
1679 1612
1745 1489
1769 1446
1808 1330
1855 1255
1886 1333
1808 1321
1801 1319
1835 1398

Point Cloud 309:
41 752
92 752
7 823
31 810
41 756
61 778
56 865
51 1260
131 1317
180 684
146 674
160 763
227 1364
265 783
315 712
1145 1761
1185 1710
1195 1678
1274 675
1355 1043
1440 1041
1555 1621
1608 1461
1618 1602
1768 1491
1772 1479
1813 1328
1736 1347
1878 1360
1849 1312
1785 1340
1807 1383

Point Cloud 310:
109 764
45 832
26 712
81 768
45 775
11 802
60 1260
49 1252
181 680
164 781
239 736
156 697
200 1378
317 673
1136 1713
1155 1769
1222 740
1353 1040
1435 1116
1532 1603
1657 1449
1730 1385
1824 1378
1802 1379
1819 1387
1859 1330
1793 1267
1845 1273
1774 1499

Point Cloud 311:
102 788
38 858
96 768
57 710
46 791
71 866
67 1266
96 1283
197 672
204 732
206 695
192 1385
311 703
1125 1704
1136 1787
1168 1778
1217 853
1428 1100
1464 1166
1530 1605
1658 1435
1700 1437
1884 1341
1890 1369
1878 1363
1845 1318
1857 1344
1757 1344
1754 1506

Point Cloud 312:
30 706
36 822
102 784
23 792
3 845
37 795
43 1330
106 1298
191 731
241 700
230 780
201 1384
287 715
1121 1734
1138 1805
1161 1767
1212 889
1417 1070
1455 1223
1611 1656
1644 1442
1764 1419
1775 1459
1807 1354
1817 1297
1892 1348
1779 1360
1870 1282
1894 1279

Point Cloud 313:
98 860
20 713
28 835
100 849
46 864
25 810
44 1305
105 1256
163 770
191 776
186 1377
261 674
328 679
1125 1732
1133 1786
1185 1735
1221 933
1435 1197
1473 1275
1621 1642
1642 1414
1744 1415
1750 1481
1790 1325
1824 1376
1792 1348
1831 1362
1856 1380
1810 1272

Point Cloud 314:
106 781
46 747
92 732
7 842
96 874
39 729
198 716
188 782
30 799
160 747
37 1301
94 1159
194 1373
1132 1755
1126 1820
1189 1720
1230 941
1470 1198
1513 1621
1544 1392
1613 1570
1681 1433
1752 1447
1771 1469
1804 1262
1859 1407
1809 1375
1825 1336
1871 1260
1856 1409

Point Cloud 315:
53 820
93 845
226 731
3 859
196 772
161 808
165 739
40 706
195 815
73 1348
178 1029
230 1361
275 707
239 693
1147 1796
1181 1766
1234 985
1466 1192
1537 1620
1569 1473
1615 1614
1674 1423
1733 1423
1757 1430
1845 1275
1799 1280
1812 1405
1858 1287
1833 1311
1817 1343

Point Cloud 316:
169 730
119 828
171 758
221 720
150 745
15 846
8 828
226 720
51 752
66 1341
163 955
205 1374
276 704
238 704
1130 1706
1118 1824
1205 1087
1383 1211
1601 1618
1594 1545
1692 1455
1731 1520
1729 1429
1885 1334
1880 1362
1878 1370
1839 1334
1849 1416
1802 1288

Point Cloud 317:
20 785
64 749
186 799
164 832
13 848
32 736
70 794
233 742
119 824
107 798
126 770
69 1310
229 1360
226 634
260 736
1130 1718
1187 1748
1190 1074
1346 52
1398 1187
1603 1588
1599 1546
1620 1448
1731 1423
1759 1496
1880 1260
1847 1288
1814 1278
1860 1257
1856 1393
1821 1370

Point Cloud 318:
95 751
147 726
55 787
6 857
187 761
44 766
104 819
133 885
115 751
50 747
60 1331
201 1389
266 703
294 716
1113 1677
1161 1776
1175 1708
1234 1137
1428 1196
1577 1612
1596 1607
1655 1467
1764 1436
1756 1430
1866 1263
1785 1395
1801 1264
1844 1313
1809 1335
1850 1336

Point Cloud 319:
94 834
51 723
88 737
187 804
143 754
174 752
133 832
177 725
82 876
140 869
50 1323
203 1396
271 670
268 732
1108 1693
1144 1801
1233 1124
1385 1210
1616 1569
1566 1452
1677 1441
1735 1518
1751 1430
1817 1291
1845 1295
1757 1353
1791 1368
1828 1380
1814 1273

Point Cloud 320:
215 779
77 848
134 792
147 719
136 721
194 825
214 754
35 833
167 808
10 819
27 812
48 1313
198 1348
278 747
271 675
1107 1689
1144 1796
1211 1706
1234 1125
1384 44
1627 1547
1605 1575
1626 1526
1674 1486
1736 1513
1757 1472
1707 1478
1756 1335
1878 1355
1858 1255
1878 1346
1777 1292
1738 1333
1799 1276
1772 1336

Point Cloud 321:
93 857
91 828
100 745
178 834
38 859
36 866
201 815
45 849
78 743
32 788
19 863
125 1361
227 1358
319 693
253 695
1127 1751
1174 1766
1235 1750
1269 1251
1267 1222
1371 24
1623 1585
1601 1564
1578 1604
1763 1469
1738 1487
1781 1461
1713 1402
1773 1359
1857 1286
1902 1320
1853 1255
1799 1294
1898 1322
1903 1271
1806 1333

Point Cloud 322:
91 778
58 744
108 795
157 712
271 746
276 708
268 740
34 788
167 763
144 733
300 721
164 1373
206 841
231 1354
1160 1772
1219 1725
1301 1298
1304 1171
1582 1578
1608 1578
1619 1536
1763 1499
1716 1387
1706 1445
1822 1410
1823 1346
1867 1304
1858 1325
1798 1371
1781 1283
1774 1328

Point Cloud 323:
80 804
61 748
145 733
106 796
243 670
17 872
42 795
198 739
209 722
12 783
260 742
169 1341
311 1352
271 824
1123 1750
1187 1776
1194 1696
1297 1202
1290 1286
1593 1584
1582 1597
1626 1525
1750 1394
1875 1338
1838 1414
1789 1434
1827 1384
1803 1383
1762 1322
1772 1385
1745 1453
1797 1401
1814 1300

Point Cloud 324:
24 757
133 792
177 787
96 863
76 846
72 798
108 795
76 694
218 738
98 745
44 792
208 1363
285 1402
332 809
1160 1796
1222 1726
1334 1312
1285 1199
1567 1458
1620 1523
1640 1537
1751 1501
1893 1335
1840 1317
1801 1381
1837 1459
1843 1273
1849 1290
1873 1335
1814 1444
1783 1374

Point Cloud 325:
114 760
157 743
12 811
252 717
52 866
46 838
112 777
109 817
88 856
144 829
192 786
90 866
231 1306
289 1390
379 728
1110 1702
1195 1770
1285 1778
1282 1270
1256 1224
1337 45
1588 1541
1567 1473
1624 1516
1772 1435
1843 1389
1882 1330
1709 1487
1762 1440
1710 1478
1765 1372
1768 1479
1834 1400
1839 1263

Point Cloud 326:
133 752
101 792
68 704
47 810
74 811
96 699
67 824
150 731
188 724
11 855
228 731
50 772
232 1434
213 1269
343 724
1123 1688
1178 1773
1237 1734
1263 1213
1287 1214
1390 58
1595 1591
1607 1558
1597 1547
1788 1369
1826 1350
1857 1284
1685 1454
1703 1478
1839 1264
1864 1353
1690 1460
1780 1304
1794 1295

Point Cloud 327:
154 718
104 869
188 706
149 816
156 794
100 879
230 733
220 710
61 818
24 789
0 775
113 1489
203 1284
281 678
277 710
1124 1760
1164 1795
1247 1350
1232 1729
1275 1235
1364 60
1571 1471
1584 1499
1593 1527
1797 1466
1673 1443
1726 1493
1804 1309
1808 1314
1792 1396
1815 1276
1843 1333
1746 1353
1871 1313

Point Cloud 328:
21 840
191 744
31 788
44 715
58 866
117 845
138 749
228 747
7 842
93 777
63 771
120 1206
275 731
337 679
1119 1740
1172 1767
1167 1343
1280 1697
1258 1319
1376 50
1631 1575
1574 1458
1627 1534
1742 1444
1850 1265
1719 1459
1793 1306
1686 1464
1834 1296
1773 1440
1840 1329
1678 1442
1759 1478

Point Cloud 329:
156 810
214 726
56 792
183 795
186 801
173 759
1 867
13 805
171 814
92 864
75 1162
268 738
338 686
1140 1759
1179 1761
1187 1341
1269 1292
1254 1726
1605 1527
1576 1461
1620 1552
1754 1445
1778 1394
1795 1453
1906 1305
1778 1364
1868 1356
1819 1407
1845 1266
1766 1387
1858 1305

Point Cloud 330:
197 727
137 812
146 794
82 796
187 821
227 747
66 800
147 752
70 863
77 843
250 675
291 729
364 787
1118 1718
1236 1745
1257 1320
1258 1698
1633 1579
1548 1460
1633 1515
1762 1369
1723 1465
1784 1436
1849 1308
1899 1307
1824 1405
1730 1456
1901 1300
1825 1319
1848 1352
1866 1393

Point Cloud 331:
114 746
20 873
13 738
116 698
82 854
163 805
38 819
140 836
105 797
118 719
80 745
272 731
297 795
1130 1753
1231 1753
1229 1332
1260 1210
1320 1728
1646 1544
1609 1599
1612 1541
1881 1373
1757 1383
1787 1482
1787 1461
1887 1306
1904 1324
1851 1406
1795 1359
1756 1346
1737 1480

Point Cloud 332:
173 829
273 718
88 806
196 757
219 717
19 764
219 808
102 806
77 708
232 742
8 856
3 856
226 729
101 861
1177 1775
1199 1774
1299 1191
1312 1742
1345 38
1589 1570
1603 1526
1607 1535
1775 1307
1783 1358
1771 1354
1826 1405
1765 1453
1840 1402
1710 1488
1845 1374
1789 1494
1743 1462

Point Cloud 333:
9 837
52 784
238 779
104 817
97 777
58 693
143 795
62 740
243 772
167 780
214 742
167 823
103 803
48 691
1134 1749
1252 1766
1291 1194
1284 1203
1307 1763
1381 49
1570 1474
1644 1588
1632 1510
1844 1390
1806 1321
1852 1350
1794 1396
1688 1449
1692 1470
1831 1340
1805 1295
1823 1320
1821 1398

Point Cloud 334:
122 825
232 788
140 816
176 842
221 745
42 764
141 801
239 767
45 815
59 767
78 806
74 837
101 810
206 725
1133 1752
1256 1761
1240 1220
1317 1710
1376 54
1642 1589
1596 1542
1644 1572
1654 1440
1776 1497
1759 1508
1865 1408
1846 1296
1868 1384
1869 1372
1905 1321
1833 1282
1731 1353

Point Cloud 335:
145 760
145 838
254 734
214 736
151 784
179 729
135 789
175 745
104 784
81 789
78 804
205 805
1276 1772
1273 1192
1320 1727
1332 1251
1637 1588
1625 1547
1626 1511
1728 1441
1834 1354
1887 1321
1832 1264
1772 1398
1832 1310
1903 1351
1770 1510

Point Cloud 336:
230 685
30 795
85 830
96 937
98 743
208 703
149 818
241 743
75 857
18 824
232 788
298 729
1087 1712
1308 1189
1299 1695
1355 1213
1656 1434
1678 1502
1602 1557
1611 1588
1866 1284
1853 1333
1837 1318
1826 1296
1816 1349
1844 1286
1795 1362
1798 1490

Point Cloud 337:
22 880
242 708
255 740
168 830
162 815
117 693
140 817
31 811
264 727
116 745
2 927
46 789
261 810
1097 1698
1236 1766
1303 1182
1315 1720
1337 1238
1714 1481
1590 1513
1559 1484
1619 1544
1645 1536
1886 1311
1913 1308
1861 1351
1876 1284
1772 1389
1777 1343
1832 1303
1778 1518

Point Cloud 338:
12 766
61 738
69 924
186 813
133 828
232 711
54 850
3 782
156 835
211 806
38 882
219 696
29 799
66 807
1106 1735
1223 1756
1298 1193
1318 1739
1390 1264
1608 1571
1642 1544
1577 1455
1712 1486
1579 1460
1806 1271
1884 1367
1772 1399
1866 1372
1779 1431
1760 1437
1854 1314
1734 1356
1780 1479

Point Cloud 339:
10 891
182 809
205 809
67 803
120 832
38 888
72 765
131 866
36 877
236 815
57 897
285 714
42 849
252 769
82 768
1096 1703
1269 1753
1309 1691
1359 1252
1366 38
1430 1291
1618 1511
1697 1484
1579 1534
1703 1472
1594 1571
1853 1399
1853 1288
1850 1327
1790 1373
1770 1514
1837 1391
1898 1282
1888 1311

Point Cloud 340:
91 770
206 681
70 782
139 751
142 798
109 854
87 892
250 805
105 749
214 755
215 745
21 848
245 817
97 877
89 787
1112 1729
1283 1771
1312 1707
1333 1225
1353 49
1491 1276
1600 1587
1632 1578
1650 1531
1617 1533
1683 1468
1842 1303
1872 1329
1861 1393
1801 1285
1857 1383
1799 1463
1854 1379
1790 1467

Point Cloud 341:
10 818
72 936
15 764
29 766
41 794
188 734
212 728
36 905
92 744
72 883
245 677
78 785
150 833
80 731
66 928
95 700
1095 1679
1217 1768
1295 1710
1354 58
1414 1259
1501 1241
1611 1472
1601 1558
1576 1466
1614 1493
1648 1517
1864 1303
1761 1495
1803 1294
1760 1489
1860 1291
1757 1423
1882 1300
1811 1280

Point Cloud 342:
58 865
87 727
88 690
89 854
18 867
105 784
75 744
198 776
156 699
141 863
156 816
127 814
7 822
135 861
1292 1693
1389 1243
1525 1204
1569 1495
1642 1527
1592 1590
1640 1456
1777 1328
1825 1320
1781 1365
1841 1325
1822 1325
1741 1346
1767 1338
1793 1465

Point Cloud 343:
136 848
63 798
148 838
10 777
218 735
74 753
180 823
141 809
63 806
93 737
131 804
17 784
141 746
75 800
190 947
1115 1715
1265 1762
1319 1723
1503 1228
1534 1208
1568 1491
1598 1542
1619 1438
1643 1581
1678 1471
1861 1408
1822 1344
1862 1363
1797 1412
1787 1402
1782 1414
1786 1470
1810 1306
1906 1311

Point Cloud 344:
206 733
40 753
75 740
54 909
25 783
122 852
116 846
14 858
95 708
46 831
100 802
92 780
151 856
203 941
1263 1748
1331 1721
1584 1186
1497 1219
1667 1462
1637 1470
1548 1476
1662 1493
1644 1572
1824 1308
1785 1443
1840 1410
1826 1310
1755 1328
1835 1375
1917 1296
1813 1342

Point Cloud 345:
144 847
78 800
84 857
220 780
125 719
220 726
79 836
152 802
31 777
156 740
160 709
80 824
114 774
65 817
219 959
1106 1732
1325 1680
1353 49
1497 1224
1583 1557
1586 1572
1598 1576
1615 1470
1608 1500
1604 1180
1873 1289
1847 1368
1872 1327
1833 1312
1816 1325
1746 1494
1837 1359
1788 1289

Point Cloud 346:
46 801
92 916
76 871
116 932
92 745
130 809
24 864
18 833
102 705
113 862
171 837
96 730
125 818
125 812
187 932
1089 1704
1221 1780
1314 1769
1360 43
1569 1185
1669 1462
1554 1467
1614 1528
1680 1480
1600 1499
1609 1140
1833 1347
1748 1355
1811 1347
1793 1350
1803 1327
1762 1433
1791 1436
1809 1412

Point Cloud 347:
172 827
74 821
167 817
109 919
81 774
99 834
77 874
133 842
137 740
174 726
148 775
76 756
45 912
56 855
217 943
1105 1695
1234 1773
1596 1170
1629 1136
1621 1469
1638 1511
1638 1571
1601 1562
1635 1458
1799 1403
1756 1399
1730 1443
1777 1418
1755 1404
1826 1362
1823 1283
1797 1291

Point Cloud 348:
76 908
143 784
60 894
73 768
120 822
100 895
58 823
68 871
95 882
48 862
129 794
114 913
79 883
177 923
1283 1752
1368 1714
1640 1570
1674 1502
1648 1480
1604 1541
1657 1517
1619 1179
1686 1131
1797 1374
1786 1362
1871 1313
1823 1390
1771 1340
1805 1347
1830 1322
1770 1444
1752 1368

Point Cloud 349:
40 825
118 851
93 871
169 810
80 925
74 793
199 714
164 694
92 841
31 846
51 761
130 692
182 938
1234 1738
1351 1744
1617 1443
1649 1518
1593 1593
1583 1533
1649 1541
1656 1143
1735 1161
1857 1302
1809 1385
1880 1368
1777 1427
1839 1294
1769 1394
1860 1341
1852 1416

Point Cloud 350:
57 771
113 864
25 884
57 881
178 757
75 795
147 784
161 821
83 857
116 821
51 862
28 789
129 777
170 927
1264 1758
1327 1738
1609 1591
1615 1460
1575 1494
1610 1583
1658 1571
1702 1179
1647 1144
1786 1323
1797 1341
1897 1310
1815 1358
1748 1489
1796 1284
1826 1317

Point Cloud 351:
90 744
54 735
56 743
132 787
77 916
88 820
148 751
96 788
27 755
36 911
137 839
9 859
191 937
1265 1745
1378 1730
1690 1521
1651 1523
1666 1509
1656 1562
1687 1196
1668 1178
1841 1364
1815 1398
1742 1410
1834 1361
1804 1351
1814 1341
1875 1385

Point Cloud 352:
186 744
75 748
39 718
1 783
128 844
53 758
49 926
85 883
46 768
171 852
109 771
48 777
237 957
1294 1757
1380 1741
1641 1578
1642 1577
1576 1498
1609 1538
1655 1149
1678 1170
1730 1468
1729 1474
1827 1299
1845 1290
1780 1353
1769 1340
1805 1287

Point Cloud 353:
142 883
89 779
133 698
124 843
117 792
12 752
79 770
173 754
207 722
88 828
47 926
23 736
91 716
230 952
1287 1748
1334 1741
1654 1516
1694 1519
1622 1454
1651 1533
1606 1200
1631 1151
1757 1481
1793 1349
1784 1459
1833 1291
1805 1339
1827 1285
1753 1461

Point Cloud 354:
146 745
39 901
33 790
158 759
125 810
16 723
120 712
59 891
101 818
52 826
25 688
140 711
78 918
80 1491
188 937
721 7
1117 1730
1242 1740
1357 1743
1352 42
1632 1530
1559 1478
1604 1604
1699 1519
1620 1553
1620 1159
1617 1173
1809 1367
1794 1373
1804 1461
1721 1338
1788 1277
1792 1340
1776 1403
1770 1455

Point Cloud 355:
77 840
30 705
85 813
96 748
101 716
16 926
129 728
75 869
156 788
161 688
54 743
11 856
33 814
107 1498
203 921
1137 1741
1221 1753
1342 1743
1578 1456
1688 1511
1582 1484
1614 1493
1581 1498
1607 1193
1657 1175
1791 1416
1781 1323
1803 1306
1816 1304
1745 1398
1755 1490
1800 1475
1789 1406

Point Cloud 356:
101 735
9 730
114 789
30 912
91 911
146 807
172 744
88 723
108 761
60 723
166 817
51 839
149 788
214 1480
199 911
1104 1712
1284 1762
1302 1730
1388 63
1620 1496
1613 1493
1569 1470
1635 1552
1662 1514
1584 1222
1634 1214
1893 1329
1781 1467
1808 1339
1750 1410
1910 1336
1879 1333
1776 1470
1779 1418

Point Cloud 357:
0 908
147 851
137 803
16 705
74 757
64 819
28 707
59 772
35 769
56 844
68 920
25 897
162 782
232 907
325 1455
1136 1750
1225 1762
1364 34
1684 1496
1620 1517
1626 1545
1646 1531
1656 1327
1639 1237
1772 1327
1739 1349
1791 1373
1763 1415
1804 1324
1911 1305
1769 1414

Point Cloud 358:
34 923
95 916
66 698
52 898
10 725
129 730
33 713
32 895
10 827
49 871
41 773
30 857
2 704
228 893
342 1432
1114 1741
1237 1744
1355 1735
1609 1536
1633 1568
1662 1504
1623 1528
1640 1327
1654 1240
1704 1299
1738 1477
1803 1305
1857 1296
1809 1386
1789 1377
1779 1309

Point Cloud 359:
161 790
46 726
149 773
164 782
130 792
68 808
146 801
153 694
175 812
124 840
6 777
84 820
246 917
378 1360
1114 1702
1272 1761
1316 1743
1555 1489
1646 1503
1605 1587
1621 1470
1643 1547
1649 1301
1708 1348
1880 1361
1790 1288
1732 1415
1767 1362
1842 1351
1757 1308
1790 1394

Point Cloud 360:
52 779
107 766
92 808
161 819
79 778
66 711
46 856
87 721
5 705
119 843
10 693
111 803
220 900
358 1200
1132 1675
1217 1758
1319 1741
1639 1498
1680 1502
1625 1467
1602 1544
1624 1480
1789 1448
1704 1354
1654 1288
1778 1414
1725 1341
1853 1331
1629 1298
1753 1461
1842 1317

Point Cloud 361:
168 740
1 769
24 766
121 820
180 839
146 756
63 814
62 742
26 813
92 895
115 826
56 903
325 1126
1069 1706
1327 1733
1656 1510
1661 1483
1656 1519
1641 1511
1615 1498
1632 1308
1657 1388
1815 1400
1781 1390
1747 1418
1789 1415
1811 1388
1785 1474

Point Cloud 362:
17 752
110 758
72 797
50 725
10 762
162 701
182 827
122 818
73 815
129 816
54 909
205 851
286 1002
1063 1718
1224 1778
1368 1729
1639 1460
1645 1482
1642 1502
1622 1524
1651 1297
1653 1400
1853 1280
1869 1371
1829 1301
1767 1460
1841 1333
1766 1367

Point Cloud 363:
77 751
13 752
135 851
196 725
113 808
100 752
92 739
174 835
7 812
88 918
94 892
264 980
1096 1723
1296 1752
1373 1746
1589 1503
1653 1445
1645 1433
1640 1527
1641 1333
1674 1377
1705 1494
1737 1397
1748 1447
1738 1436
1757 1452
1746 1473
1828 1323

Point Cloud 364:
153 723
98 704
116 777
84 818
76 709
25 757
60 759
94 784
95 905
74 912
210 925
1100 1688
1346 1722
1560 1461
1642 1484
1585 1484
1659 1467
1590 1388
1647 1312
1708 1643
1767 1371
1780 1364
1726 1417
1784 1436
1732 1429
1808 1299

Point Cloud 365:
54 704
193 822
19 742
166 843
66 787
70 725
44 768
148 716
133 736
26 911
79 911
233 949
1178 1747
1240 1762
1315 1733
1613 1543
1593 1518
1620 1461
1659 1514
1606 1341
1646 1399
1754 1321
1819 1307
1758 1308
1830 1330
1698 1457
1771 1358

Point Cloud 366:
182 841
34 803
12 818
166 775
99 817
97 739
93 775
93 789
72 723
75 881
34 897
189 893
227 957
1173 1733
1257 1754
1370 1751
1597 1465
1646 1504
1583 1511
1545 1480
1628 1426
1611 1338
1808 1297
1744 1454
1791 1460
1789 1439
1864 1377
1740 1473

Point Cloud 367:
117 734
97 787
27 687
135 724
22 810
160 781
150 768
115 797
96 750
118 753
85 816
30 671
151 720
157 946
1125 1741
1283 1751
1295 1717
1546 1471
1678 1504
1626 1549
1656 1483
1615 1416
1598 1324
1790 1430
1796 1406
1827 1343
1804 1433
1810 1447
1785 1310

Point Cloud 368:
21 900
54 806
100 895
73 767
199 920
54 932
40 798
19 685
109 937
92 928
14 779
61 896
133 730
33 788
204 861
1119 1749
1299 1718
1354 45
1641 1497
1629 1437
1655 1447
1626 1524
1555 1474
1600 1344
1792 1336
1825 1370
1776 1452
1790 1382
1701 1434
1729 1440

Point Cloud 369:
29 797
26 693
12 681
147 924
92 798
142 786
66 733
24 694
98 943
75 772
84 712
5 741
194 897
189 811
88 814
142 653
1115 1747
1292 1759
1572 1505
1622 1495
1574 1464
1633 1525
1615 1299
1593 1522
1754 1465
1762 1359
1863 1360
1799 1362
1874 1347
1827 1351

Point Cloud 370:
105 858
141 957
69 865
90 737
144 823
176 861
66 935
141 837
13 721
165 923
126 844
101 830
134 750
108 913
43 697
143 595
1118 1718
1242 1771
1597 1551
1598 1542
1623 1461
1622 1504
1580 1447
1620 1394
1738 1379
1839 1335
1789 1339
1706 1432
1841 1355
1810 1420

Point Cloud 371:
23 767
139 777
74 852
3 681
116 883
169 825
98 901
110 905
109 730
131 819
86 698
107 857
161 941
89 707
81 550
1273 1747
1588 1512
1639 1480
1610 1376
1592 1529
1587 1452
1615 1490
1774 1363
1779 1458
1800 1391
1715 1398
1802 1345
1866 1391
1732 1427

Point Cloud 372:
111 877
159 801
68 692
131 809
35 827
103 850
106 952
85 831
116 921
153 776
91 740
151 754
69 920
166 823
45 447
743 15
1026 1718
1288 1725
1349 46
1595 1429
1579 1459
1580 1459
1654 1503
1593 1568
1641 1553
1594 1382
1833 1334
1802 1401
1778 1425
1844 1340
1749 1429
1788 1334
1708 1391
1700 1398
1764 1932

Point Cloud 373:
113 685
172 838
130 769
168 856
159 789
111 881
100 861
101 900
123 959
73 775
18 765
133 785
139 708
137 747
211 472
702 6
1032 1707
1253 1703
1337 41
1641 1514
1603 1508
1623 1354
1596 1421
1587 1440
1580 1470
1614 1594
1849 1363
1798 1329
1815 1364
1856 1389
1797 1377
1831 1331
1694 1434
1802 1718

Point Cloud 374:
189 828
54 810
183 901
233 843
72 824
175 940
109 922
122 781
127 843
148 915
126 846
40 739
78 782
114 743
156 672
138 853
463 520
726 19
1035 1701
1253 1743
1248 1808
1401 25
1584 1462
1698 1372
1838 1328
1612 1528
1626 1431
1641 1507
1820 1425
1577 1469
1633 1351
1779 1367
1863 1378
1838 1377
1653 1503
1603 1354
1642 1558
1826 1558

Point Cloud 375:
112 842
95 868
133 758
135 685
168 845
68 813
124 774
167 836
168 815
153 697
83 738
139 707
224 896
253 806
493 377
1012 1729
1288 1728
1334 33
1604 1582
1843 1379
1638 1456
1845 1404
1637 1423
1643 1511
1652 1527
1818 1455
1566 1492
1745 1427
1668 1437
1790 1369
1617 1505
1633 1408
1839 1532

Point Cloud 376:
119 734
78 934
125 689
59 755
57 878
100 766
119 832
92 815
57 819
69 807
72 908
188 904
273 734
479 182
1015 1726
1252 1799
1621 1373
1658 1443
1600 1431
1658 1463
1585 1531
1734 1480
1772 1427
1595 1472
1667 1461
1755 1393
1797 1416
1736 1444
1808 1406
1622 1432

Point Cloud 377:
107 807
90 774
79 848
166 772
33 794
3 705
122 741
28 716
21 858
114 770
58 897
198 902
235 689
482 176
1015 1726
1267 1737
1582 1445
1621 1369
1740 1408
1627 1529
1663 1471
1742 1452
1623 1467
1570 1492
1596 1385
1802 1427
1628 1469
1657 1465
1782 1455
1601 1518

Point Cloud 378:
108 882
20 765
20 886
76 703
115 800
100 757
95 736
197 854
41 699
214 886
119 826
159 705
159 838
1023 1725
1266 1748
1602 1571
1807 1359
1696 1451
1718 1446
1602 1335
1672 1393
1750 1381
1819 1353
1562 1496
1746 1462
1630 1491
1583 1530
1742 1385
1606 1564

Point Cloud 379:
27 839
45 722
142 832
101 751
30 813
55 769
143 701
153 772
57 723
124 737
11 899
115 719
63 814
255 438
1015 1719
1250 1781
1310 1711
1562 1458
1823 1379
1803 1359
1753 1400
1752 1379
1655 1508
1882 1365
1773 1415
1567 1470
1589 1511
1629 1554
1799 1410
1711 1437

Point Cloud 380:
59 683
116 839
99 760
107 828
37 708
145 859
23 885
62 754
109 745
68 793
65 778
173 718
102 802
128 774
40 434
991 1713
1302 1717
1296 1736
1384 53
1758 1450
1792 1354
1805 1351
1883 1366
1703 1429
1597 1409
1855 1390
1874 1414
1857 1424
1815 1348
1612 1517
1583 1391
1644 1470
1597 1371

Point Cloud 381:
63 809
129 843
24 798
203 897
153 802
166 776
68 687
200 919
134 726
25 832
201 876
19 694
195 691
37 513
1060 1684
1241 1752
1744 1388
1591 1539
1787 1422
1562 1411
1592 1487
1646 1544
1778 1365
1771 1465
1718 1432
1863 1330
1587 1589
1589 1578
1886 1375

Point Cloud 382:
152 822
206 915
179 863
59 838
48 742
44 707
153 700
33 834
160 873
47 604
41 756
145 797
16 645
186 749
998 1705
1267 1740
1312 1700
1554 1478
1776 1380
1802 1392
1881 1328
1601 1485
1719 1373
1658 1462
1602 1539
1557 1437
1796 1360
1615 1519
1573 1359
1581 1488

Point Cloud 383:
68 723
120 739
190 853
43 722
103 789
133 819
141 780
47 742
42 787
51 736
130 721
151 712
199 759
1285 1750
1257 1709
1560 1419
1640 1557
1623 1573
1616 1506
1605 1461
1558 1441
1734 1356
1715 1375
1795 1415
1822 1348
1819 1398
1871 1276

Point Cloud 384:
127 840
89 750
85 767
89 849
92 757
18 713
145 843
178 870
115 822
130 845
117 772
23 764
274 778
1033 1689
1316 1709
1846 1355
1587 1564
1805 1407
1853 1391
1643 1493
1730 1404
1787 1350
1641 1552
1827 1433
1636 1534
1813 1412
1643 1492
1609 1580
1850 1268

Point Cloud 385:
151 806
2 730
86 844
106 774
132 830
56 815
27 801
118 803
208 894
11 791
89 798
107 770
77 850
268 778
1018 1734
1254 1714
1354 62
1665 1444
1644 1441
1826 1338
1612 1462
1558 1478
1780 1431
1559 1457
1657 1511
1552 1445
1550 1449
1802 1342
1583 1415
1521 1429
1882 1309

Point Cloud 386:
58 753
99 867
78 756
109 898
49 772
45 784
71 802
22 803
109 927
101 657
123 779
164 694
103 884
271 760
1024 1734
1264 1729
1245 1759
1385 60
1534 1456
1608 1400
1577 1506
1585 1442
1595 1497
1783 1386
1712 1409
1622 1424
1627 1416
1632 1415
1607 1402
1605 1420
1630 1503
1860 1228

Point Cloud 387:
153 676
77 726
135 856
65 683
31 686
109 670
58 788
60 818
33 689
153 865
105 701
83 939
180 857
304 739
1076 1781
1191 1750
1193 1816
1356 64
1753 1399
1833 1404
1599 1552
1627 1439
1557 1432
1604 1552
1754 1333
1743 1352
1591 1496
1876 1457
1620 1516
1614 1398
1876 1209

Point Cloud 388:
27 775
25 768
104 746
85 836
35 818
207 887
131 849
154 719
122 787
30 691
210 892
162 959
317 687
1258 1711
1120 1781
1183 1811
1595 1455
1640 1441
1764 1410
1752 1384
1773 1339
1704 1422
1772 1359
1636 1420
1866 1438
1869 1381
1754 1379
1600 1408
1896 1215

Point Cloud 389:
10 772
148 712
18 749
164 894
133 678
112 744
121 763
143 865
64 768
62 821
108 661
160 891
190 656
1192 1814
1149 1796
1202 1739
1620 1575
1633 1473
1642 1569
1623 1425
1619 1515
1533 1418
1583 1560
1759 1438
1754 1405
1817 1347
1719 1414
1712 1417
1829 1370
1796 1275

Point Cloud 390:
124 699
25 768
120 744
136 672
53 831
26 713
136 798
3 810
175 664
120 653
157 868
198 840
51 805
89 796
1150 1748
1219 1749
1142 1782
1363 43
1589 1450
1636 1458
1546 1400
1527 1415
1554 1432
1632 1548
1666 1445
1540 1408
1770 1414
1875 1428
1751 1404
1736 1335
1723 1345
1770 1306
1845 1386

Point Cloud 391:
86 866
119 830
128 859
148 737
109 791
59 718
78 782
243 655
179 793
138 679
49 833
69 731
90 879
187 899
719 29
1168 1827
1171 1773
1206 1749
1393 52
1734 1361
1776 1415
1627 1462
1530 1431
1605 1602
1855 1353
1603 1495
1751 1381
1867 1442
1706 1406
1603 1577
1616 1406
1638 1401
1606 1514
1640 1545
1836 1408

Point Cloud 392:
140 686
92 814
139 813
147 736
128 853
85 843
145 667
80 751
182 784
27 776
11 830
51 737
227 886
196 658
1127 1805
1203 1723
1171 1725
1359 53
1574 1523
1561 1391
1634 1483
1566 1390
1536 1406
1614 1528
1612 1430
1558 1435
1802 1371
1686 1388
1854 1356
1827 1404
1819 1358
1818 1348

Point Cloud 393:
157 725
160 639
186 666
78 684
184 711
189 658
165 786
48 727
146 671
112 779
191 791
20 677
82 712
46 734
201 835
1136 1763
1210 1760
1182 1709
1373 45
1426 1464
1622 1481
1627 1540
1686 1523
1634 1470
1636 1406
1602 1415
1555 1439
1649 1546
1730 1336
1827 1370
1745 1365
1782 1343
1751 1353
1750 1340

Point Cloud 394:
160 760
129 632
173 749
146 655
21 745
79 765
148 808
73 764
144 697
66 824
211 681
125 789
0 685
50 762
1222 1774
1200 1788
1205 1703
1367 24
1434 1609
1688 1461
1810 1348
1595 1580
1587 1539
1627 1530
1799 1365
1774 1350
1579 1486
1640 1476
1537 1446
1752 1418
1626 1538
1797 1376

Point Cloud 395:
179 734
123 820
3 750
120 684
100 731
18 679
118 749
150 845
99 664
136 658
247 760
79 756
175 705
28 763
1184 1741
1241 1754
1641 1431
1604 1560
1604 1592
1619 1498
1551 1479
1636 1464
1551 1468
1842 1436
1745 1391
1731 1404
1808 1358
1825 1433
1724 1355

Point Cloud 396:
32 796
135 750
122 769
183 730
19 764
196 837
59 778
79 828
59 778
32 776
167 771
7 786
265 723
1168 1753
1200 1704
1705 1404
1605 1453
1810 1341
1679 1428
1606 1586
1736 1429
1636 1565
1733 1358
1545 1412
1716 1422
1844 1390
1584 1543
1749 1351

Point Cloud 397:
61 699
83 830
1 810
85 681
18 726
16 669
67 778
98 799
64 814
0 762
34 517
223 759
1164 1760
1264 1711
1593 1527
1568 1459
1576 1501
1625 1431
1670 1470
1542 1461
1543 1419
1817 1430
1816 1402
1827 1362
1805 1347
1776 1445

Point Cloud 398:
66 850
125 691
57 814
187 643
14 759
192 659
75 726
99 724
68 774
36 830
151 846
56 522
272 710
1182 1759
1256 1698
1386 45
1606 1539
1634 1511
1636 1493
1525 1451
1523 1433
1624 1463
1733 1488
1616 1476
1763 1356
1853 1389
1837 1454
1818 1409
1728 1402

Point Cloud 399:
126 658
151 683
123 780
166 712
87 669
21 707
95 655
18 836
16 666
64 784
84 454
208 687
182 804
290 724
1207 1763
1264 1692
1383 25
1638 1480
1558 1452
1533 1431
1633 1529
1636 1530
1578 1503
1638 1546
1708 1456
1864 1341
1835 1396
1713 1398
1811 1399
1714 1352

Point Cloud 400:
7 664
3 717
89 764
126 753
41 805
22 755
146 674
105 845
62 734
207 493
205 792
251 741
464 737
1222 1756
1257 1768
1250 1701
1621 1447
1642 1385
1584 1472
1600 1547
1564 1429
1634 1564
1715 1464
1752 1398
1842 1376
1818 1387
1860 1354
1759 1370

Point Cloud 401:
103 705
0 790
107 716
121 718
33 735
46 768
92 790
43 814
143 839
224 683
230 742
212 503
491 820
1258 1848
1284 1712
1607 1438
1590 1449
1631 1461
1653 1406
1578 1460
1616 1518
1720 1459
1783 1378
1846 1404
1863 1335
1710 1321
1741 1405

Point Cloud 402:
68 772
120 783
122 826
12 671
46 679
101 829
183 718
15 711
128 775
190 543
225 729
209 835
566 905
1303 1841
1277 1751
1604 1519
1758 1389
1835 1420
1824 1336
1750 1329
1738 1434
1590 1438
1632 1483
1752 1408
1583 1502
1671 1494
1858 1352
1750 1401
1835 1709

Point Cloud 403:
181 767
110 717
66 750
220 726
191 813
67 757
204 833
202 746
81 821
68 701
153 728
138 659
580 938
1288 1767
1285 1722
1658 1433
1581 1475
1612 1432
1564 1464
1612 1528
1588 1441
1712 1495
1554 1474
1599 1498
1779 1409
1747 1359
1802 1354
1856 1421
1841 1473

Point Cloud 404:
38 756
87 699
172 750
140 835
90 812
17 704
44 709
8 791
14 643
188 759
26 659
186 760
203 759
591 1015
1239 1766
1257 1766
1345 51
1543 1496
1558 1426
1556 1409
1633 1472
1622 1487
1638 1564
1741 1434
1766 1493
1857 1467
1703 1329
1865 1416
1833 1435
1766 1393
1790 1371

Point Cloud 405:
0 682
62 775
54 754
54 783
7 594
74 765
45 723
2 771
78 733
81 794
131 663
222 700
619 1019
1181 1764
1256 1813
1293 1755
1602 1524
1596 1445
1686 1463
1597 1449
1633 1543
1707 1473
1525 1509
1769 1373
1779 1366
1747 1376
1742 1423
1829 1447
1890 1278

Point Cloud 406:
68 805
97 786
71 775
37 736
136 735
94 696
38 702
213 699
42 621
143 769
34 608
148 627
671 971
1255 1782
1257 1836
1300 1804
1777 1402
1558 1516
1751 1477
1764 1386
1546 1490
1582 1460
1615 1437
1606 1585
1628 1562
1524 1491
1837 1204
1849 1430
1899 1038

Point Cloud 407:
94 797
71 753
26 732
6 670
150 741
125 823
52 719
61 714
40 792
54 801
228 705
224 719
628 801
1223 1876
1299 1864
1620 1443
1545 1475
1651 1550
1648 1530
1613 1571
1576 1479
1754 1353
1752 1403
1751 1354
1803 1399
1860 1409
1890 1030
1892 910

Point Cloud 408:
73 601
181 818
149 668
203 783
33 755
12 743
185 764
238 757
192 736
33 835
44 808
596 809
1297 1805
1305 1844
1592 1479
1636 1464
1577 1423
1507 1528
1536 1495
1620 1577
1570 1455
1751 1448
1795 1357
1759 1391
1737 1419
1843 1414
1874 850
1886 691

Point Cloud 409:
71 791
5 744
59 821
74 820
200 697
22 695
196 762
35 765
32 673
174 753
472 809
1269 1836
1290 1931
1596 1556
1564 1527
1588 1520
1534 1523
1627 1510
1600 1549
1760 1411
1728 1411
1712 1331
1760 1445
1844 1435
1887 643
1897 458

Point Cloud 410:
77 761
22 753
63 603
246 726
59 692
229 748
17 811
83 760
61 741
15 807
80 819
333 718
392 797
1212 1887
1288 1935
1595 1522
1619 1512
1611 1451
1620 1476
1592 1477
1552 1505
1693 1472
1797 1391
1723 1440
1744 1346
1749 1393
1893 525
1920 204

Point Cloud 411:
55 590
138 742
0 777
128 833
1 781
158 820
182 815
10 786
168 732
210 769
349 721
380 783
1194 1867
1619 1412
1639 1517
1546 1472
1635 1444
1608 1405
1728 1485
1734 1338
1822 1418
1728 1436
1887 409
1895 237

Point Cloud 412:
2 598
124 785
61 793
87 760
120 792
34 785
4 712
11 726
90 723
1617 1567
1621 1449
1564 1479
1639 1509
1737 1487
1726 1424
1786 1344
1789 1399
1815 1312
1835 178
1874 421

Point Cloud 413:
133 815
29 723
82 735
44 723
1 784
222 785
164 833
169 795
169 809
378 773
413 760
1580 1531
1627 1426
1657 1491
1650 1432
1618 1436
1681 1490
1737 1347
1782 1417
1746 1441
1733 189
1880 1321
1873 467

Point Cloud 414:
144 814
156 837
208 812
185 775
157 802
32 682
200 791
103 714
16 663
119 800
407 791
392 729
1174 1889
1560 1538
1650 1477
1570 1531
1597 1463
1636 1472
1678 191
1702 1433
1760 1376
1841 1309
1817 1340
1808 1350
1721 1334
1753 1383
1876 450

Point Cloud 415:
53 824
118 719
36 735
87 786
12 693
53 783
107 760
85 689
139 781
66 607
179 808
366 791
402 754
1137 1895
1382 63
1522 1537
1580 1448
1630 1494
1543 1490
1603 1506
1839 1358
1755 1384
1737 1389
1787 1377
1765 1520
1813 1327
1832 1345
1777 179
1870 478

Point Cloud 416:
11 696
168 743
128 817
56 703
14 763
46 708
109 831
85 811
54 775
70 607
143 926
271 789
345 814
1120 1873
1537 1523
1575 1494
1627 1549
1645 1575
1617 1458
1772 1371
1718 1348
1749 1402
1822 1317
1793 1394
1737 1496
1797 511
1884 206

Point Cloud 417:
49 736
41 687
54 713
190 744
130 769
199 773
64 709
48 747
204 742
188 731
146 874
290 781
335 799
1145 1888
1618 1441
1611 1474
1538 1514
1607 1516
1538 1538
1681 1452
1842 1308
1709 1408
1821 1373
1723 1481
1695 1365
1747 1349
1725 1366
1823 509
1905 183

Point Cloud 418:
7 737
121 728
83 742
19 691
91 815
66 740
45 758
57 698
94 921
201 739
199 733
255 777
324 843
1134 1900
1629 1406
1534 1539
1633 1571
1641 1487
1567 1497
1616 1449
1698 1517
1854 1348
1739 1411
1724 1390
1776 1379
1757 1351
1830 1357
1734 176
1820 456

Point Cloud 419:
51 598
32 724
115 719
10 636
27 717
113 813
101 828
121 729
79 904
193 672
187 748
275 768
295 851
1064 1949
1140 1935
1652 1464
1580 1530
1540 1481
1661 1503
1506 1523
1595 1397
1589 1511
1711 1520
1713 1341
1774 1485
1769 1352
1847 1306
1714 1332
1782 1386
1744 243
1860 487

Point Cloud 420:
122 772
14 600
5 654
114 737
65 765
41 677
77 803
45 688
33 669
46 809
206 896
257 754
174 659
188 792
1048 1981
1161 1933
1355 56
1560 1504
1558 1472
1674 1504
1649 1548
1643 1493
1694 1529
1574 1456
1568 494
1835 1304
1854 1391
1755 1404
1778 1399
1816 1297
1722 1334
1848 522

Point Cloud 421:
134 801
14 754
12 756
90 822
39 811
1 623
36 663
97 711
84 729
67 904
232 702
204 662
190 741
1066 1934
1146 1942
1494 1532
1533 743
1575 1453
1683 1524
1589 1485
1632 1472
1589 1406
1780 1487
1725 1337
1751 1394
1708 1343
1745 1373
1900 592

Point Cloud 422:
5 684
101 805
81 734
69 702
146 768
35 795
10 843
74 622
72 773
3 964
182 798
214 676
215 707
1083 1910
1133 1951
1508 1539
1578 1472
1626 1508
1548 1483
1635 1556
1597 973
1702 1397
1800 1330
1701 1360
1698 1346
1776 1471
1893 567

Point Cloud 423:
52 622
39 611
48 810
19 746
116 632
107 803
13 819
9 613
207 746
82 799
103 1035
291 651
250 750
1085 1918
1152 1945
1605 1552
1522 1535
1600 1537
1630 1489
1646 1549
1796 1418
1816 1311
1830 1313
1749 1371
1817 1329
1708 1176
1858 522

Point Cloud 424:
51 715
37 638
32 705
32 747
44 612
68 749
114 747
115 770
114 662
209 758
208 1125
239 721
256 681
1075 1922
1687 1530
1661 1517
1672 1443
1608 1513
1636 1532
1505 1536
1744 1390
1813 1321
1813 1363
1782 1387
1779 1299
1742 1389
1843 460

Point Cloud 425:
24 612
8 680
20 613
31 677
22 605
21 751
51 765
120 779
70 763
208 1176
214 757
254 729
249 672
1074 1952
1636 1475
1675 1439
1575 1489
1637 1529
1527 1500
1650 1484
1818 1320
1795 1462
1742 1433
1789 1368
1727 1408
1775 1394
1779 470

Point Cloud 426:
64 635
122 802
92 668
57 681
71 795
2 747
38 583
74 620
83 754
56 605
239 694
186 797
185 769
273 1138
1053 1998
1153 1942
1631 1575
1586 1430
1505 1494
1533 1506
1596 1549
1593 1515
1697 1511
1771 1367
1777 1370
1784 1410
1788 1450
1723 1387
1700 1342
1823 1438
1801 1400
1746 522

Point Cloud 427:
65 679
36 706
16 713
20 708
99 712
55 733
92 625
115 637
57 759
78 824
290 697
265 708
203 749
270 1020
1088 1948
1173 1926
1351 50
1674 1464
1622 1557
1623 1502
1570 1486
1696 1449
1611 1522
1673 1501
1841 1305
1794 1423
1747 1435
1786 1411
1805 1417
1765 1435
1836 1348
1828 527
1831 1569

Point Cloud 428:
13 610
22 762
34 734
146 812
6 788
82 810
102 676
94 660
69 633
26 711
177 810
205 771
278 692
235 848
1069 1959
1133 1958
1335 34
1720 1523
1676 1516
1574 1475
1624 1535
1671 1477
1567 1487
1564 1444
1638 1463
1837 1302
1762 1409
1723 1377
1732 1399
1743 1369
1742 1369
1698 1362
1832 1565
1857 502

Point Cloud 429:
115 755
43 659
41 619
13 711
2 706
9 716
43 748
88 635
22 716
119 631
244 831
199 746
277 752
260 765
262 751
1089 1935
1131 1964
1363 18
1542 1500
1625 1492
1655 1483
1594 1427
1570 1478
1599 1420
1574 1519
1736 1421
1818 1413
1850 1334
1821 1467
1716 1333
1848 1382
1860 1579
1865 498

Point Cloud 430:
21 636
106 755
38 629
46 708
93 670
129 738
132 806
61 647
36 715
2 738
92 627
186 820
258 772
245 855
279 662
1052 1966
1136 1974
1353 64
1607 1438
1593 1448
1645 1443
1584 1492
1633 1478
1603 1437
1617 1528
1743 1330
1843 1454
1766 1467
1712 1352
1765 1429
1759 1413
1816 1446
1876 1587
1870 491

Point Cloud 431:
86 755
47 731
6 732
55 715
152 735
57 723
5 723
1 753
14 812
42 594
201 755
230 831
307 659
267 765
1113 1945
1592 1450
1600 1500
1625 1561
1592 1562
1524 1482
1647 1537
1533 1491
1715 1437
1836 1320
1818 1398
1818 1429
1818 1341
1727 1393
1877 1629
1877 491

Point Cloud 432:
57 802
103 658
126 769
12 688
1 677
123 749
9 757
5 599
68 767
181 761
242 778
278 833
301 663
1103 1942
1617 1568
1517 1506
1561 1491
1666 1503
1629 1545
1752 1446
1746 1351
1804 1422
1809 1308
1822 1378
1798 494

Point Cloud 433:
83 800
140 743
4 720
77 664
43 765
109 633
121 728
50 704
29 726
181 755
225 771
367 790
385 858
1086 1958
1645 1534
1598 1409
1605 1469
1563 1499
1633 1446
1567 1531
1772 1402
1731 1342
1828 1375
1804 1394
1817 1416
1753 1413
1772 444
1858 1624

Point Cloud 434:
93 740
118 648
68 778
100 691
29 611
139 830
59 753
55 652
34 622
207 771
257 758
434 829
526 854
1108 1964
1650 1463
1672 1524
1549 1464
1653 1448
1600 1525
1612 1500
1648 1458
1796 1442
1761 1365
1839 1339
1818 1430
1808 1372
1749 1470
1877 437
1861 1641

Point Cloud 435:
116 632
74 653
51 621
121 826
96 618
46 663
52 619
152 740
137 806
188 742
179 728
573 844
665 810
1074 1964
1700 1496
1661 1475
1634 1545
1527 1492
1652 1488
1590 1401
1645 1461
1555 1460
1831 1323
1792 1378
1716 1355
1810 1371
1784 1426
1846 1670
1916 389

Point Cloud 436:
45 647
95 654
40 651
33 743
40 766
25 592
1 660
29 704
11 639
111 782
19 593
621 832
774 816
1003 1979
1709 1476
1571 1571
1679 1480
1678 1487
1613 1498
1624 1493
1657 1457
1644 1537
1712 1363
1816 1384
1836 1335
1785 1436
1855 1602
1850 304

Point Cloud 437:
146 692
246 770
237 765
43 743
35 707
26 619
22 722
107 820
58 638
40 589
95 765
746 829
872 893
1030 1988
1533 1493
1672 1535
1748 1494
1673 1476
1631 1548
1597 1537
1641 1512
1729 1338
1755 206
1798 1397
1804 1366
1813 1473
1864 1599

Point Cloud 438:
34 656
48 632
19 716
34 631
178 745
26 624
65 729
134 819
59 722
25 716
236 756
733 829
1020 977
1012 2003
1690 1462
1549 1509
1595 1555
1677 1523
1572 1468
1702 1476
1692 1529
1707 219
1737 1335
1817 1341
1821 1375
1819 1491
1860 1583

Point Cloud 439:
58 603
47 790
106 694
126 751
99 782
132 750
2 705
60 808
152 744
134 697
242 757
723 887
1038 1974
1087 1083
1611 1494
1615 1495
1588 1497
1553 1450
1564 1489
1660 263
1673 1489
1715 1410
1807 1393
1835 1288
1827 1517
1858 1599

Point Cloud 440:
18 637
44 756
58 740
82 823
111 773
88 732
17 583
20 773
68 779
95 724
190 758
628 871
1112 1194
1635 1531
1682 1448
1638 1487
1631 1573
1517 1490
1671 296
1674 1520
1721 1399
1706 1384
1757 1397
1804 1488
1812 1342
1856 1542

Point Cloud 441:
10 616
74 770
104 713
33 751
118 758
73 838
80 656
119 764
106 817
114 801
234 763
577 815
1107 1269
1628 1492
1570 1498
1524 1497
1641 1561
1610 1541
1692 1478
1722 1412
1713 420
1819 1304
1806 1314
1822 1511
1851 1584

Point Cloud 442:
89 730
58 707
108 706
120 767
155 721
99 626
112 674
86 656
115 809
244 763
386 771
1132 1267
1622 1520
1662 1437
1650 1480
1613 1442
1683 1535
1720 1411
1822 1302
1719 1455
1731 1431
1847 476
1822 1503
1868 1505

Point Cloud 443:
75 721
110 691
112 684
30 635
56 733
63 627
125 671
87 682
132 723
105 687
66 654
276 760
1178 1228
1355 33
1518 1502
1525 1504
1679 1529
1622 1487
1685 1503
1613 1504
1522 1479
1741 1382
1793 1486
1714 1442
1766 1391
1761 1382
1705 1372
1771 1464
1758 1339
1884 473

Point Cloud 444:
111 818
97 808
68 757
292 766
87 776
144 688
139 706
235 752
83 719
171 781
183 766
424 1999
1228 1207
1518 1501
1629 1511
1617 1424
1580 1505
1586 1475
1603 1532
1752 1360
1745 1357
1798 1312
1791 1326
1803 1341
1733 1359
1797 442
1854 1506

Point Cloud 445:
7 704
28 674
30 574
3 596
244 769
27 713
123 726
118 766
97 689
98 664
167 772
1362 1261
1601 1548
1628 1481
1622 1476
1611 1516
1653 1421
1683 1498
1788 1308
1746 1415
1777 1331
1728 1440
1805 1306
1788 1355
1739 362
1826 1456

Point Cloud 446:
33 678
98 725
75 712
108 814
10 579
63 711
136 687
112 712
62 829
174 753
249 768
1449 1288
1530 1516
1596 1533
1620 1544
1551 1514
1669 1430
1676 1490
1818 1307
1832 1356
1727 1329
1816 1380
1739 1378
1712 1412
1852 388

Point Cloud 447:
34 688
88 737
105 782
86 787
106 791
124 838
49 765
48 692
214 792
85 773
51 583
217 1802
294 743
1369 52
1481 1319
1624 1493
1596 1512
1610 1491
1617 1522
1621 1402
1692 1521
1722 1340
1779 1371
1718 1439
1742 1392
1788 1414
1788 1330
1839 1379
1878 449

Point Cloud 448:
95 825
65 808
83 591
110 607
73 623
86 807
126 621
129 678
115 647
138 708
95 748
65 1827
312 765
1490 1366
1539 1468
1605 1523
1525 1485
1550 1483
1682 1429
1677 1524
1816 1500
1750 1442
1778 1409
1853 1377
1754 1408
1844 1372
1858 564

Point Cloud 449:
20 630
117 848
19 601
10 607
136 780
84 649
56 760
150 761
120 771
2 590
54 690
94 593
270 767
1564 1498
1526 1480
1591 1518
1501 1463
1588 1565
1681 1492
1733 1416
1760 1347
1703 1458
1861 1406
1720 1421
1825 1322
1756 1347
1811 1501
1878 615

Point Cloud 450:
144 740
71 697
73 685
87 840
91 711
72 807
11 639
14 588
23 579
136 633
195 767
238 754
1578 1564
1629 1472
1536 1514
1527 1510
1582 1526
1693 1525
1715 1459
1748 1463
1842 1369
1715 1337
1779 1369
1809 1491
1713 1461
1801 1323
1882 651

Point Cloud 451:
90 656
82 809
232 734
14 615
56 677
110 628
38 762
77 637
112 867
313 760
65 660
159 757
1512 1485
1518 1456
1656 1511
1671 1494
1562 1552
1668 1511
1632 1503
1796 1463
1816 1464
1771 1396
1820 1468
1778 1332
1819 1446
1830 1366
1760 1455
1890 759

Point Cloud 452:
70 667
53 622
123 715
26 593
54 759
208 749
58 630
110 701
109 741
72 773
157 691
54 702
258 749
1585 1505
1581 1475
1574 1472
1512 1452
1695 1513
1515 1443
1504 1416
1780 1436
1813 1407
1818 1320
1858 1432
1844 1455
1768 1415
1812 1471
1798 1435
1823 817

Point Cloud 453:
59 716
15 725
92 783
162 712
202 727
191 743
41 806
145 724
210 733
150 700
103 625
118 667
88 847
319 753
887 2005
1665 1559
1555 1455
1564 1460
1568 1538
1548 1473
1536 1438
1642 1549
1781 1463
1745 1364
1722 1354
1786 1446
1822 1393
1800 1395
1829 1478
1792 1398
1803 809

Point Cloud 454:
113 667
142 715
122 692
84 716
70 655
35 661
137 755
175 640
68 779
93 644
24 693
16 617
269 741
1629 1511
1654 1466
1499 1437
1647 1532
1595 1537
1565 1569
1730 1449
1789 1409
1709 1518
1843 1460
1720 1475
1792 1347
1765 1362
1725 1465
1807 1294
1833 699

Point Cloud 455:
41 675
181 755
23 710
57 656
13 677
97 731
226 748
87 736
214 728
176 633
105 747
78 640
302 763
35 581
1371 33
1555 1527
1554 1527
1562 1501
1510 1496
1523 1482
1585 1507
1700 1510
1745 1418
1856 1327
1718 1469
1808 1342
1745 1447
1725 1366
1810 1287
1798 1441
1803 1383
1806 618

Point Cloud 456:
189 675
15 615
74 794
1 729
159 719
19 579
217 757
50 710
9 605
130 773
193 718
112 713
36 765
285 765
1359 64
1554 1462
1549 1477
1546 1503
1593 1507
1627 1457
1566 1509
1657 1509
1824 1399
1794 1410
1676 1491
1815 1309
1820 1272
1784 1452
1764 1399
1849 1456
1834 1455
1783 686

Point Cloud 457:
0 738
261 735
21 605
99 735
70 777
137 716
13 739
6 704
200 750
53 685
87 761
221 773
127 668
920 1961
1363 53
1622 1516
1531 1511
1624 1514
1588 1480
1644 1554
1607 1458
1672 1491
1753 1383
1792 1362
1670 1532
1784 1406
1845 1363
1828 1413
1737 1408
1708 1508
1817 795

Point Cloud 458:
107 713
58 803
27 596
193 720
57 698
238 728
70 764
22 785
310 760
50 789
72 799
141 674
4 742
887 1948
1371 51
1579 1518
1595 1553
1553 1518
1616 1471
1527 1540
1607 1501
1872 1337
1824 1357
1830 1365
1821 1399
1792 1344
1816 1391
1731 1373
1813 1357
1846 1357
1715 1348
1845 798

Point Cloud 459:
101 695
106 627
120 814
203 745
75 690
154 693
87 739
198 767
73 797
25 758
1 749
27 619
228 773
869 1994
1381 15
1653 1571
1569 1425
1596 1524
1602 1455
1528 1521
1591 1510
1812 1445
1720 1490
1677 1484
1851 1367
1860 1335
1777 1341
1860 1337
1809 1442
1726 1441
1866 1329
1869 908

Point Cloud 460:
90 793
170 684
66 739
128 769
222 755
70 623
96 663
131 762
164 762
22 641
4 620
228 726
872 1997
1554 1483
1542 1525
1646 1570
1566 1559
1829 1398
1703 1495
1768 1276
1678 1478
1635 1447
1659 1517
1673 1524
1755 1472
1688 1476
1729 1371
1742 1409
1876 994

Point Cloud 461:
107 669
52 686
38 707
209 757
174 733
26 774
43 595
78 699
120 683
127 768
123 675
83 706
1377 54
1765 1453
1773 1398
1792 1439
1720 1472
1573 1469
1685 1495
1790 1450
1575 1515
1797 1431
1586 1512
1652 1560
1869 1360
1803 1345
1563 1518
1731 1394
1691 1429
1801 997

Point Cloud 462:
221 746
35 590
172 710
67 810
96 710
241 737
164 720
42 761
205 766
166 740
218 745
10 655
1386 59
1816 1416
1566 1510
1849 1450
1698 1480
1652 1427
1552 1488
1538 1495
1841 1305
1701 1407
1763 1405
1833 1286
1824 1355
1779 1321
1607 1452
1790 1373
1778 1371
1798 1295
1874 886

Point Cloud 463:
109 719
174 731
30 635
26 694
99 774
136 706
144 665
53 768
77 740
127 818
116 739
33 655
1651 1537
1568 1478
1614 1508
1580 1559
1564 1545
1556 1473
1751 1489
1722 1436
1833 1326
1856 1311
1730 1418
1848 1319
1860 1464
1843 1299
1775 1323
1846 1455
1877 784

Point Cloud 464:
34 776
143 771
35 749
136 782
19 581
110 816
223 728
158 750
58 706
12 641
116 707
108 778
1835 1364
1545 1494
1801 1297
1697 1516
1721 1462
1778 1296
1701 1499
1753 1444
1739 1493
1551 1533
1602 1490
1815 1342
1530 1503
1842 1387
1636 1531
1845 630

Point Cloud 465:
113 773
120 743
72 660
21 633
112 806
150 718
191 767
71 648
74 603
208 700
105 633
50 589
34 715
1383 41
1591 1528
1674 1404
1698 1448
1692 1450
1780 1395
1778 1355
1643 1518
1784 1354
1602 1448
1571 1539
1569 1554
1617 1472
1545 1475
1817 1339
1640 1498
1749 1457
1857 516

Point Cloud 466:
253 695
179 770
55 658
214 694
58 613
245 727
91 671
69 662
65 687
138 720
51 643
189 725
193 713
1387 57
1770 1317
1643 1552
1612 1531
1697 1436
1578 1539
1592 1531
1755 1371
1761 1495
1750 1440
1813 1355
1718 1512
1796 1355
1843 1469
1760 593
1855 1298

Point Cloud 467:
76 677
177 703
181 750
29 775
85 820
199 742
1 611
270 713
4 633
52 747
104 812
227 737
252 694
1353 38
1695 1444
1737 1472
1820 1438
1776 1361
1850 1408
1699 1530
1531 1508
1521 1498
1623 1528
1852 1330
1874 1317
1724 1457
1651 1514
1694 1423
1771 1426
1725 649

Point Cloud 468:
88 674
206 721
213 726
80 624
15 710
100 790
91 838
59 768
180 752
65 771
93 793
103 798
34 803
1858 1456
1589 1492
1722 1490
1824 1434
1766 1372
1546 1499
1691 1424
1660 1519
1836 1417
1859 1388
1857 1284
1796 1371
1544 1484
1645 1546
1836 768

Point Cloud 469:
112 824
80 698
137 754
96 725
207 752
188 749
88 662
182 766
70 637
117 772
22 735
90 826
295 708
1798 1372
1610 1495
1846 1342
1688 1424
1772 1311
1812 1406
1725 1443
1604 1545
1715 1417
1853 1309
1629 1536
1841 1318
1824 1440
1762 1384
1880 846

Point Cloud 470:
167 758
74 765
141 774
144 662
85 821
245 702
74 647
5 703
65 785
75 636
170 694
59 693
1566 1486
1549 1504
1628 1539
1598 1506
1736 1466
1524 1481
1859 1282
1755 1369
1827 1386
1867 1372
1849 1312
1843 1395
1842 1003

Point Cloud 471:
91 817
131 776
61 715
137 760
53 701
74 690
115 667
154 757
32 771
58 591
78 624
210 726
225 703
1752 1478
1660 1537
1756 1456
1851 1479
1882 1305
1642 1492
1628 1497
1829 1407
1619 1498
1779 1312
1793 1365
1767 1308
1760 1413
1815 1452
1857 1132

Point Cloud 472:
98 765
77 742
120 666
83 669
73 820
50 725
62 593
61 799
169 686
177 702
155 738
260 711
183 719
1570 1508
1627 1554
1644 1525
1553 1473
1553 1461
1843 1313
1842 1184
1732 1476
1867 1223
1773 1296
1786 1308
1836 1433
1898 1292
1762 1491
1770 1343

Point Cloud 473:
90 702
25 698
128 671
91 677
177 773
150 785
89 704
86 793
107 643
5 608
58 725
197 771
238 735
1372 20
1634 1518
1571 1483
1632 1547
1692 1529
1653 1507
1776 1507
1910 1306
1795 1319
1833 1355
1835 1339
1842 1273
1912 1276
1807 1390
1856 1259
1788 1346

Point Cloud 474:
54 788
108 772
120 681
97 756
134 762
32 610
156 749
83 782
137 810
70 756
5 741
62 650
130 754
250 706
1378 53
1535 1471
1631 1540
1536 1466
1605 1507
1553 1514
1904 1253
1818 1484
1873 1275
1831 1368
1769 1360
1809 1368
1859 1228
1868 1323
1812 1337
1792 1411

Point Cloud 475:
133 710
49 834
167 753
191 696
113 749
136 683
173 801
149 664
72 639
64 672
45 611
58 717
25 633
134 719
20 588
1350 33
1619 1510
1552 1468
1596 1491
1592 1517
1687 1498
1878 1301
1846 1236
1783 1520
1776 1332
1885 1266
1853 1226
1834 1407
1857 1269
1841 1480
1820 1478

Point Cloud 476:
139 798
27 646
121 748
93 786
57 769
61 770
57 802
177 706
20 649
63 694
39 774
39 571
249 723
1598 1548
1638 1574
1648 1528
1631 1501
1667 1512
1779 1407
1782 1329
1855 1354
1777 1283
1816 1490
1827 1538
1761 1359
1873 1240
1849 1317
1813 1510

Point Cloud 477:
139 749
17 622
28 549
159 724
80 757
14 716
48 639
89 806
5 733
127 781
44 683
19 661
205 774
1651 1537
1591 1469
1576 1487
1607 1489
1680 1543
1878 1250
1861 1265
1858 1341
1805 1404
1814 1368
1787 1374
1825 1417
1861 1555
1811 1463

Point Cloud 478:
29 769
76 747
162 806
232 742
70 819
41 687
144 850
16 576
52 646
128 834
105 805
60 677
37 614
1549 1538
1619 1462
1525 1505
1615 1544
1690 1537
1886 1281
1782 1360
1785 1280
1907 1243
1907 1238
1901 1242
1829 1241
1804 1458
1818 1537

Point Cloud 479:
117 735
91 700
50 757
134 762
193 814
115 851
111 749
70 669
94 742
71 637
196 807
49 655
1603 1505
1637 1523
1584 1541
1591 1476
1688 1534
1766 1253
1771 1380
1830 1344
1835 1305
1854 1272
1778 1303
1838 1325
1814 1488
1851 1543

Point Cloud 480:
106 831
144 694
51 661
39 773
100 722
47 826
24 752
90 777
136 835
50 770
104 778
51 711
1554 1528
1531 1501
1627 1529
1575 1560
1682 1521
1844 1483
1854 1468
1799 1362
1822 1313
1839 1330
1859 1385
1781 1271
1802 1403
1839 1231

Point Cloud 481:
64 703
46 678
95 679
37 793
120 729
146 790
80 750
150 738
138 781
141 760
9 665
37 748
106 673
1568 1454
1560 1538
1592 1462
1635 1506
1766 1481
1670 1557
1772 1424
1837 1420
1909 1297
1905 1320
1903 1218
1869 1435
1873 1208
1871 1246
1813 1362

Point Cloud 482:
145 787
77 717
50 783
60 717
81 706
96 812
19 659
119 822
64 632
151 817
99 868
123 731
1633 1515
1539 1479
1608 1546
1620 1563
1574 1448
1898 1368
1774 1304
1852 1395
1881 1200
1799 1376
1818 1381
1831 1215
1887 1306
1777 1419

Point Cloud 483:
224 832
97 718
136 811
142 825
94 864
55 770
35 667
26 628
122 824
78 684
223 832
16 686
1641 1542
1586 1435
1588 1460
1611 1473
1664 1528
1770 1484
1769 1356
1827 1420
1815 1417
1765 1372
1883 1375
1840 1275
1796 1300
1827 1329
1854 1261
1914 1378

Point Cloud 484:
176 836
140 801
89 743
125 808
64 817
80 760
67 822
114 735
86 731
94 810
71 760
25 626
144 827
1595 1461
1590 1559
1532 1483
1600 1499
1655 1512
1843 1261
1850 1338
1846 1402
1904 1367
1819 1291
1821 1319
1810 1395
1783 1362
1783 1301
1779 1314
1747 1492

Point Cloud 485:
105 835
46 656
68 675
160 692
82 780
200 821
4 805
153 830
14 725
15 770
72 739
73 825
28 688
1357 50
1614 1520
1561 1516
1641 1538
1579 1448
1734 1488
1794 1378
1833 1238
1759 1369
1792 1425
1898 1292
1807 1310
1812 1330
1807 1282
1808 1430
1875 1363
1766 1491

Point Cloud 486:
76 787
46 780
17 676
19 816
6 753
65 836
58 702
151 813
87 852
3 646
71 813
167 782
73 654
2 715
1351 57
1603 1556
1575 1444
1604 1495
1619 1518
1676 1528
1795 1390
1812 1372
1867 1271
1860 1368
1874 1350
1799 1398
1814 1300
1890 1239
1746 1401
1862 1270
1750 1482

Point Cloud 487:
138 788
170 684
54 672
54 790
85 856
35 772
70 810
110 643
92 769
30 686
73 667
3 756
150 829
62 872
72 743
1356 27
1594 1539
1590 1477
1629 1497
1591 1495
1736 1501
1892 1286
1820 1291
1783 1412
1792 1452
1845 1303
1856 1364
1911 1254
1829 1299
1786 1331
1784 1419
1757 1476

Point Cloud 488:
65 864
93 666
3 666
3 745
96 676
55 722
9 687
70 712
35 667
42 806
164 847
18 755
107 732
209 840
1633 1530
1593 1503
1615 1472
1707 1523
1801 1497
1803 1387
1812 1294
1828 1331
1815 1340
1754 1415
1829 1438
1842 1319
1824 1245
1774 1432

Point Cloud 489:
103 811
128 687
69 795
126 713
96 750
139 752
99 695
133 854
118 775
58 769
110 651
72 716
229 811
1602 1505
1564 1536
1589 1484
1615 1476
1698 1526
1862 1344
1835 1361
1784 1349
1756 1454
1825 1351
1756 1495
1774 1387
1814 1302
1841 1296

Point Cloud 490:
107 655
49 747
89 838
35 903
62 749
76 759
148 838
80 808
73 671
44 708
123 733
76 809
239 787
1652 1553
1610 1487
1566 1519
1583 1495
1670 1502
1813 1408
1911 1313
1756 1374
1809 1313
1901 1335
1843 1423
1835 1352
1815 1388
1797 1503

Point Cloud 491:
107 829
61 671
64 834
96 828
63 738
114 828
157 685
193 851
78 827
24 727
118 785
173 719
14 744
1570 1519
1620 1554
1518 1524
1650 1551
1681 1499
1845 1423
1753 1421
1764 1354
1846 1233
1884 1385
1765 1427
1784 1369
1777 1481

Point Cloud 492:
231 806
180 819
103 798
165 787
59 810
76 631
123 811
3 745
54 898
59 799
40 712
30 877
50 867
31 628
1571 1431
1605 1526
1636 1514
1527 1514
1738 1502
1876 1389
1775 1409
1823 1402
1848 1395
1758 1388
1810 1405
1772 1402
1792 1484

Point Cloud 493:
207 808
146 843
49 716
81 632
96 662
72 810
153 774
97 861
95 801
107 770
126 675
29 640
120 800
1616 1557
1526 1489
1617 1557
1727 1496
1851 1261
1891 1317
1860 1399
1825 1325
1837 1275
1789 1430
1777 1400
1851 1308
1797 1484

Point Cloud 494:
41 639
160 817
146 715
67 702
94 632
146 785
112 671
137 664
155 811
33 718
157 707
13 865
217 817
1570 1522
1552 1481
1512 1484
1605 1508
1739 1488
1799 1467
1813 1305
1775 1379
1827 1449
1805 1384
1840 1286
1795 1237
1805 1224
1793 1254

Point Cloud 495:
76 639
119 715
57 752
182 694
11 748
86 656
2 718
87 633
59 650
115 832
44 713
55 902
233 807
1644 1554
1594 1510
1553 1517
1604 1505
1697 1512
1808 1430
1855 1482
1753 1412
1868 1336
1849 1360
1860 1312
1864 1375
1882 1364

Point Cloud 496:
38 890
100 748
100 749
115 664
119 740
107 645
132 844
48 722
89 701
57 887
55 861
166 735
198 824
1591 1523
1593 1493
1618 1522
1619 1503
1700 1511
1837 1284
1806 1234
1825 1442
1798 1495
1786 1450
1849 1295
1795 1454
1825 1346
1847 1324

Point Cloud 497:
210 782
121 715
128 743
19 697
132 822
55 871
116 845
14 708
97 719
35 782
47 713
112 771
195 718
156 706
1375 49
1643 1556
1566 1508
1638 1570
1618 1469
1672 1502
1798 1257
1776 1466
1769 1344
1764 1400
1812 1265
1815 1357
1819 1439
1849 1310
1837 1267

Point Cloud 498:
65 775
186 710
122 712
235 761
198 828
42 718
82 684
52 724
37 726
100 653
141 900
85 871
82 762
1649 1544
1624 1559
1626 1495
1609 1534
1701 1510
1848 1263
1816 1239
1797 1356
1784 1478
1818 1327
1810 1323
1794 1411
1833 1419

Point Cloud 499:
179 697
127 887
192 720
90 702
48 750
212 740
117 762
168 823
138 819
111 687
116 801
105 807
1567 1493
1546 1542
1545 1486
1731 1513
1821 1409
1793 1337
1797 1291
1828 1350
1884 1380
1847 1420
1783 1372
1816 1335

Point Cloud 500:
107 666
152 758
100 772
133 881
216 736
50 806
49 688
98 751
245 751
66 759
65 832
30 777
225 805
1646 1560
1560 1520
1629 1553
1595 1499
1825 1413
1803 1319
1781 1465
1841 1487
1739 1509
1793 1217
1774 1272
1868 1244
1793 1390
1838 1281

Point Cloud 501:
186 745
114 790
221 758
60 739
116 820
172 860
109 765
163 683
118 870
196 776
139 850
189 821
78 689
1571 1545
1546 1478
1576 1453
1596 1455
1805 1400
1688 1482
1783 1309
1844 1375
1814 1519
1722 1507
1744 1506
1835 1373
1819 1321
1826 1321
1846 1420

Point Cloud 502:
92 849
135 761
99 779
165 745
88 641
105 739
50 714
243 797
103 804
88 649
80 784
35 781
24 740
204 746
1564 1504
1562 1509
1606 1504
1615 1566
1767 1247
1823 1310
1707 1475
1781 1504
1787 1441
1843 1523
1815 1349
1814 1508
1759 1481
1853 1373

Point Cloud 503:
123 845
74 798
193 751
152 762
46 784
97 648
113 738
211 792
62 715
101 700
109 654
252 839
74 777
131 704
1349 37
1611 1480
1649 1536
1594 1539
1557 1490
1775 1462
1864 1374
1825 1376
1716 1496
1811 1450
1742 1412
1713 1541
1745 1470
1759 1394
1844 1410
1828 1418

Point Cloud 504:
32 742
165 806
190 718
139 844
183 720
123 823
193 821
90 752
55 870
77 749
185 785
164 704
63 688
115 725
1387 24
1536 1492
1584 1456
1577 1499
1551 1504
1766 1492
1752 1506
1829 1337
1780 1385
1798 1273
1821 1504
1785 1431
1817 1349
1772 1459
1830 1295
1808 1297

Point Cloud 505:
2 1586
212 858
197 844
201 730
169 838
188 713
36 811
190 731
166 762
178 775
103 807
150 736
166 739
48 778
1611 1457
1613 1457
1606 1492
1625 1493
1729 1476
1728 1519
1825 1339
1780 1273
1819 1458
1796 1505
1813 1308
1753 1397
1758 1277
1773 1263
1864 1265

Point Cloud 506:
29 1631
211 833
76 821
208 770
158 723
208 834
169 844
166 731
158 709
122 660
53 764
43 744
212 805
199 747
1632 1564
1540 1531
1610 1448
1621 1562
1789 1288
1842 1380
1808 1538
1768 1269
1869 1421
1766 1463
1855 1263
1708 1490
1774 1410
1749 1479

Point Cloud 507:
25 1671
199 755
185 769
164 734
128 787
251 860
82 749
62 871
140 841
62 869
114 771
150 826
79 814
103 687
1591 1525
1634 1564
1619 1527
1643 1526
1868 1413
1855 1363
1800 1493
1812 1542
1753 1394
1817 1347
1748 1327
1779 1271
1758 1384
1833 1428

Point Cloud 508:
7 1641
215 779
197 837
48 792
55 795
211 756
237 769
57 824
200 830
152 801
170 682
129 844
131 672
136 680
1394 54
1589 1446
1625 1479
1591 1527
1641 1517
1735 1493
1806 1518
1792 1358
1742 1488
1745 1323
1799 1379
1801 1337
1803 1309
1793 1479
1764 1396
1837 1455

Point Cloud 509:
50 1629
186 744
227 744
200 766
147 783
199 750
59 715
42 735
105 782
212 768
213 782
53 761
229 833
42 773
1388 25
1563 1515
1638 1564
1605 1455
1617 1469
1693 1510
1802 1462
1756 1299
1763 1369
1809 1531
1777 1496
1795 1331
1736 1360
1766 1456
1744 1493
1759 1411

Point Cloud 510:
53 700
227 753
141 822
133 809
136 714
248 805
171 854
98 671
180 785
109 722
148 723
214 831
118 769
1585 1506
1604 1530
1633 1517
1528 1491
1707 1505
1780 1369
1783 1445
1860 1354
1714 1328
1787 1469
1863 1426
1764 1372
1814 1541
1718 1345
1855 1440

Point Cloud 511:
13 1652
90 759
108 841
194 837
139 669
178 773
212 743
197 707
143 744
224 748
202 741
182 721
171 687
1588 1503
1575 1551
1616 1481
1602 1490
1711 1518
1839 1399
1819 1312
1852 1287
1840 1358
1781 1458
1802 1356
1773 1483
1791 1364
1796 1514
1745 1414
1804 1370

Point Cloud 512:
11 1690
211 732
265 733
81 828
143 821
165 841
60 762
159 779
111 674
183 863
84 742
102 813
239 737
1635 1493
1568 1512
1615 1496
1567 1493
1703 1490
1819 1454
1797 1551
1796 1542
1779 1478
1789 1315
1837 1460
1711 1339
1854 1353
1763 1303
1830 1367
1800 1245

Point Cloud 513:
20 1680
79 709
249 736
183 764
168 719
48 702
81 882
57 777
109 727
156 820
178 823
174 702
127 711
1631 1499
1622 1532
1534 1529
1623 1530
1716 1488
1807 1359
1798 1451
1777 1266
1815 1311
1780 1346
1763 1332
1792 1415
1750 1409
1756 1302
1781 1284

Point Cloud 514:
14 1720
89 827
182 730
144 666
76 780
83 842
50 794
162 746
116 666
148 802
74 771
188 726
180 734
244 740
1385 27
1600 1521
1614 1521
1611 1483
1560 1546
1695 1544
1798 1356
1755 1424
1787 1342
1869 1442
1830 1330
1843 1339
1730 1351
1806 1372
1809 1348
1777 1415

Point Cloud 515:
13 1559
8 1683
58 733
92 750
67 739
213 736
206 812
153 848
112 697
151 862
56 817
126 782
113 829
304 727
1603 1554
1598 1543
1587 1448
1580 1545
1723 1505
1811 1444
1764 1409
1855 1267
1815 1482
1792 1283
1865 1428
1786 1287
1758 1359
1763 1276

Point Cloud 516:
3 1604
29 1663
192 785
131 849
119 849
139 682
173 714
74 700
49 842
163 703
137 773
74 879
62 727
268 717
1542 1509
1553 1495
1602 1541
1528 1493
1721 1525
1825 1333
1841 1353
1792 1251
1851 1248
1768 1275
1759 1356
1816 1525
1787 1316
1880 1421
1712 1328

Point Cloud 517:
6 1562
9 1649
189 815
80 793
46 846
72 734
58 742
153 715
206 808
217 826
52 833
212 755
51 845
1579 1530
1630 1532
1599 1471
1573 1510
1735 1488
1764 1273
1764 1347
1754 1269
1774 1421
1764 1287
1844 1240
1777 1391
1705 1325
1824 1477
1826 1482
1871 1426

Point Cloud 518:
15 1592
13 1660
120 822
54 825
87 808
222 753
93 792
61 727
217 722
156 806
137 776
131 838
98 672
366 692
1643 1536
1636 1562
1651 1534
1587 1547
1709 1540
1777 1379
1832 1322
1751 1240
1750 1386
1819 1249
1743 1282
1739 1329
1799 1317
1872 1418
1845 1396

Point Cloud 519:
3 1583
15 1677
62 863
191 803
151 702
99 784
90 709
172 810
218 798
98 842
74 916
192 736
126 830
349 676
1586 1522
1573 1473
1612 1468
1626 1559
1721 1536
1843 1274
1784 1236
1724 1315
1746 1245
1848 1344
1876 1245
1781 1401
1806 1323
1836 1498
1826 1423

Point Cloud 520:
31 1596
118 757
163 748
90 770
116 683
58 823
86 787
138 713
125 733
86 848
42 817
101 840
273 629
1534 1517
1590 1494
1582 1541
1626 1543
1707 1547
1858 1307
1745 1338
1813 1317
1834 1310
1765 1277
1778 1290
1775 1282
1805 1539
1804 1526

Point Cloud 521:
20 1595
23 1677
284 750
106 771
126 781
65 782
164 742
124 784
140 774
192 764
113 830
63 795
229 665
100 906
90 769
122 836
1618 1529
1586 1563
1625 1500
1581 1534
1694 1551
1781 1286
1853 1328
1826 1320
1757 1307
1759 1314
1811 1304
1773 1257
1852 1390
1868 1427

Point Cloud 522:
72 786
86 788
158 692
78 796
135 762
125 793
155 756
130 671
68 679
98 831
67 704
112 723
43 1567
270 765
1601 1523
1592 1559
1574 1540
1571 1513
1701 1557
1824 1340
1783 1258
1834 1252
1779 1292
1774 1328
1793 1243
1855 1262
1813 1436
1844 1436

Point Cloud 523:
46 823
175 749
124 870
135 774
125 805
231 753
13 831
189 689
166 669
48 852
223 744
33 1633
431 808
1536 1498
1626 1512
1558 1570
1625 1501
1688 1543
1759 1388
1831 1303
1766 1364
1778 1300
1759 1277
1719 1337
1816 1339
1863 1510
1840 1511

Point Cloud 524:
17 1620
40 862
236 660
110 822
184 703
147 799
188 730
82 766
127 823
108 895
124 745
107 775
513 798
1558 1501
1599 1545
1579 1477
1554 1537
1740 1522
1774 1319
1752 1353
1832 1271
1770 1263
1784 1318
1848 1304
1721 1314
1809 1458
1856 1484

Point Cloud 525:
31 858
29 1611
171 698
94 861
110 819
146 804
86 882
110 796
112 800
156 793
247 645
123 717
203 772
639 829
1595 1461
1622 1569
1635 1530
1583 1454
1691 1552
1695 1345
1835 1457
1804 1325
1776 1263
1813 1458
1857 1529
1800 1419
1849 1486
1771 1377
1868 1484

Point Cloud 526:
19 1698
49 819
177 811
113 898
99 869
94 760
82 752
67 791
115 663
93 695
196 766
137 675
94 788
686 890
1567 1553
1573 1571
1613 1518
1598 1481
1704 1543
1844 1446
1808 1353
1814 1363
1834 1269
1799 1390
1861 1515
1740 1368
1765 1286
1866 1516

Point Cloud 527:
117 669
177 800
113 755
183 735
75 777
44 787
203 745
181 810
104 885
210 712
22 791
187 711
138 847
658 900
1377 32
1561 1479
1573 1474
1573 1523
1628 1524
1693 1551
1793 1429
1782 1273
1747 1351
1748 1360
1852 1289
1823 1250
1835 1312
1862 1257
1815 1472
1860 1473

Point Cloud 528:
134 704
55 736
193 798
122 747
48 850
73 872
116 707
197 732
144 835
49 828
63 842
147 669
124 721
28 1629
674 897
1352 46
1554 1519
1611 1509
1611 1472
1531 1474
1680 1541
1783 1397
1788 1394
1808 1430
1814 1276
1870 1339
1831 1272
1877 1296
1710 1339
1769 1458
1845 1490

Point Cloud 529:
67 776
159 827
128 786
69 760
88 670
203 798
91 814
157 803
141 719
152 720
112 910
189 708
76 864
30 1659
636 961
1546 1499
1579 1473
1596 1525
1553 1478
1706 1534
1794 1361
1766 1479
1770 1499
1773 1347
1801 1454
1759 1275
1752 1329
1694 1362
1760 1281
1802 1348
1800 1360

Point Cloud 530:
192 766
82 758
212 726
228 743
234 807
140 771
97 904
74 657
233 730
48 873
78 720
92 732
35 1638
718 1030
1594 1462
1604 1508
1569 1520
1561 1486
1705 1546
1795 1304
1830 1393
1868 1255
1784 1338
1799 1349
1834 1325
1816 1420
1802 1285
1767 1234
1762 1257
1791 1477

Point Cloud 531:
70 811
88 895
189 714
43 838
161 669
163 774
46 864
66 893
90 897
155 742
54 848
122 743
27 1710
670 1004
1569 1516
1624 1525
1571 1586
1569 1544
1529 1458
1707 1538
1809 1264
1749 1473
1749 1306
1785 1467
1704 1350
1805 1297
1834 1397
1811 1480
1850 1318
1849 1371

Point Cloud 532:
47 1685
100 690
217 732
237 761
57 909
203 825
143 846
60 846
66 912
14 846
112 773
195 714
107 700
83 752
688 1051
1540 1423
1547 1497
1613 1535
1621 1482
1568 1555
1714 1551
1753 1334
1802 1337
1822 1377
1818 1321
1780 1327
1794 1238
1793 1365
1777 1475
1846 1393
1771 1313
1866 1338

Point Cloud 533:
7 1717
172 750
230 798
56 803
128 714
58 824
172 757
89 683
76 809
33 796
161 814
125 856
71 862
118 743
653 1080
1554 1442
1514 1466
1617 1563
1582 1462
1698 1559
1860 1366
1695 1355
1830 1367
1755 1258
1827 1240
1813 1333
1786 1260
1869 1247
1790 1466

Point Cloud 534:
57 1698
135 695
55 791
50 903
125 724
122 782
101 677
174 804
177 810
71 730
105 801
151 854
83 829
75 654
116 760
592 1111
1378 52
1574 1549
1625 1511
1589 1471
1540 1448
1717 1546
1854 1271
1816 1438
1827 1293
1709 1373
1795 1320
1771 1247
1791 1343
1786 1286
1810 1329
1760 1346

Point Cloud 535:
18 1740
57 732
112 825
58 730
82 861
35 745
111 746
75 859
99 714
84 710
137 737
112 806
64 883
106 766
518 1116
1592 1551
1579 1492
1566 1466
1535 1447
1606 1490
1828 1399
1743 1308
1778 1384
1842 1282
1861 1307
1703 1364
1733 1313
1730 1322
1866 1244
1774 1244

Point Cloud 536:
187 752
186 748
137 840
33 886
106 731
109 682
129 797
64 901
156 707
87 703
212 817
12 854
35 1731
359 1159
1557 1463
1608 1515
1566 1438
1609 1514
1677 1525
1809 1453
1831 1263
1825 1474
1779 1408
1770 1277
1809 1400
1776 1386
1788 1253
1834 1426
1715 1360

Point Cloud 537:
108 805
91 826
87 910
120 832
132 779
137 701
140 728
84 866
105 857
182 730
60 745
73 831
24 1748
207 1170
1560 1517
1594 1440
1638 1451
1639 1534
1740 1469
1719 1471
1792 1403
1782 1360
1784 1309
1701 1351
1777 1269
1823 1291
1810 1348
1712 1342
1814 1452

Point Cloud 538:
95 798
54 858
110 873
71 792
125 755
112 851
122 729
93 714
45 901
54 838
234 796
137 692
63 775
48 1690
161 1201
1711 1471
1617 1541
1730 1460
1615 1513
1626 1561
1630 1569
1691 1540
1755 1393
1769 1328
1825 1337
1773 1278
1829 1311
1846 1382
1777 1254
1877 1309

Point Cloud 539:
42 1166
133 699
99 831
49 863
101 857
136 692
77 696
98 660
159 742
175 754
97 893
50 864
158 780
231 813
33 1750
1553 1461
1703 1439
1614 1514
1713 1502
1560 1559
1708 1451
1685 1535
1734 1343
1770 1309
1871 1316
1826 1432
1785 1381
1838 1430
1814 1377
1786 1306

Point Cloud 540:
236 774
106 858
54 744
48 803
24 826
102 792
77 832
168 816
98 816
208 774
9 834
108 853
58 783
48 1695
1362 50
1625 1522
1660 1528
1579 1531
1568 1422
1588 1433
1621 1511
1817 1381
1756 1321
1811 1296
1826 1428
1847 1279
1785 1421
1844 1314
1792 1366

Point Cloud 541:
121 793
202 785
129 815
54 867
38 877
214 783
208 747
93 731
131 716
106 821
135 680
106 672
198 768
30 1719
1618 1452
1575 1427
1637 1469
1574 1474
1716 1470
1566 1503
1787 1388
1839 1286
1890 1303
1879 1284
1819 1338
1736 1330
1777 1422
1852 1431

Point Cloud 542:
87 829
63 787
120 742
134 759
22 838
8 859
225 736
79 768
159 731
165 697
161 702
156 690
20 1057
5 1740
229 834
1604 1463
1611 1531
1609 1521
1586 1485
1566 1424
1686 1434
1834 1478
1816 1400
1783 1401
1844 1497
1816 1358
1860 1262
1790 1278
1859 1251

Point Cloud 543:
168 747
80 670
76 803
136 728
171 671
178 768
32 894
228 737
84 900
79 899
132 761
116 820
178 780
47 1709
48 983
1630 1469
1680 1424
1571 1522
1652 1456
1709 1543
1726 1442
1882 1388
1803 1376
1773 1407
1854 1477
1821 1446
1842 1259
1740 1383
1849 1290
1833 1252

Point Cloud 544:
216 814
9 860
90 898
234 832
195 698
110 856
130 736
215 766
97 737
111 759
22 858
187 725
18 1720
56 988
1600 1476
1612 1443
1632 1490
1614 1478
1726 1453
1686 1515
1846 1264
1841 1257
1719 1337
1869 1247
1889 1276
1856 1418
1841 1490
1828 1299
1747 1405

Point Cloud 545:
93 669
39 868
56 747
121 867
237 768
79 908
58 763
162 643
145 660
233 762
92 690
160 650
27 1008
41 1716
1561 1394
1615 1492
1562 1492
1658 1536
1559 1473
1706 1557
1712 1449
1731 1351
1852 1410
1791 1346
1817 1306
1843 1479
1841 1313
1738 1321
1827 1275
1848 1374

Point Cloud 546:
230 779
81 696
190 766
83 897
104 710
228 750
40 898
140 850
208 707
170 818
73 736
66 910
191 708
24 1729
161 648
1564 1411
1642 1500
1655 1489
1652 1467
1720 1461
1830 1407
1851 1417
1737 1374
1835 1463
1813 1436
1818 1290
1843 1272
1835 1281

Point Cloud 547:
44 717
30 883
91 783
128 726
231 764
107 807
104 699
8 831
152 783
126 724
89 849
41 898
101 872
129 680
66 1713
1699 1419
1877 1254
1703 1347
1660 1447
1624 1484
1819 1394
1821 1451
1749 1357
1671 1430
1787 1392
1619 1467
1764 1443
1703 1456
1707 1540

Point Cloud 548:
70 669
70 682
147 752
154 674
112 815
75 812
66 782
146 753
171 685
163 722
150 785
40 886
28 901
45 1736
160 829
162 830
1592 1503
1875 1411
1555 1493
1793 1276
1616 1477
1675 1510
1825 1385
1593 1457
1555 1520
1557 1427
1631 1501
1767 1422
1615 1455
1729 1353
1719 1414
1644 1446

Point Cloud 549:
116 748
54 727
62 829
86 682
199 748
24 750
57 745
102 631
98 742
129 665
10 817
62 717
199 756
46 761
34 1754
1701 1430
1610 1505
1756 1459
1601 1456
1790 1437
1697 1465
1622 1481
1578 1518
1563 1449
1575 1426
1550 1392
1758 1393
1734 1370
1611 1458
1804 1432
1682 1517

Point Cloud 550:
133 762
146 796
86 852
131 749
83 883
97 644
244 814
252 788
190 749
55 744
144 667
170 757
90 901
38 1751
167 814
1752 1345
1800 1396
1834 1321
1599 1524
1813 1397
1747 1276
1678 1481
1823 1361
1736 1308
1799 1255
1637 1460
1670 1419
1639 1459
1548 1404
1826 1446
1704 1464
1561 1512

Point Cloud 551:
110 793
38 740
160 792
167 759
81 701
154 747
136 711
119 863
86 685
98 838
134 738
57 1709
203 823
157 904
255 749
1822 1285
1668 1441
1553 1511
1661 1429
1730 1440
1520 1484
1672 1482
1724 1333
1764 1367
1587 1428
1753 1343
1837 1311
1793 1437
1728 1388
1823 1408
1687 1464
1706 1558
1859 1356

Point Cloud 552:
34 852
61 752
94 871
119 798
88 856
141 686
129 735
235 807
20 721
68 869
113 651
90 841
153 658
144 829
34 1724
1628 1432
1775 1434
1649 1543
1807 1271
1518 1498
1872 1247
1804 1368
1756 1375
1739 1380
1869 1240
1754 1292
1613 1477
1608 1474
1710 1495
1824 1381
1653 1427
1686 1466

Point Cloud 553:
27 804
80 739
74 685
19 790
238 873
75 802
81 761
228 782
86 831
67 914
168 711
166 688
134 651
41 759
53 716
60 1691
1381 36
1604 1480
1712 1476
1865 1271
1778 1359
1836 1295
1712 1555
1689 1508
1784 1317
1729 1257
1745 1251
1753 1440
1553 1492
1738 1368
1782 1480
1681 1475
1697 1483
1764 1257

Point Cloud 554:
51 763
85 781
191 872
79 790
2 770
12 829
155 766
98 698
67 789
178 702
176 773
102 794
120 732
58 874
149 693
73 917
41 1725
1392 41
1568 1431
1683 1424
1652 1394
1609 1449
1693 1525
1615 1423
1648 1545
1798 1311
1735 1470
1789 1234
1834 1284
1700 1342
1751 1393
1741 1253
1740 1304
1826 1375
1807 1254

Point Cloud 555:
131 792
36 819
234 773
110 699
119 763
104 797
207 822
17 733
144 710
6 808
145 799
40 795
105 819
210 739
52 879
34 1709
1664 1446
1688 1424
1627 1523
1775 1297
1836 1283
1546 1508
1794 1452
1798 1357
1605 1479
1822 1279
1752 1383
1717 1507
1813 1453
1713 1361
1623 1509
1580 1430

Point Cloud 556:
121 732
200 819
81 699
243 845
160 703
235 762
62 764
147 791
23 772
227 821
59 896
208 896
157 697
93 791
133 654
37 1724
1802 1269
1823 1431
1798 1434
1635 1523
1808 1263
1836 1382
1802 1274
1838 1331
1707 1470
1707 1523
1830 1421
1706 1392
1754 1328
1704 1409
1698 1466
1786 1256
1562 1375

Point Cloud 557:
3 767
75 742
239 759
221 875
47 882
64 756
129 816
172 833
185 640
168 676
227 770
78 737
140 793
123 827
25 1738
1764 1420
1774 1502
1713 1496
1742 1435
1660 1516
1861 1410
1646 1458
1737 1454
1850 1451
1756 1423
1561 1483
1730 1356
1811 1320
1853 1356
1768 1317
1694 1396
1783 1311
1579 1428

Point Cloud 558:
110 691
60 882
73 856
113 721
133 692
108 695
229 844
194 829
92 865
168 822
88 773
4 807
54 897
74 867
28 1736
1574 1430
1816 1345
1812 1437
1768 1398
1761 1483
1803 1372
1819 1297
1694 1425
1813 1273
1787 1358
1675 1409
1823 1399
1549 1513
1745 1353
1668 1500
1790 1259
1822 1327
1676 1521

Point Cloud 559:
88 863
106 862
211 835
173 664
6 792
81 695
138 668
87 738
114 824
116 739
177 759
99 821
186 823
169 845
26 1723
1638 1430
1639 1511
1614 1476
1696 1550
1701 1437
1693 1457
1569 1406
1645 1512
1636 1458
1819 1430
1809 1283
1842 1249
1786 1246
1729 1317
1812 1324
1756 1286
1789 1368

Point Cloud 560:
152 742
173 850
99 676
199 817
18 740
240 852
98 820
165 667
109 793
74 754
68 794
63 801
142 651
62 751
16 1710
1357 33
1678 1528
1729 1412
1652 1391
1648 1460
1752 1496
1652 1465
1571 1396
1640 1518
1702 1330
1784 1306
1858 1276
1738 1320
1871 1288
1806 1211
1784 1287
1801 1229

Point Cloud 561:
184 735
119 732
53 800
117 730
200 844
190 804
39 756
173 757
193 848
32 786
108 706
44 842
150 636
61 1683
337 910
1356 53
1708 1470
1652 1525
1682 1521
1692 1462
1751 1430
1703 1476
1629 1512
1630 1465
1673 1412
1825 1275
1762 1270
1789 1281
1731 1342
1776 1369
1809 1421
1860 1364
1806 1260

Point Cloud 562:
42 733
202 808
98 754
97 793
115 903
70 752
42 726
127 769
96 888
92 896
64 872
78 826
158 639
9 1702
316 881
1362 60
1693 1416
1641 1508
1673 1434
1690 1508
1847 1306
1678 1505
1648 1528
1836 1315
1679 1520
1733 1447
1732 1409
1816 1401
1607 1467
1841 1447
1744 1498
1774 1230
1681 1491

Point Cloud 563:
192 869
143 630
46 737
0 783
211 823
110 710
99 849
133 712
99 791
127 726
119 844
19 742
9 761
171 967
1858 1281
1584 1402
1658 1485
1724 1411
1699 1476
1640 1480
1618 1448
1698 1325
1629 1474
1751 1417
1725 1351
1720 1348
1760 1405
1850 1316
1613 1496
1775 1423
1698 1336

Point Cloud 564:
76 851
130 696
31 741
152 823
110 845
88 747
144 698
126 718
23 772
180 799
152 808
63 820
82 977
1787 1194
1787 1317
1783 1323
1598 1421
1818 1389
1776 1378
1739 1304
1813 1202
1598 1445
1607 1489
1756 1418
1632 1421
1612 1406
1636 1418
1755 1264
1670 1532
1671 1442

Point Cloud 565:
67 806
63 732
66 775
156 729
103 858
100 856
168 726
185 781
61 804
124 719
101 817
55 977
147 630
1772 1402
1785 1378
1830 1243
1621 1512
1768 1271
1635 1535
1758 1375
1559 1434
1862 1332
1735 1305
1750 1469
1609 1462
1648 1418
1633 1483
1623 1496
1606 1484
1760 1405

Point Cloud 566:
43 784
165 770
88 908
29 796
124 737
180 678
53 733
50 801
99 853
43 800
55 767
93 862
105 648
1586 1510
1803 1310
1765 1432
1729 1405
1701 1520
1819 1231
1618 1455
1786 1248
1853 1240
1598 1468
1754 1255
1624 1523
1739 1331
1710 1413
1715 1405
1727 1332

Point Cloud 567:
37 713
145 827
137 687
58 770
94 896
114 843
100 641
79 748
124 648
59 721
141 766
129 750
1657 1428
1599 1507
1649 1411
1705 1475
1681 1457
1604 1530
1656 1438
1577 1514
1719 1330
1804 1358
1887 1227
1788 1242
1810 1336
1801 1405
1776 1363

Point Cloud 568:
64 773
126 739
187 815
215 797
90 849
178 828
79 844
158 794
115 863
128 763
143 647
163 711
1764 1289
1637 1514
1683 1426
1812 1259
1760 1307
1713 1309
1760 1500
1651 1441
1756 1493
1720 1312
1794 1244
1805 1237
1686 1520
1734 1405

Point Cloud 569:
31 714
115 746
17 782
69 920
18 887
147 842
93 733
75 720
23 739
21 953
147 639
161 723
1627 1464
1856 1310
1771 1260
1794 1332
1790 1402
1601 1501
1897 1258
1884 1209
1838 1244
1749 1378
1668 1427
1687 1453
1694 1318
1624 1516

Point Cloud 570:
107 739
46 720
79 838
43 725
88 726
101 837
12 779
115 737
194 861
10 922
164 709
161 636
646 1973
1638 1530
1715 1332
1703 1400
1713 1527
1662 1457
1833 1344
1750 1372
1786 1296
1757 1482
1785 1365
1699 1526
1723 1422
1639 1493
1850 1349
1855 1272

Point Cloud 571:
110 857
37 846
69 893
144 795
195 831
110 766
46 808
88 768
163 716
54 852
95 889
162 845
169 763
96 815
649 1988
1682 1463
1692 1462
1804 1314
1708 1533
1769 1340
1718 1407
1745 1271
1719 1434
1632 1508
1727 1428
1720 1391
1745 1406
1632 1443
1674 1470
1667 1395
1733 1455
1784 1369

Point Cloud 572:
88 912
68 748
96 746
52 830
114 841
85 909
167 739
61 797
29 917
166 695
2 764
165 700
10 795
718 2017
1609 1433
1765 1356
1729 1301
1605 1509
1693 1357
1706 1313
1672 1390
1657 1466
1704 1431
1827 1302
1727 1407
1592 1536
1628 1461
1710 1487
1760 1379
1606 1412

Point Cloud 573:
117 801
103 727
50 864
191 828
137 780
104 813
70 863
49 786
178 696
81 722
41 799
1 787
169 827
51 852
4 1690
733 2013
1364 37
1654 1380
1636 1444
1725 1473
1768 1262
1733 1486
1740 1401
1669 1424
1728 1348
1838 1365
1775 1375
1779 1251
1753 1400
1732 1299
1749 1366
1825 1340
1897 1250

Point Cloud 574:
39 753
49 735
138 809
188 838
48 884
104 842
176 869
145 767
89 648
90 847
119 794
41 812
125 643
55 742
21 1651
697 1998
1392 58
1644 1426
1760 1380
1594 1416
1636 1449
1741 1493
1721 1343
1686 1421
1599 1438
1583 1466
1768 1351
1759 1269
1718 1378
1680 1501
1632 1523
1813 1242
1876 1266

Point Cloud 575:
46 664
93 756
56 868
102 665
56 687
114 757
32 829
158 808
58 804
116 788
65 735
31 836
96 691
118 753
14 1644
1678 1463
1711 1376
1730 1442
1752 1404
1629 1527
1622 1400
1694 1509
1729 1426
1610 1421
1709 1446
1824 1268
1813 1281
1782 1317
1847 1364

Point Cloud 576:
67 875
104 800
238 785
193 797
144 868
189 803
82 768
30 694
75 878
51 844
28 788
166 865
23 1602
173 689
1708 1415
1719 1312
1678 1504
1670 1382
1630 1414
1671 1541
1711 1364
1754 1391
1629 1514
1686 1452
1821 1240
1831 1265
1807 1254
1786 1272
1814 1259

Point Cloud 577:
28 839
87 831
135 869
158 817
70 829
40 839
45 743
42 714
102 802
123 878
130 852
116 837
34 1651
148 693
1752 1403
1746 1469
1760 1420
1796 1321
1696 1407
1710 1398
1698 1324
1801 1238
1720 1367
1645 1513
1684 1368
1723 1307
1687 1362
1707 1379
1804 1246

Point Cloud 578:
11 732
139 892
66 843
145 816
151 853
30 704
196 795
85 785
143 881
11 695
138 785
99 749
29 1644
186 690
1653 1411
1722 1438
1830 1260
1702 1334
1788 1369
1607 1513
1825 1364
1707 1517
1628 1477
1702 1301
1700 1508
1732 1340
1776 1300
1686 1314
1695 1491

Point Cloud 579:
66 819
108 797
73 910
86 769
159 817
106 782
122 767
96 749
174 854
45 792
59 857
58 1618
189 702
197 814
1731 1324
1765 1483
1766 1242
1667 1396
1646 1515
1784 1324
1762 1253
1597 1427
1711 1519
1593 1463
1697 1416
1718 1386
1781 1251
1786 1267
1693 1415
1601 1445

Point Cloud 580:
39 714
132 818
67 790
60 676
140 765
56 721
46 729
128 681
152 754
13 818
9 676
61 790
51 1660
199 791
1340 35
1656 1500
1704 1464
1765 1255
1723 1378
1812 1260
1697 1395
1726 1375
1820 1250
1756 1320
1640 1434
1749 1357
1755 1281
1717 1311
1787 1346
1663 1423
1705 1402

Point Cloud 581:
50 842
140 904
73 696
67 672
56 746
39 795
32 700
38 718
39 810
104 798
79 780
55 1622
171 702
185 822
1348 55
1724 1297
1771 1473
1618 1490
1754 1332
1722 1298
1664 1546
1631 1409
1693 1295
1623 1470
1603 1493
1658 1406
1657 1435
1603 1436
1687 1429
1691 1521
1837 1256

Point Cloud 582:
75 738
56 817
15 745
61 871
105 781
81 796
102 858
154 782
94 931
138 837
134 790
37 1667
163 689
189 830
437 1975
1844 1331
1734 1443
1675 1458
1665 1429
1697 1485
1765 1377
1686 1449
1682 1491
1650 1397
1832 1380
1821 1390
1781 1369
1826 1380
1816 1369
1808 1246

Point Cloud 583:
53 689
114 834
25 748
78 854
139 746
45 720
82 870
133 887
104 723
29 800
71 877
61 1618
171 705
212 771
446 1952
1747 1374
1696 1431
1707 1491
1826 1340
1784 1354
1676 1402
1696 1292
1711 1321
1604 1513
1761 1469
1598 1392
1687 1305
1729 1442
1689 1419
1838 1358
1815 1275

Point Cloud 584:
40 744
71 884
34 762
20 724
165 879
53 856
102 760
135 760
34 712
141 762
136 845
43 1638
132 668
184 840
387 1885
1703 1311
1820 1312
1663 1496
1651 1399
1722 1294
1826 1331
1667 1363
1716 1455
1842 1386
1734 1387
1661 1368
1824 1397
1671 1438
1704 1451
1679 1320
1805 1275

Point Cloud 585:
2 752
117 788
67 723
62 906
122 778
120 885
3 773
54 706
39 732
205 765
22 713
67 904
26 1567
174 719
389 1841
1671 1318
1661 1456
1720 1314
1736 1446
1611 1510
1633 1396
1604 1425
1706 1489
1650 1512
1672 1336
1656 1450
1683 1486
1807 1260
1792 1405
1823 1349
1778 1360

Point Cloud 586:
21 777
20 749
58 916
72 775
59 706
53 707
46 679
133 804
53 786
1 726
7 802
110 771
33 1605
153 720
458 1832
1381 61
1696 1498
1658 1540
1626 1474
1717 1340
1698 1405
1684 1482
1690 1479
1631 1412
1606 1490
1734 1423
1757 1455
1768 1274
1785 1359
1854 1371

Point Cloud 587:
2 723
156 850
127 814
43 812
88 777
69 886
78 763
41 678
105 773
68 798
13 1568
148 694
202 799
499 1954
1798 1408
1569 1454
1809 1377
1726 1488
1744 1337
1705 1435
1678 1530
1633 1447
1749 1396
1797 1331
1741 1453
1762 1410
1705 1360
1792 1329
1644 1504

Point Cloud 588:
65 878
42 676
90 828
79 898
80 813
106 764
32 791
102 727
75 811
66 892
29 1614
169 726
194 822
1700 1372
1681 1363
1596 1407
1726 1499
1676 1336
1747 1446
1655 1480
1772 1275
1724 1358
1734 1384
1677 1529
1834 1375
1691 1393
1805 1327
1708 1340
1842 1311

Point Cloud 589:
73 796
66 770
60 772
52 903
111 781
47 823
58 888
113 764
25 707
18 779
43 1649
133 704
209 839
1795 1407
1713 1371
1807 1340
1742 1431
1745 1452
1805 1364
1730 1304
1644 1385
1796 1298
1817 1319
1782 1267
1808 1397
1837 1272
1715 1412
1806 1271
1802 1292

Point Cloud 590:
126 764
70 861
81 899
172 847
65 767
107 853
89 739
53 818
114 829
164 856
58 1649
147 717
213 791
1628 1468
1807 1384
1760 1402
1644 1395
1654 1411
1769 1317
1655 1425
1808 1230
1796 1415
1718 1467
1646 1401
1849 1375
1621 1533
1671 1516
1649 1473
1582 1436

Point Cloud 591:
86 886
153 854
41 799
53 865
79 733
136 897
3 746
127 821
60 874
2 711
109 776
58 1638
167 700
205 832
1348 34
1689 1290
1781 1365
1688 1396
1627 1462
1737 1325
1647 1414
1685 1406
1704 1332
1821 1365
1662 1463
1708 1422
1757 1405
1604 1460
1777 1334
1656 1381

Point Cloud 592:
143 830
13 818
136 777
121 809
109 727
104 882
27 728
59 687
128 874
193 701
100 847
84 763
51 1620
197 790
1355 58
1806 1421
1656 1491
1601 1448
1590 1489
1685 1499
1788 1218
1715 1328
1714 1421
1809 1251
1719 1443
1780 1394
1768 1299
1812 1252
1786 1195
1652 1384
1574 1442

Point Cloud 593:
131 889
139 696
102 790
50 712
33 769
36 768
149 769
22 772
109 883
79 920
18 813
38 785
40 1601
215 784
1698 1430
1606 1544
1603 1424
1584 1540
1696 1503
1753 1341
1814 1240
1659 1511
1647 1467
1819 1413
1710 1294
1674 1470
1765 1453
1826 1362
1576 1432
1788 1277

Point Cloud 594:
153 718
95 823
75 780
115 759
181 720
12 723
97 819
101 775
101 879
95 796
115 749
155 709
24 1595
218 790
1712 1468
1776 1351
1662 1400
1783 1193
1674 1541
1797 1324
1761 1281
1798 1307
1836 1388
1702 1512
1840 1331
1841 1316
1826 1305
1776 1312
1813 1325
1711 1334

Point Cloud 595:
174 709
73 855
37 776
133 870
24 739
89 882
172 693
58 904
99 870
106 762
3 760
27 864
35 1633
213 812
1645 1465
1827 1402
1680 1522
1768 1344
1745 1458
1769 1293
1606 1449
1585 1529
1725 1361
1660 1518
1835 1314
1662 1549
1644 1474
1687 1507
1797 1314
1812 1383

Point Cloud 596:
50 730
102 800
43 763
43 887
131 762
27 747
150 739
42 871
137 826
59 663
134 713
51 923
104 843
63 1654
219 774
1380 53
1633 1417
1819 1375
1575 1502
1693 1490
1614 1392
1741 1368
1564 1499
1632 1396
1747 1401
1711 1428
1591 1430
1773 1216
1714 1348
1724 1346
1786 1411
1797 1415

Point Cloud 597:
146 764
3 815
55 730
185 823
15 679
163 708
8 667
56 791
46 667
96 781
49 761
110 924
181 826
164 849
43 1633
15 1586
217 825
420 2015
1368 52
1804 1327
1684 1380
1697 1463
1778 1315
1800 1196
1787 1204
1671 1401
1763 1469
1747 1413
1735 1401
1817 1398
1837 1340
1621 1439
1684 1433
1809 1419
1793 1309

Point Cloud 598:
35 814
60 924
108 904
83 849
23 692
114 900
128 764
21 696
44 750
122 894
55 685
21 737
103 795
187 691
6 1575
216 777
1383 47
1631 1517
1719 1372
1567 1465
1818 1391
1788 1335
1742 1301
1629 1494
1650 1409
1704 1447
1597 1509
1693 1424
1802 1418
1821 1397
1614 1425
1755 1320
1771 1326

Point Cloud 599:
30 842
110 880
67 839
119 833
81 721
62 700
87 888
110 907
93 773
71 732
170 702
141 883
21 767
45 1596
216 767
1814 1261
1720 1452
1830 1379
1788 1226
1806 1204
1808 1366
1797 1367
1787 1378
1630 1402
1592 1409
1650 1446
1704 1483
1772 1254
1564 1426
1610 1476
1752 1409
1689 1444

Point Cloud 600:
151 720
70 932
1 783
68 790
19 775
11 797
36 828
36 800
108 740
180 823
2 786
132 754
40 742
52 1623
204 811
414 2000
1808 1420
1794 1404
1572 1401
1679 1452
1765 1324
1841 1231
1695 1336
1804 1376
1619 1467
1660 1453
1663 1403
1747 1468
1820 1322
1741 1344
1587 1481
1797 1287
1645 1409

Point Cloud 601:
94 891
28 770
99 824
11 824
117 792
117 758
138 767
112 930
94 799
135 694
26 862
54 754
41 915
91 713
39 1645
1839 1235
1638 1397
1724 1350
1630 1450
1775 1223
1742 1411
1787 1334
1654 1463
1698 1401
1697 1414
1641 1413
1541 1504
1665 1520
1731 1387
1664 1524
1724 1507

Point Cloud 602:
73 814
89 866
117 849
123 705
88 708
68 788
28 839
36 896
18 756
95 835
67 829
27 782
46 768
123 869
58 1609
1822 1346
1674 1409
1780 1207
1607 1393
1728 1441
1661 1536
1729 1433
1568 1484
1714 1404
1556 1510
1789 1288
1801 1247
1613 1403
1840 1287
1848 1192

Point Cloud 603:
230 781
3 708
95 903
223 804
213 793
20 845
14 770
61 882
46 764
47 696
18 826
35 659
206 817
128 876
59 1616
1348 42
1857 1178
1740 1306
1734 1398
1766 1192
1776 1414
1876 1127
1753 1372
1795 1209
1860 1199
1729 1395
1835 1182
1710 1439
1868 1170
1812 1273
1579 1491
1736 1385

Point Cloud 604:
74 692
69 773
85 929
3 887
183 690
120 707
4 913
54 726
112 835
91 868
45 1597
207 774
1829 1421
1772 1384
1791 1443
1606 1462
1589 1473
1725 1294
1697 1477
1688 1282
1810 1402
1645 1450
1780 1260
1767 1200
1874 1166
1868 1153

Point Cloud 605:
129 726
228 840
220 807
45 694
53 736
65 780
68 745
33 853
17 789
64 729
19 803
75 911
46 1623
1739 1436
1766 1357
1754 1438
1725 1420
1603 1383
1774 1424
1749 1325
1782 1349
1659 1515
1741 1472
1615 1387
1771 1186
1797 1289
1881 1169
1897 1151
1861 1133

Point Cloud 606:
29 693
1 733
43 755
26 878
218 841
56 798
40 696
58 731
11 698
67 769
75 901
73 806
71 872
55 1635
1798 1264
1598 1460
1780 1303
1649 1489
1816 1384
1698 1475
1648 1491
1825 1356
1758 1293
1575 1458
1793 1281
1645 1422
1737 1451
1783 1281
1780 1215
1851 1052
1877 1037

Point Cloud 607:
126 852
2 679
186 805
92 877
131 805
12 845
88 743
87 682
53 952
61 870
91 823
89 951
9 862
97 908
63 773
46 1618
355 2004
1353 56
1808 1432
1795 1242
1794 1333
1601 1373
1749 1382
1727 1419
1777 1306
1717 1455
1841 1357
1614 1371
1704 1392
1736 1412
1792 1296
1799 1362
1715 1317
1833 1096
1876 1081

Point Cloud 608:
67 736
44 815
38 859
108 764
32 826
86 846
120 723
54 794
51 867
119 697
226 765
162 805
108 767
78 862
28 1599
1339 35
1769 1301
1789 1410
1623 1489
1645 1411
1831 1364
1796 1267
1801 1321
1786 1289
1822 1423
1741 1303
1779 1373
1688 1414
1710 1315
1732 1339
1830 1098
1836 1050

Point Cloud 609:
119 857
142 719
63 676
99 725
52 672
100 800
29 738
25 677
50 735
2 743
20 670
172 688
175 687
79 964
112 864
46 1612
1370 55
1627 1438
1828 1384
1842 1264
1839 1433
1629 1473
1771 1250
1680 1377
1642 1408
1610 1401
1834 1279
1792 1277
1622 1440
1712 1342
1669 1407
1782 1393
1631 1398
1644 1449
1851 1083

Point Cloud 610:
93 777
41 801
123 864
82 878
39 892
230 764
38 756
216 839
87 748
88 812
23 795
105 716
1 874
27 780
51 1621
1357 41
1716 1448
1713 1296
1715 1422
1788 1271
1666 1407
1787 1159
1590 1403
1776 1203
1600 1494
1784 1362
1703 1368
1598 1421
1828 1295
1733 1290
1806 1344
1698 1437
1587 1428

Point Cloud 611:
1 704
38 883
103 776
83 887
10 873
78 706
69 841
67 676
182 698
133 830
14 803
60 719
67 909
53 848
68 1632
1728 1439
1826 1151
1747 1343
1621 1507
1865 1263
1813 1129
1636 1417
1711 1494
1816 1335
1791 1369
1778 1274
1656 1433
1624 1505
1702 1307
1788 1260
1840 1122
1810 1369

Point Cloud 612:
97 945
71 916
78 750
107 755
127 832
143 837
105 948
147 806
1 743
30 867
113 918
99 903
103 913
9 722
15 1599
1744 1368
1789 1298
1815 1376
1769 1182
1633 1378
1749 1402
1814 1231
1647 1403
1698 1465
1764 1285
1721 1470
1730 1282
1666 1433
1837 1252
1796 1459
1630 1477
1778 1349
1803 1367

Point Cloud 613:
9 650
63 704
220 815
33 702
2 894
30 889
112 801
119 773
60 816
116 844
150 692
89 834
207 820
131 688
47 1635
1763 1339
1819 1432
1697 1448
1778 1463
1744 1332
1796 1394
1742 1333
1729 1358
1847 1386
1848 1348
1758 1287
1757 1381
1803 1371
1776 1331
1776 1310
1789 1287
1804 1313
1777 1183

Point Cloud 614:
102 868
178 801
178 706
15 870
14 738
122 880
113 861
49 718
6 730
155 714
69 693
180 806
216 834
47 1582
89 907
1635 1391
1691 1436
1627 1465
1767 1339
1718 1400
1803 1249
1687 1432
1782 1429
1773 1436
1787 1265
1656 1378
1718 1421
1762 1425
1641 1417
1827 1220
1667 1373
1810 1234

Point Cloud 615:
165 800
33 723
89 975
100 797
157 689
193 801
194 822
92 904
5 641
154 708
173 791
225 790
121 705
16 856
39 1621
347 2008
1351 38
1751 1324
1823 1246
1707 1475
1825 1342
1823 1337
1731 1405
1616 1389
1708 1470
1844 1381
1743 1397
1696 1345
1790 1182
1643 1467
1637 1411
1716 1486
1647 1446
1753 1432

Point Cloud 616:
116 914
5 660
32 919
96 737
30 918
15 753
38 762
26 774
67 735
95 725
125 808
63 807
19 806
78 767
109 923
51 697
42 1616
1351 62
1733 1328
1774 1272
1797 1357
1744 1270
1704 1486
1772 1316
1808 1230
1617 1423
1802 1406
1768 1364
1704 1488
1703 1284
1684 1377
1744 1474
1659 1299
1635 1332
1828 1211
1628 1328
1803 1243

Point Cloud 617:
14 814
28 621
39 727
1 612
113 774
180 687
102 775
130 713
22 659
8 812
216 811
40 750
20 767
65 905
55 804
37 685
35 1625
1357 35
1839 1417
1804 1308
1656 1435
1748 1243
1747 1375
1732 1242
1679 1395
1795 1266
1736 1519
1705 1436
1763 1383
1692 1415
1756 1442
1665 1447
1813 1245
1753 1362
1650 1495
1763 1431
1625 1361
1770 1341

Point Cloud 618:
65 834
115 880
196 825
86 694
226 791
15 867
33 838
88 814
65 763
42 732
78 702
108 819
116 691
38 639
56 639
128 777
26 1626
1800 1214
1706 1499
1746 1307
1697 1374
1808 1394
1777 1231
1672 1438
1714 1456
1788 1187
1780 1288
1788 1318
1630 1418
1723 1325
1785 1264
1779 1268
1610 1462
1668 1335
1760 1415

Point Cloud 619:
191 790
36 653
141 716
41 861
1 859
54 647
92 788
156 719
110 880
8 854
84 818
139 796
42 892
216 786
137 809
21 1608
1793 1493
1748 1309
1824 1214
1734 1315
1664 1303
1731 1412
1748 1370
1830 1235
1810 1224
1783 1478
1724 1256
1812 1216
1843 1395
1652 1330
1832 1392
1691 1247
1620 1336
1692 1388
1617 1493

Point Cloud 620:
17 817
75 884
184 806
65 712
43 897
36 753
61 737
142 807
118 774
29 802
95 914
46 656
78 761
55 882
82 623
12 1602
1640 1498
1751 1329
1729 1414
1806 1261
1767 1441
1789 1395
1684 1426
1694 1318
1665 1331
1664 1363
1785 1393
1702 1281
1746 1453
1655 1427
1715 1293
1702 1346
1670 1322
1830 1337
1622 1354

Point Cloud 621:
121 894
81 868
130 882
129 705
40 853
93 646
63 797
124 867
37 766
15 875
48 806
106 807
197 792
80 840
81 778
47 1610
1610 1449
1652 1363
1827 1263
1855 1247
1819 1451
1635 1373
1706 1335
1664 1345
1792 1452
1636 1452
1781 1313
1820 1249
1721 1456
1601 1472
1780 1223
1789 1273
1825 1422
1688 1384

Point Cloud 622:
24 762
44 763
133 769
109 631
89 692
217 775
63 721
146 720
148 751
161 713
74 749
172 902
118 665
79 829
78 892
59 686
29 1618
1388 61
1779 1208
1699 1274
1612 1350
1817 1269
1730 1464
1793 1179
1790 1386
1696 1331
1745 1288
1606 1353
1782 1397
1696 1310
1707 1414
1671 1410
1718 1377
1769 1313
1826 1411
1705 1327
1604 1359

Point Cloud 623:
121 921
102 641
44 804
89 680
156 921
96 966
82 853
213 810
156 892
109 798
98 669
63 807
93 766
113 796
40 758
61 708
1390 32
1636 1498
1789 1304
1801 1323
1789 1407
1677 1414
1636 1337
1632 1344
1750 1438
1703 1491
1777 1333
1690 1285
1774 1439
1730 1378
1788 1207
1772 1386
1711 1318
1775 1266
1734 1250

Point Cloud 624:
2 891
93 640
83 829
48 867
38 885
148 699
82 648
115 930
117 850
171 910
142 829
71 780
87 805
97 957
46 730
85 861
1343 41
1609 1488
1623 1354
1704 1240
1691 1453
1812 1260
1800 1424
1746 1247
1703 1385
1775 1305
1753 1301
1740 1332
1702 1503
1595 1345
1757 1328
1721 1484
1852 1499
1759 1214
1648 1435

Point Cloud 625:
174 704
75 756
87 613
143 821
191 798
84 919
10 805
40 840
161 802
147 709
84 858
68 790
45 788
156 952
1626 1464
1771 1246
1669 1318
1751 1421
1706 1373
1798 1454
1826 1320
1794 1421
1782 1224
1731 1300
1711 1348
1682 1299
1770 1401
1776 1456
1778 1177
1683 1270
1648 1421

Point Cloud 626:
114 762
58 832
8 847
77 922
78 799
57 808
84 785
72 776
117 766
158 948
22 791
94 665
23 805
17 832
1775 1436
1708 1394
1723 1441
1675 1356
1757 1496
1759 1442
1811 1447
1650 1428
1784 1384
1751 1294
1775 1298
1744 1379
1773 1256
1791 1315
1749 1310
1779 1466
1693 1498
1691 1249

Point Cloud 627:
50 865
213 779
19 848
94 837
130 731
198 802
138 760
129 823
184 788
60 844
142 753
28 800
42 689
93 752
1746 1441
1723 1440
1738 1295
1643 1395
1769 1404
1769 1314
1674 1459
1812 1346
1785 1253
1654 1370
1627 1422
1685 1300
1751 1437
1731 1347
1715 1333
1754 1397
1686 1320
1710 1366

Point Cloud 628:
126 929
127 794
16 840
46 850
45 908
85 872
24 655
169 797
98 770
134 818
87 847
50 822
4 855
72 734
1341 41
1614 1480
1761 1224
1722 1423
1817 1381
1763 1464
1753 1203
1632 1371
1668 1453
1784 1461
1737 1347
1661 1411
1796 1363
1747 1291
1704 1281
1748 1369
1658 1380
1846 1461

Point Cloud 629:
26 600
39 704
61 830
30 845
73 808
4 852
42 802
206 807
76 721
81 895
90 733
219 839
79 679
202 798
1363 28
1602 1433
1777 1385
1763 1314
1805 1400
1751 1397
1767 1408
1773 1475
1637 1380
1621 1391
1716 1397
1807 1429
1780 1431
1636 1405
1794 1473
1794 1205
1796 1449

Point Cloud 630:
49 589
22 818
137 929
88 920
146 699
37 863
44 810
141 703
93 725
43 673
112 952
72 863
155 912
61 907
41 760
1600 1464
1766 1350
1728 1310
1680 1427
1682 1419
1693 1416
1658 1420
1669 1434
1738 1298
1736 1245
1751 1329
1702 1224
1657 1391
1757 1468
1769 1449
1786 1280
1733 1387

Point Cloud 631:
81 728
104 841
130 775
109 738
97 950
52 748
31 712
70 778
102 825
199 805
4 810
85 749
155 953
19 618
1584 1424
1771 1347
1777 1452
1810 1461
1763 1292
1854 1449
1690 1311
1651 1371
1763 1327
1695 1295
1723 1345
1744 1223
1703 1443
1745 1316
1793 1318
1760 1301
1705 1305

Point Cloud 632:
40 692
103 899
149 730
75 846
114 763
37 828
5 821
61 789
60 828
66 694
52 592
139 962
186 797
156 840
1598 1475
1780 1229
1666 1410
1754 1309
1843 1364
1734 1444
1685 1424
1777 1264
1805 1371
1717 1415
1761 1187
1775 1188
1763 1263
1793 1446
1617 1374
1849 1341
1669 1321

Point Cloud 633:
83 695
114 648
11 888
100 871
21 915
61 775
83 744
117 660
13 886
105 772
82 661
55 847
148 654
22 923
134 909
1693 1487
1825 1429
1780 1382
1829 1404
1584 1464
1651 1468
1682 1484
1798 1242
1779 1262
1694 1320
1817 1270
1818 1233
1745 1431
1713 1382
1652 1409
1684 1489
1656 1462

Point Cloud 634:
91 655
109 954
102 723
96 755
70 866
77 660
71 939
55 786
109 854
177 796
114 1000
32 808
40 721
75 726
160 695
1844 1378
1807 1317
1727 1473
1827 1419
1824 1264
1819 1405
1850 1302
1840 1282
1781 1468
1858 1403
1721 1442
1878 1306
1652 1419
1675 1472
1730 1331
1810 1211

Point Cloud 635:
91 647
35 788
51 774
119 637
59 739
82 865
113 756
115 922
48 934
53 730
79 693
44 682
103 893
39 1095
409 2014
1708 1407
1804 1277
1766 1460
1787 1408
1855 1296
1838 1425
1849 1349
1825 1253
1782 1313
1853 1267
1648 1437
1793 1362
1812 1294
1711 1321
1749 1191

Point Cloud 636:
43 1048
209 807
211 776
44 911
110 638
90 749
71 703
123 838
126 772
80 781
230 780
82 760
127 798
1578 1477
1848 1284
1776 1279
1683 1430
1836 1243
1728 1423
1815 1259
1810 1373
1794 1307
1808 1370
1796 1402
1763 1264
1812 1298
1602 1352
1611 1374
1715 1450
1877 1254

Point Cloud 637:
8 1102
147 859
33 822
67 709
126 897
102 754
78 821
65 794
78 812
42 823
102 856
77 762
129 895
393 2009
1596 1441
1752 1175
1658 1362
1772 1317
1775 1494
1648 1394
1693 1395
1639 1434
1864 1255
1843 1251
1664 1355
1811 1274
1746 1176
1812 1361
1794 1337
1779 1246

Point Cloud 638:
61 679
219 758
38 860
182 760
46 780
144 742
77 719
194 800
131 857
117 727
109 721
205 737
164 733
34 1056
331 2006
1555 1464
1725 1378
1680 1427
1635 1368
1722 1399
1671 1413
1698 1500
1713 1321
1787 1496
1855 1287
1765 1185
1791 1182
1787 1300
1753 1191
1757 1282
1773 1192

Point Cloud 639:
82 836
18 709
110 727
107 914
153 796
91 706
25 844
142 835
203 769
86 862
50 855
41 735
61 780
39 1071
1701 1397
1623 1378
1630 1432
1659 1427
1710 1446
1638 1445
1732 1317
1829 1309
1838 1314
1750 1266
1781 1188
1799 1374
1787 1204
1807 1251
1749 1478

Point Cloud 640:
164 826
86 863
57 890
211 806
107 825
38 695
54 796
188 849
116 900
73 863
66 846
106 746
30 1080
1572 1459
1662 1472
1613 1366
1601 1352
1666 1466
1732 1311
1803 1259
1851 1288
1854 1283
1827 1250
1765 1232
1775 1220
1784 1266
1768 1487

Point Cloud 641:
164 816
138 771
43 745
48 784
119 834
44 718
139 811
214 848
74 745
122 886
122 816
131 847
80 1141
402 2010
1557 1467
1802 1372
1839 1347
1669 1427
1738 1471
1760 1278
1738 1423
1688 1334
1717 1420
1820 1290
1805 1260
1789 1351
1833 1252
1686 1444
1823 1245

Point Cloud 642:
107 913
135 856
171 801
211 813
125 829
3 766
167 862
128 888
7 725
88 948
94 843
32 861
54 1088
387 1999
1576 1452
1677 1450
1781 1391
1775 1486
1748 1380
1719 1524
1740 1475
1778 1399
1699 1498
1791 1346
1846 1262
1818 1266
1758 1301
1839 1363
1823 1329

Point Cloud 643:
55 739
9 788
105 717
77 765
84 853
216 869
65 763
63 720
88 807
57 889
84 813
103 741
54 825
24 1133
406 1983
1619 1442
1626 1313
1626 1309
1795 1316
1694 1479
1662 1318
1683 1501
1729 1311
1744 1323
1848 1393
1798 1243
1674 1337
1845 1247
1740 1477

Point Cloud 644:
81 730
71 927
124 806
70 725
46 822
25 837
192 798
122 732
75 824
42 754
124 781
80 914
119 790
116 911
24 1129
1364 42
1569 1454
1742 1383
1775 1226
1846 1226
1834 1331
1637 1359
1806 1253
1708 1328
1746 1499
1687 1298
1737 1380
1824 1285
1780 1247
1831 1333
1787 1368
1837 1209
1727 1466

Point Cloud 645:
7 731
39 881
121 785
80 809
121 974
75 841
85 818
167 847
104 900
76 711
61 933
132 787
105 930
41 1133
227 805
399 2017
1614 1366
1683 1305
1705 1330
1715 1329
1695 1362
1839 1190
1757 1472
1759 1271
1743 1283
1768 1440
1833 1183
1618 1435
1765 1281
1752 1502
1750 1475
1805 1192

Point Cloud 646:
90 939
42 812
89 839
98 860
139 757
83 951
89 708
91 780
110 734
70 849
128 816
46 798
13 1190
85 1044
1821 1206
1685 1428
1681 1408
1770 1392
1822 1179
1821 1387
1697 1432
1740 1467
1672 1428
1760 1271
1798 1208
1765 1519
1781 1327
1771 1288
1631 1420
1686 1305

Point Cloud 647:
104 942
104 864
66 803
104 900
89 868
82 764
155 706
91 810
27 902
57 877
3 743
41 1219
21 1084
226 774
1602 1433
1862 1220
1861 1251
1669 1415
1630 1385
1782 1272
1724 1486
1801 1242
1695 1435
1762 1391
1788 1184
1660 1370
1819 1332
1636 1391
1784 1397
1716 1531
1741 1330

Point Cloud 648:
197 836
91 914
14 751
75 946
44 734
90 820
13 813
142 811
19 815
16 801
46 800
100 832
12 1145
29 1189
1605 1443
1639 1383
1791 1331
1854 1231
1773 1273
1629 1369
1636 1391
1773 1222
1798 1412
1764 1258
1788 1183
1770 1458
1808 1450
1797 1474
1666 1315
1636 1367

Point Cloud 649:
137 694
47 801
135 752
144 820
69 793
64 863
119 785
29 791
119 720
140 896
130 853
112 719
177 858
34 1147
65 1221
1381 47
1655 1452
1671 1377
1699 1537
1752 1182
1774 1199
1706 1410
1652 1412
1732 1477
1720 1415
1617 1352
1703 1477
1753 1201
1738 1314
1803 1208
1824 1217
1716 1321

Point Cloud 650:
127 850
84 930
21 798
177 806
35 727
38 915
8 745
75 806
37 833
124 909
149 818
157 875
62 858
21 1169
57 1239
1601 1431
1775 1229
1845 1212
1797 1445
1659 1412
1792 1415
1649 1363
1762 1469
1744 1392
1750 1220
1739 1413
1661 1395
1756 1301
1771 1504
1720 1350
1707 1480

Point Cloud 651:
61 908
120 879
119 673
41 933
224 772
100 884
86 778
118 667
116 763
169 870
129 847
92 916
5 1228
72 1235
1628 1450
1760 1259
1796 1470
1835 1380
1865 1215
1791 1264
1757 1180
1776 1478
1798 1250
1843 1241
1745 1214
1774 1448
1587 1360
1754 1202
1758 1463
1693 1486

Point Cloud 652:
213 762
63 768
117 925
79 916
112 936
134 812
150 772
128 843
124 884
102 790
222 790
7 1181
94 1198
1636 1458
1758 1338
1806 1191
1665 1400
1751 1438
1812 1289
1743 1432
1801 1248
1694 1400
1757 1284
1766 1418
1761 1257
1719 1395
1731 1333
1748 1489
1704 1517

Point Cloud 653:
82 900
61 802
11 735
112 910
65 910
161 868
75 802
224 813
207 811
89 891
111 878
66 845
118 655
25 1234
87 1213
1754 1167
1823 1276
1693 1328
1815 1365
1748 1457
1726 1249
1778 1362
1776 1431
1683 1415
1829 1300
1680 1420
1778 1435
1666 1357
1748 1176
1721 1270
1817 1242
1767 1510
1688 1498

Point Cloud 654:
80 851
50 748
178 871
86 739
174 812
80 767
70 743
47 841
197 849
166 811
168 869
8 789
145 792
2 1197
104 1176
1780 1278
1700 1296
1698 1283
1778 1267
1841 1367
1723 1246
1816 1268
1715 1301
1706 1329
1812 1370
1644 1430
1776 1261
1766 1283
1657 1379
1625 1376
1707 1505
1766 1500

Point Cloud 655:
116 702
37 817
116 913
126 773
106 841
188 852
148 787
113 753
29 958
164 868
133 774
62 849
68 772
8 1212
72 1128
1352 54
1777 1321
1813 1390
1746 1354
1738 1248
1815 1251
1834 1319
1728 1192
1784 1241
1714 1277
1755 1165
1653 1391
1808 1245
1726 1236
1736 1252
1687 1499
1765 1482

Point Cloud 656:
159 882
86 905
122 911
166 788
72 818
104 672
135 855
169 880
159 843
33 946
41 786
106 740
107 814
118 697
12 1195
76 1090
1346 41
1781 1249
1719 1336
1764 1310
1678 1401
1814 1225
1719 1313
1585 1366
1765 1343
1794 1177
1743 1375
1786 1361
1747 1354
1684 1354
1676 1346
1759 1287
1705 1506
1757 1509

Point Cloud 657:
173 830
72 835
94 748
149 862
98 737
132 896
34 733
86 780
123 736
15 741
115 892
88 951
83 1113
67 1160
1833 1300
1704 1356
1707 1405
1829 1307
1735 1292
1848 1248
1846 1316
1860 1264
1739 1181
1874 1198
1666 1414
1805 1223
1799 1442
1831 1267
1763 1181
1766 1277
1692 1506

Point Cloud 658:
113 925
163 805
140 810
78 808
56 851
46 929
85 948
67 960
199 842
16 773
58 882
32 743
30 1163
1710 1299
1667 1405
1849 1295
1854 1282
1789 1429
1754 1258
1804 1211
1854 1299
1774 1363
1725 1168
1734 1262
1846 1183
1702 1433
1763 1187
1771 1181
1805 1327
1702 1534
1743 1472

Point Cloud 659:
94 870
55 785
81 888
45 745
49 959
139 891
156 894
213 815
61 875
90 916
44 753
86 722
34 1031
32 1113
1579 1448
1623 1453
1613 1388
1734 1307
1877 1206
1850 1307
1824 1229
1811 1254
1762 1297
1744 1182
1831 1329
1801 1411
1730 1178
1767 1185
1704 1474
1739 1480

Point Cloud 660:
110 761
22 733
165 865
68 936
91 730
131 841
147 859
199 856
115 825
71 911
121 776
226 773
49 1114
12 1031
1591 1398
1684 1376
1715 1452
1626 1410
1762 1386
1682 1333
1689 1318
1759 1319
1777 1290
1810 1261
1792 1397
1733 1313
1719 1315
1776 1378
1700 1492

Point Cloud 661:
28 761
132 854
168 786
174 855
48 936
70 903
195 810
114 867
206 776
183 811
182 842
112 874
174 800
29 992
37 1086
1740 1380
1790 1287
1587 1370
1845 1313
1889 1259
1593 1388
1823 1262
1788 1349
1778 1331
1684 1419
1803 1264
1811 1290
1625 1446
1701 1516
1751 1492

Point Cloud 662:
201 807
115 700
100 852
193 801
82 868
106 836
92 822
67 851
135 836
125 688
111 675
49 829
80 837
70 1046
25 1025
1776 1296
1626 1421
1726 1415
1714 1359
1630 1408
1751 1270
1713 1346
1869 1285
1752 1389
1797 1312
1725 1408
1905 1234
1708 1542
1774 1484
1794 1417

Point Cloud 663:
130 814
220 870
131 885
9 751
77 831
69 803
158 839
162 800
148 830
57 798
61 852
115 845
132 886
29 1036
19 995
1643 1442
1713 1346
1865 1336
1640 1398
1631 1376
1755 1178
1778 1340
1830 1310
1777 1225
1770 1247
1632 1414
1800 1248
1767 1318
1657 1406
1697 1505
1762 1479

Point Cloud 664:
43 814
210 814
140 900
90 850
60 836
62 768
84 895
225 780
222 785
162 876
47 924
166 830
35 1034
1646 1401
1830 1301
1647 1394
1809 1390
1769 1352
1780 1298
1726 1183
1702 1330
1720 1345
1769 1314
1738 1352
1791 1339
1729 1329
1704 1404
1682 1488
1689 1505
1760 1487

Point Cloud 665:
69 848
165 836
146 904
171 883
196 828
196 866
194 857
73 918
214 830
127 920
69 836
31 1099
1598 1458
1786 1180
1792 1352
1726 1269
1796 1230
1732 1314
1624 1422
1756 1374
1738 1189
1777 1389
1852 1275
1621 1381
1748 1325
1820 1406
1687 1550
1737 1458

Point Cloud 666:
200 864
89 916
111 675
135 777
6 769
92 907
116 677
116 764
118 790
50 959
25 939
144 891
52 1032
6 1060
1628 1443
1717 1447
1829 1301
1773 1338
1798 1412
1657 1306
1719 1346
1731 1316
1773 1385
1771 1495
1771 1358
1766 1262
1765 1258
1812 1405
1719 1324
1755 1202
1685 1520

Point Cloud 667:
154 934
164 812
93 734
75 793
28 1038
14 802
128 862
206 842
218 802
172 833
42 891
120 891
51 897
21 1029
100 698
201 878
1350 55
1816 1388
1765 1476
1760 1323
1582 1384
1760 1364
1847 1294
1804 1291
1781 1398
1759 1219
1694 1298
1801 1214
1685 1329
1815 1411
1744 1371
1776 1432
1790 1325
1752 1350
1683 1508

Point Cloud 668:
122 741
195 857
73 1052
96 825
17 785
118 668
158 851
139 834
131 936
111 947
208 837
188 829
197 839
72 914
68 752
82 900
1381 26
1627 1366
1799 1298
1771 1488
1719 1263
1747 1483
1740 1473
1782 1410
1613 1449
1846 1294
1817 1341
1762 1483
1748 1179
1788 1361
1686 1386
1724 1328
1591 1461
1659 1308
1831 1382
1673 1368

Point Cloud 669:
10 801
216 764
99 803
67 820
56 766
113 806
149 920
194 844
27 922
7 839
64 884
98 898
0 827
54 1028
1629 1391
1762 1389
1638 1388
1777 1411
1769 1313
1743 1331
1789 1240
1684 1381
1739 1428
1610 1411
1682 1461
1804 1326
1664 1369
1679 1357
1753 1508
1761 1379
1683 1523

Point Cloud 670:
204 820
148 804
126 915
168 810
142 795
31 891
71 878
151 808
9 793
31 903
70 851
77 754
18 906
134 936
49 999
1341 49
1820 1392
1694 1426
1788 1383
1802 1371
1694 1508
1696 1492
1699 1456
1756 1253
1641 1349
1815 1306
1826 1269
1706 1487
1650 1390
1588 1420
1745 1465
1738 1206
1799 1214
1704 1303
1761 1421

Point Cloud 671:
70 719
8 863
139 782
80 771
78 864
134 861
126 925
61 714
132 914
198 868
184 811
193 834
156 929
55 1013
1621 1481
1741 1302
1631 1457
1698 1522
1847 1312
1835 1267
1604 1430
1787 1377
1817 1292
1612 1477
1671 1410
1615 1410
1676 1287
1797 1383
1692 1494
1819 1277
1717 1417

Point Cloud 672:
196 840
174 883
50 909
93 820
41 906
47 819
26 909
148 890
215 789
16 941
54 899
111 940
32 901
95 706
47 1035
1719 1345
1818 1379
1598 1501
1772 1334
1610 1461
1630 1427
1796 1413
1725 1183
1832 1318
1674 1427
1754 1269
1596 1493
1743 1366
1757 1439
1683 1499
1836 1325
1747 1200

Point Cloud 673:
225 772
129 856
106 879
63 892
12 830
48 950
78 922
162 911
123 909
56 909
166 779
113 876
142 826
121 799
174 895
34 1013
1382 63
1754 1159
1667 1570
1632 1414
1720 1295
1857 1277
1748 1343
1597 1439
1628 1410
1705 1324
1699 1313
1738 1469
1737 1368
1835 1244
1752 1362
1765 1351
1741 1455
1727 1470
1739 1278
1667 1535
1620 1393

Point Cloud 674:
39 903
42 881
132 775
5 862
132 688
124 729
159 881
81 912
82 776
93 928
85 744
127 893
109 864
100 678
198 868
41 1024
1346 38
1751 1381
1751 1172
1772 1293
1717 1426
1756 1327
1728 1275
1700 1466
1596 1431
1653 1462
1799 1368
1712 1395
1710 1469
1703 1513
1644 1390
1774 1518
1713 1379
1820 1596

Point Cloud 675:
225 785
38 884
103 830
90 781
206 783
16 804
14 850
90 805
21 841
168 824
160 821
34 901
204 839
61 894
68 1042
1849 1380
1771 1505
1677 1420
1801 1349
1695 1466
1759 1350
1712 1510
1660 1315
1739 1299
1764 1485
1783 1244
1725 1429
1693 1382
1851 1372
1777 1253
1835 1539

Point Cloud 676:
27 941
122 904
35 819
166 840
112 785
34 842
138 843
134 892
172 881
37 943
125 724
31 965
101 668
63 1006
217 835
1841 1248
1749 1176
1832 1550
1715 1390
1816 1349
1685 1325
1621 1402
1770 1175
1762 1446
1728 1488
1759 1356
1684 1432
1733 1288
1728 1186
1840 1269
1788 1201

Point Cloud 677:
19 933
96 726
17 886
55 871
92 800
104 911
86 787
99 844
93 716
0 841
129 962
67 804
43 926
52 1007
213 791
1367 66
1808 1229
1756 1266
1796 1281
1789 1344
1600 1428
1805 1397
1820 1322
1741 1405
1748 1286
1805 1244
1761 1396
1729 1385
1725 1484
1827 1383
1747 1385
1727 1439
1750 1288
1822 1280
1756 1431

Point Cloud 678:
53 845
52 995
118 848
132 755
29 958
101 856
115 858
60 766
55 836
94 771
108 991
56 1047
97 941
82 1009
213 826
464 2015
1359 57
1719 1458
1689 1414
1768 1478
1719 1396
1691 1444
1736 1305
1700 1482
1607 1410
1768 1177
1726 1457
1733 1529
1830 1406
1779 1270
1691 1338
1678 1413
1766 1230
1759 1334
1713 1312
1770 1183

Point Cloud 679:
35 752
65 950
166 853
137 778
36 775
12 947
58 862
53 755
128 875
94 880
71 933
75 688
199 818
1700 1457
1793 1350
1635 1381
1741 1337
1624 1415
1671 1438
1689 1436
1599 1425
1721 1350
1827 1392
1667 1408
1753 1166
1837 1297
1821 1282

Point Cloud 680:
83 778
70 827
114 841
132 853
133 798
67 993
83 758
39 818
51 823
89 983
66 736
143 802
107 995
6 874
204 843
1690 1315
1651 1411
1787 1361
1784 1407
1832 1444
1681 1444
1793 1388
1745 1443
1891 1392
1761 1310
1808 1394
1687 1442
1620 1493
1796 1217
1819 1267
1827 1260

Point Cloud 681:
48 926
47 871
39 758
15 838
114 816
143 852
92 702
99 752
165 777
122 864
158 860
123 1026
74 1013
209 833
428 2010
1692 1406
1755 1335
1843 1370
1647 1375
1671 1446
1732 1346
1707 1518
1658 1439
1677 1290
1775 1378
1771 1377
1874 1363
1805 1328
1840 1298
1746 1171
1749 1198

Point Cloud 682:
72 991
56 924
11 805
103 934
172 822
59 1000
54 708
88 868
155 813
19 865
81 773
74 903
164 823
41 1092
385 1990
1745 1429
1764 1197
1745 1197
1720 1377
1818 1342
1881 1370
1661 1443
1803 1363
1688 1372
1849 1379
1732 1333
1631 1373
1714 1330
1645 1417
1735 1452
1714 1502
1642 1413

Point Cloud 683:
37 943
47 898
103 817
99 858
165 818
89 981
220 826
93 742
12 875
176 822
2 841
113 847
216 834
15 1088
340 2002
1769 1349
1724 1526
1756 1469
1718 1390
1744 1407
1832 1376
1784 1178
1864 1361
1839 1392
1785 1211
1672 1352
1846 1353
1715 1298
1837 1367
1715 1398
1794 1359
1828 1422

Point Cloud 684:
19 859
76 759
181 803
41 795
76 977
132 865
171 843
151 877
110 784
151 816
75 1017
114 796
65 976
52 1075
371 2012
1380 61
1836 1336
1660 1281
1848 1404
1849 1268
1888 1443
1761 1463
1619 1411
1783 1508
1712 1328
1688 1353
1793 1385
1629 1403
1829 1303
1766 1338
1765 1175
1746 1217

Point Cloud 685:
70 689
211 803
95 820
214 827
150 767
52 912
92 837
96 982
44 924
121 806
100 816
122 823
182 833
372 2017
1788 1392
1644 1370
1657 1439
1676 1392
1656 1420
1749 1496
1858 1427
1841 1447
1828 1438
1844 1450
1682 1362
1686 1482
1739 1180
1733 1183
1846 1316

Point Cloud 686:
166 779
44 925
70 1009
73 857
186 837
74 894
77 857
27 853
161 818
151 802
165 769
214 779
1633 1389
1844 1385
1642 1410
1821 1389
1728 1429
1757 1297
1675 1431
1726 1397
1640 1408
1779 1429
1683 1398
1679 1206
1720 1521
1845 1302
1847 1469

Point Cloud 687:
133 792
94 800
45 810
5 856
99 737
109 808
46 858
188 760
99 765
24 808
83 969
361 1986
1723 1328
1697 1448
1681 1432
1818 1375
1722 1400
1729 1400
1789 1354
1693 1319
1710 1290
1776 1424
1687 1442
1750 1446
1708 1429
1738 1233
1834 1330
1847 1506

Point Cloud 688:
123 864
163 815
147 817
130 868
13 838
5 831
150 802
51 881
104 755
51 876
79 1011
390 1982
1630 1255
1712 1308
1835 1307
1711 1292
1686 1471
1672 1276
1726 1391
1664 1282
1738 1317
1729 1357
1788 1394
1755 1398
1707 1313
1650 1315
1812 1458
1836 1553

Point Cloud 689:
30 935
122 732
55 906
95 866
58 810
77 891
106 864
138 875
75 897
88 870
108 946
212 802
346 2007
1554 1323
1705 1428
1686 1356
1787 1450
1692 1456
1810 1400
1654 1325
1681 1350
1865 1407
1712 1290
1750 1366
1741 1313
1758 1258
1727 1448
1816 1385
1809 1527

Point Cloud 690:
70 892
21 820
104 946
123 793
82 717
121 842
28 922
30 884
90 725
158 770
115 720
135 882
220 809
319 2014
1350 53
1431 1373
1689 1467
1756 1362
1841 1301
1736 1290
1784 1371
1834 1404
1726 1304
1687 1315
1848 1308
1791 1417
1703 1313
1783 1290
1746 1299
1714 1533
1689 1295
1781 1554

Point Cloud 691:
91 927
50 941
29 858
15 967
74 915
86 828
27 941
26 881
78 968
14 810
185 829
139 878
49 849
230 779
388 1998
1481 1403
1751 1366
1688 1300
1642 1390
1756 1362
1651 1383
1696 1452
1764 1310
1860 1255
1711 1440
1730 1480
1726 1373
1810 1327
1787 1294
1700 1530
1779 1567

Point Cloud 692:
47 958
35 787
41 900
52 859
13 802
40 918
75 992
10 866
75 952
42 802
125 752
32 944
34 931
211 831
378 1994
1491 1512
1776 1415
1651 1302
1640 1367
1690 1504
1730 1438
1758 1311
1757 1319
1639 1378
1656 1405
1687 1431
1742 1352
1682 1481
1810 1395
1756 1474
1684 1458
1739 1574

Point Cloud 693:
115 791
46 871
139 901
126 822
61 822
112 957
74 817
58 777
105 799
133 748
146 809
64 914
232 782
354 2005
1472 1491
1753 1340
1674 1586
1709 1568
1737 1350
1816 1335
1757 1374
1686 1396
1732 1423
1677 1338
1637 1375
1673 1400
1799 1297
1717 1437
1657 1427
1732 1367
1680 1396

Point Cloud 694:
98 858
18 862
84 867
96 879
117 716
72 712
115 817
79 969
35 896
20 823
82 842
179 878
211 775
367 2010
1435 1542
1621 1527
1666 1344
1743 1356
1666 1289
1795 1439
1774 1332
1676 1308
1665 1300
1667 1325
1831 1330
1810 1436
1785 1483
1718 1425
1722 1368
1860 1295
1615 1385

Point Cloud 695:
171 859
55 837
110 787
115 864
160 785
61 849
39 818
173 806
50 832
55 915
2 937
39 808
219 793
398 1980
1363 33
1416 1533
1541 1520
1682 1449
1702 1333
1625 1395
1706 1346
1651 1400
1736 1464
1847 1306
1860 1384
1819 1374
1794 1421
1864 1255
1714 1444
1711 1490
1795 1364
1743 1426

Point Cloud 696:
128 827
41 936
69 783
105 734
65 772
20 956
29 961
141 761
24 826
175 882
101 761
43 798
215 787
375 2008
1359 61
1477 1494
1487 1549
1741 1421
1786 1435
1819 1311
1732 1340
1847 1324
1779 1330
1835 1388
1835 1282
1649 1288
1638 1404
1716 1456
1730 1449
1704 1457

Point Cloud 697:
25 944
35 796
92 785
73 889
29 865
124 948
65 936
113 799
148 829
84 848
128 775
101 861
212 811
415 1994
1499 1471
1543 1544
1794 1263
1764 1443
1731 1299
1710 1311
1684 1316
1718 1458
1684 1457
1675 1307
1767 1402
1745 1446
1764 1404
1844 1288

Point Cloud 698:
118 789
133 800
166 896
126 853
39 890
129 737
68 923
149 769
50 902
90 900
12 895
92 787
210 836
1470 1569
1542 1432
1753 1323
1700 1424
1628 1405
1707 1343
1704 1319
1698 1481
1671 1374
1696 1430
1751 1468
1752 1303
1838 1389
1745 1350
1769 1409

Point Cloud 699:
99 796
89 732
80 967
73 918
109 839
70 873
57 798
4 982
60 864
115 840
117 840
94 739
216 809
1468 1539
1567 1405
1808 1281
1776 1351
1669 1450
1737 1375
1677 1449
1723 1394
1820 1394
1780 1339
1818 1392
1755 1307
1750 1449
1713 1430
1692 1450

Point Cloud 700:
40 867
57 811
84 898
24 942
86 962
1 877
28 931
7 901
111 795
113 871
13 795
33 854
208 806
1489 1505
1539 1420
1623 1489
1617 1466
1662 1307
1708 1343
1768 1281
1831 1407
1768 1308
1742 1426
1739 1386
1677 1347
1839 1389
1801 1330
1772 1486
1844 1294

Point Cloud 701:
36 960
47 775
8 961
138 841
51 900
127 955
49 802
119 820
144 798
71 841
100 736
229 815
1523 1494
1594 1506
1581 1406
1747 1433
1796 1407
1792 1286
1682 1301
1825 1356
1748 1416
1709 1348
1772 1357
1774 1434
1776 1427
1711 1465
1656 1480
1844 1259

Point Cloud 702:
143 782
101 834
112 972
35 889
117 775
151 887
58 770
96 888
57 924
69 692
47 905
85 698
215 816
1382 30
1471 1497
1477 1455
1584 1418
1638 1285
1758 1444
1781 1475
1810 1380
1657 1338
1657 1331
1804 1330
1807 1417
1845 1271
1766 1338
1852 1279
1668 1509

Point Cloud 703:
4 1008
228 830
79 829
139 782
223 829
57 776
85 755
29 940
41 862
167 823
148 851
64 723
72 928
1362 50
1474 1462
1568 1495
1584 1422
1787 1341
1785 1428
1799 1250
1692 1399
1780 1358
1677 1324
1786 1368
1767 1262
1751 1345
1747 1340
1683 1495
1864 1273

Point Cloud 704:
87 765
45 806
83 762
114 812
64 895
58 838
139 749
92 887
94 896
29 934
23 835
137 846
1480 1467
1621 1427
1708 1425
1824 1407
1791 1278
1806 1333
1751 1344
1694 1450
1675 1373
1665 1336
1799 1279
1824 1379
1761 1476
1858 1294

Point Cloud 705:
65 801
34 833
74 781
54 902
161 814
106 774
38 788
98 768
71 837
107 789
93 794
1543 1443
1468 1454
1650 1436
1779 1373
1693 1402
1756 1452
1792 1348
1756 1331
1776 1252
1799 1382
1748 1327
1789 1391
1771 1410
1706 1409
1699 1335
1661 1466

Point Cloud 706:
4 1040
154 875
48 884
92 812
86 872
122 741
107 814
74 683
89 747
42 858
113 908
37 934
93 980
721 21
1366 50
1515 1438
1503 1422
1810 1406
1810 1374
1597 1404
1827 1302
1769 1272
1769 1349
1684 1477
1715 1368
1630 1393
1604 1423
1731 1442
1785 1405
1738 1390
1774 1320
1709 1309
1781 1412

Point Cloud 707:
0 982
121 774
52 901
62 874
97 804
100 766
150 825
120 848
132 825
87 785
96 708
97 771
158 863
1507 1465
1482 1474
1814 1294
1708 1356
1719 1395
1836 1311
1769 1335
1831 1300
1794 1253
1583 1413
1767 1371
1740 1427
1754 1424
1825 1327
1624 1376
1669 1463

Point Cloud 708:
43 1009
25 851
94 894
41 944
95 933
38 848
50 890
65 927
114 864
27 945
140 778
198 900
74 763
1508 1422
1523 1423
1665 1324
1737 1298
1753 1280
1865 1391
1777 1335
1781 1378
1668 1347
1823 1449
1770 1408
1628 1400
1769 1269
1811 1358
1796 1385
1677 1502

Point Cloud 709:
103 743
136 819
135 855
36 1037
228 769
146 805
41 1022
172 825
38 849
11 1026
37 1044
79 764
132 917
92 743
80 774
1383 29
1546 1475
1748 1318
1666 1459
1720 1357
1650 1423
1772 1245
1661 1462
1776 1352
1738 1360
1783 1462
1653 1320
1620 1335
1817 1465
1767 1432
1779 1271
1809 1415
1800 1285

Point Cloud 710:
64 814
50 886
158 912
75 877
81 865
115 881
193 902
91 796
75 909
107 864
154 876
171 817
165 811
99 805
1386 15
1498 1472
1647 1332
1755 1391
1729 1311
1710 1389
1774 1288
1717 1315
1675 1437
1839 1298
1680 1347
1700 1339
1784 1241
1710 1341
1687 1371
1779 1429
1609 1417

Point Cloud 711:
115 787
4 1005
85 717
78 798
119 744
45 922
79 796
87 772
6 1016
111 958
143 798
152 818
63 905
1513 1470
1698 1448
1750 1372
1664 1332
1652 1376
1763 1360
1704 1339
1767 1244
1800 1437
1628 1383
1661 1320
1759 1424
1711 1392
1850 1381
1798 1261

Point Cloud 712:
13 978
40 847
52 794
161 947
131 800
111 828
123 886
116 784
212 790
220 796
46 907
153 783
1564 1451
1633 1340
1748 1403
1800 1377
1760 1325
1666 1425
1691 1529
1646 1403
1768 1246
1725 1348
1779 1271
1755 1260
1789 1369
1677 1494
1750 1406

Point Cloud 713:
7 1039
154 793
112 972
96 896
44 834
153 776
164 784
76 920
151 933
36 865
91 749
209 821
1536 1445
1603 1373
1796 1290
1807 1391
1786 1407
1681 1432
1655 1352
1797 1259
1721 1354
1784 1397
1845 1390
1753 1362
1622 1351
1838 1385
1739 1293

Point Cloud 714:
183 810
141 886
67 854
149 799
51 859
136 914
174 839
185 809
145 929
178 786
13 1008
211 814
1527 1475
1840 1379
1624 1428
1783 1470
1746 1394
1813 1475
1814 1410
1871 1410
1687 1528
1869 1405
1837 1389
1600 1390
1765 1282
1736 1307

Point Cloud 715:
98 901
113 773
72 899
190 820
223 824
103 834
75 880
99 906
222 797
94 800
95 941
165 915
1579 1432
1844 1368
1797 1344
1739 1307
1626 1342
1624 1347
1849 1386
1772 1390
1615 1404
1773 1418
1805 1395
1702 1367
1625 1364
1820 1315
1687 1521

Point Cloud 716:
34 1038
170 784
77 801
60 813
97 726
98 938
143 823
27 904
153 795
40 802
53 849
203 845
154 941
1721 1384
1841 1383
1730 1377
1597 1358
1821 1347
1848 1424
1760 1270
1761 1267
1746 1415
1710 1376
1854 1401
1760 1329
1732 1295
1689 1505

Point Cloud 717:
60 860
67 952
7 971
109 784
87 862
156 808
86 817
57 908
41 866
92 808
113 781
157 914
1553 1452
1748 1315
1721 1376
1859 1335
1811 1291
1755 1464
1701 1416
1776 1367
1727 1344
1791 1434
1760 1313
1825 1349
1820 1345
1807 1288
1681 1470

Point Cloud 718:
107 721
54 924
67 871
41 967
77 908
83 972
15 948
65 947
67 843
155 926
220 838
195 822
1742 1311
1636 1435
1703 1416
1746 1476
1826 1336
1763 1485
1813 1435
1724 1299
1716 1333
1666 1494
1540 1459
1837 1404
1851 1319
1769 1432
1784 1377

Point Cloud 719:
98 940
51 917
66 974
23 897
22 1006
14 981
207 812
75 709
170 801
162 904
444 2011
1570 1409
1616 1409
1763 1467
1761 1264
1767 1370
1800 1259
1835 1289
1716 1311
1823 1421
1765 1359
1762 1294
1714 1365
1684 1484
1868 1339
1851 1457
1775 1241

Point Cloud 720:
21 1003
69 934
61 911
103 735
151 817
213 816
58 814
222 800
135 922
466 2004
1593 1386
1606 1409
1846 1317
1801 1336
1775 1304
1788 1257
1854 1456
1732 1390
1803 1488
1703 1318
1818 1430
1771 1396
1709 1329
1803 1306
1790 1291

Point Cloud 721:
61 1022
30 989
34 983
48 802
70 701
115 756
37 818
70 696
141 935
423 1994
1558 1458
1630 1433
1764 1262
1780 1289
1770 1440
1689 1430
1675 1529
1820 1331
1667 1500
1762 1258
1804 1277
1785 1258
1794 1286
1659 1509
1782 1321
1836 1520

Point Cloud 722:
83 971
76 964
22 957
59 812
106 766
152 816
195 815
128 767
155 870
502 1995
1546 1439
1601 1455
1807 1424
1684 1496
1830 1441
1783 1292
1837 1310
1801 1424
1756 1303
1783 1426
1769 1398
1760 1531
1703 1295
1802 1298
1713 1494

Point Cloud 723:
0 981
24 897
57 939
217 776
121 753
108 832
110 802
93 707
147 951
1804 1493
1794 1379
1846 1392
1602 1421
1660 1439
1586 1453
1680 1522
1757 1280
1608 1412
1789 1427
1741 1362
1592 1384
1743 1475
1793 1392
1612 1438

Point Cloud 724:
82 961
84 945
44 936
47 850
95 727
98 781
94 718
141 918
1541 1421
1558 1444
1655 1511
1782 1480
1773 1287
1725 1460
1734 1490
1776 1434
1798 1420
1780 1343
1777 1269
1789 1356
1756 1390
1743 1459

Point Cloud 725:
147 958
86 961
53 956
57 838
103 765
136 821
96 788
143 861
1520 1445
1633 1424
1637 1372
1658 1525
1799 1312
1760 1277
1764 1409
1719 1312
1854 1336
1862 1322
1863 1303
1808 1384
1747 1381
1751 1449
1814 1371

Point Cloud 726:
14 897
45 917
49 839
95 751
156 909
128 816
112 773
121 981
1605 1448
1792 1442
1793 1414
1727 1325
1671 1335
1855 1350
1716 1370
1738 1355
1699 1363
1859 1291
1866 1326
1714 1364
1837 1388
1628 1427
1785 1352
1652 1479

Point Cloud 727:
41 974
43 973
42 893
52 846
211 825
102 751
90 714
205 845
104 806
180 949
1567 1462
1646 1409
1655 1520
1771 1364
1684 1382
1826 1353
1746 1378
1816 1450
1805 1361
1840 1430
1752 1322
1702 1366
1822 1478
1764 1334
1787 1456
1663 1355
1705 1488

Point Cloud 728:
32 925
44 859
50 897
0 918
203 840
196 883
145 822
122 751
179 913
204 872
1572 1458
1698 1465
1759 1287
1784 1435
1659 1335
1844 1326
1678 1511
1712 1345
1739 1422
1701 1321
1796 1323
1808 1292
1675 1412
1699 1310
1650 1468
1883 1388
1744 1508

Point Cloud 729:
7 1001
81 903
68 840
40 789
73 929
168 857
117 842
203 787
106 736
81 691
197 829
149 840
1379 51
1574 1489
1647 1325
1859 1279
1687 1405
1861 1356
1747 1307
1846 1355
1738 1422
1695 1384
1782 1431
1822 1306
1729 1422
1796 1426
1736 1353
1695 1310
1680 1540

Point Cloud 730:
49 878
225 817
191 897
176 874
148 801
134 778
94 776
138 850
39 831
100 752
63 905
90 730
74 936
8 1623
1574 1465
1761 1383
1725 1329
1750 1523
1767 1442
1880 1295
1661 1477
1679 1506
1729 1391
1708 1360
1849 1290
1822 1368
1723 1423
1699 1419
1742 1336
1727 1384

Point Cloud 731:
24 837
27 836
78 901
53 941
124 866
149 788
204 822
180 788
144 921
121 902
1742 1427
1787 1357
1674 1323
1735 1441
1806 1341
1738 1436
1780 1477
1882 1297
1730 1457
1784 1264
1793 1505
1842 1392
1744 1418
1689 1480

Point Cloud 732:
20 847
6 820
10 1041
34 958
34 908
77 879
220 782
147 791
169 812
85 711
163 804
1595 1463
1870 1328
1830 1322
1846 1399
1863 1344
1795 1364
1861 1356
1783 1379
1862 1346
1674 1529
1833 1318
1698 1428
1751 1468
1731 1506
1784 1338
1663 1430

Point Cloud 733:
121 889
71 824
50 768
35 837
20 783
144 887
202 857
80 806
92 735
194 796
24 1037
36 944
211 773
1593 1457
1746 1363
1795 1257
1757 1502
1737 1237
1716 1479
1738 1434
1712 1421
1766 1491
1706 1452
1759 1463
1848 1399
1796 1269
1831 1440
1734 1478
1783 1334

Point Cloud 734:
18 1026
105 766
102 849
97 726
43 760
51 826
142 788
28 755
211 849
97 762
204 849
71 920
1589 1464
1812 1302
1658 1529
1660 1403
1706 1423
1909 1330
1878 1408
1805 1415
1758 1269
1811 1452
1820 1448
1815 1362
1765 1391
1818 1292
1853 1301
1735 1196

Point Cloud 735:
75 874
162 815
116 767
75 692
214 759
69 762
27 852
64 815
141 851
159 821
148 833
41 975
19 975
1385 55
1581 1489
1867 1330
1778 1364
1782 1434
1836 1330
1897 1335
1650 1422
1727 1465
1685 1420
1763 1320
1825 1433
1837 1381
1740 1345
1812 1355
1854 1407
1861 1304

Point Cloud 736:
99 840
31 829
78 812
106 745
96 739
24 794
166 769
7 799
5 802
60 810
68 921
58 1007
214 750
1579 1491
1888 1294
1766 1379
1837 1447
1707 1434
1889 1361
1759 1277
1784 1372
1855 1367
1790 1414
1835 1442
1873 1408
1825 1314
1768 1401
1815 1321
1708 1244

Point Cloud 737:
143 913
135 855
188 814
86 695
170 916
176 868
176 793
162 746
69 822
156 873
50 1760
67 934
64 1017
216 789
1599 1486
1735 1351
1805 1318
1852 1362
1743 1465
1853 1335
1888 1288
1772 1326
1806 1359
1770 1431
1806 1325
1751 1387
1817 1441
1723 1412
1793 1392
1718 1409
1909 1329

Point Cloud 738:
126 864
76 864
90 908
39 914
93 748
93 784
112 851
143 832
91 848
92 927
46 787
83 767
225 758
1583 1471
1820 1453
1722 1300
1899 1304
1846 1378
1837 1435
1796 1286
1722 1294
1889 1365
1658 1491
1750 1499
1710 1421
1771 1418
1709 1428
1827 1467
1718 1309
1800 1452

Point Cloud 739:
172 797
92 898
123 778
230 781
119 924
227 792
151 726
188 880
52 781
139 918
48 946
241 763
224 823
1597 1485
1760 1537
1747 1306
1805 1382
1691 1500
1836 1357
1895 1313
1709 1264
1802 1457
1710 1390
1819 1394
1732 1215
1806 1431
1748 1418
1712 1439
1715 1385

Point Cloud 740:
52 783
43 889
240 768
122 949
98 985
81 769
83 746
54 866
141 934
86 695
157 900
30 929
76 894
1580 1480
1680 1454
1768 1501
1784 1410
1675 1423
1729 1526
1771 1405
1752 1448
1784 1435
1849 1388
1727 1267
1795 1321
1742 1273
1806 1342
1728 1281
1847 1292

Point Cloud 741:
114 957
260 782
140 753
141 868
207 809
67 683
113 887
72 682
127 920
57 831
183 834
119 737
183 720
172 730
585 1996
1386 53
1588 1454
1780 1293
1849 1363
1735 1402
1683 1462
1720 1221
1810 1271
1789 1373
1814 1489
1713 1461
1815 1435
1741 1389
1738 1233
1731 1333
1779 1317
1848 1279

Point Cloud 742:
42 767
25 770
167 807
129 736
64 918
37 828
137 706
181 885
61 862
109 869
238 764
42 920
79 751
213 790
1363 61
1576 1452
1831 1298
1870 1305
1792 1365
1753 1436
1723 1219
1648 1433
1758 1288
1706 1480
1694 1462
1757 1352
1690 1426
1723 1237
1787 1373
1814 1272

Point Cloud 743:
116 753
40 923
118 834
85 821
93 705
131 724
123 907
106 929
132 948
144 738
98 758
228 753
58 863
134 872
1608 1425
1816 1484
1756 1417
1774 1442
1837 1366
1762 1296
1666 1466
1738 1513
1871 1320
1826 1340
1737 1387
1723 1276
1653 1540
1801 1457
1770 1376
1857 1387

Point Cloud 744:
165 760
110 904
90 980
102 769
212 737
81 851
87 958
92 796
124 843
192 888
74 799
120 948
89 807
1614 1430
1702 1342
1759 1393
1876 1379
1838 1291
1896 1317
1790 1433
1839 1439
1743 1374
1797 1430
1838 1389
1710 1352
1708 1402
1833 1295
1729 1468
1887 1384
1840 1459

Point Cloud 745:
168 873
131 769
74 826
222 765
60 949
106 740
91 989
133 744
156 833
199 810
41 930
126 912
1591 1457
1834 1454
1853 1355
1779 1458
1908 1300
1745 1337
1759 1446
1822 1464
1765 1400
1750 1332
1865 1306
1800 1322
1756 1410
1670 1445
1717 1460
1835 1369

Point Cloud 746:
207 803
159 724
45 879
91 888
198 723
75 862
212 750
97 948
225 741
135 849
150 817
158 845
175 816
1598 1442
1777 1382
1740 1356
1712 1346
1875 1367
1812 1375
1769 1452
1815 1252
1812 1428
1711 1433
1718 1391
1794 1278
1749 1408
1800 1452
1811 1388
1827 1397

Point Cloud 747:
48 878
147 743
63 850
143 818
213 756
44 779
92 783
87 830
101 751
111 898
66 771
156 808
139 892
1612 1431
1875 1372
1789 1382
1859 1424
1693 1440
1821 1392
1771 1393
1723 1355
1841 1272
1727 1363
1695 1431
1799 1304
1869 1341
1712 1339
1668 1464
1843 1449

Point Cloud 748:
104 919
138 845
139 900
192 794
142 744
59 809
50 958
104 916
127 855
134 842
184 733
98 748
168 815
1346 53
1572 1453
1794 1311
1821 1366
1811 1447
1778 1308
1769 1359
1793 1330
1911 1333
1793 1450
1716 1366
1794 1439
1766 1289
1904 1331
1859 1305
1684 1448
1802 1476
1802 1365

Point Cloud 749:
5 1568
18 871
140 791
26 888
130 798
176 779
128 835
168 752
250 765
200 727
253 765
172 756
84 916
126 735
88 735
1346 37
1596 1469
1894 1343
1655 1517
1732 1453
1850 1353
1836 1433
1659 1499
1807 1488
1838 1432
1811 1484
1716 1316
1742 1301
1712 1396
1871 1269
1878 1287
1887 1335
1818 1322

Point Cloud 750:
193 746
113 882
70 902
163 715
179 897
87 901
168 889
39 863
200 778
45 775
154 875
141 882
133 772
1610 1414
1886 1281
1753 1414
1849 1318
1825 1415
1721 1317
1753 1394
1664 1507
1791 1487
1831 1407
1841 1438
1912 1362
1884 1422
1785 1372
1842 1322
1788 1389
1746 1304

Point Cloud 751:
127 852
145 762
101 734
14 882
144 770
75 873
81 905
96 699
44 927
65 908
206 733
40 799
380 1979
1585 1434
1779 1253
1689 1520
1851 1345
1844 1479
1860 1364
1750 1470
1755 1408
1758 1280
1802 1399
1818 1426
1779 1321
1739 1358
1629 1496
1821 1492
1744 1469
1780 1378
1789 1383

Point Cloud 752:
72 777
88 828
155 908
196 801
91 817
231 767
99 729
37 861
222 793
120 712
77 803
166 803
362 2005
1817 1441
1887 1360
1819 1374
1792 1331
1623 1414
1802 1363
1848 1283
1819 1377
1735 1334
1859 1359
1843 1453
1786 1334
1640 1491
1868 1284
1776 1412
1716 1443
1662 1490

Point Cloud 753:
92 728
140 873
105 699
25 963
121 793
61 807
109 851
230 769
230 747
46 843
68 824
129 854
88 875
352 1979
1363 65
1546 1462
1624 1423
1843 1414
1826 1472
1804 1355
1731 1461
1844 1463
1872 1341
1874 1384
1743 1417
1725 1322
1861 1334
1792 1308
1780 1359
1844 1499
1686 1508

Point Cloud 754:
60 728
176 897
141 845
160 791
134 782
169 854
129 868
83 740
69 881
83 738
166 783
178 899
136 900
338 1986
1353 50
1554 1470
1652 1413
1695 1485
1826 1392
1832 1324
1727 1337
1792 1402
1787 1270
1778 1343
1781 1253
1789 1273
1837 1419
1845 1339
1782 1303

Point Cloud 755:
61 770
40 855
83 804
149 839
172 876
72 856
213 788
58 704
129 856
51 881
99 748
4 930
341 1992
1615 1418
1645 1407
1792 1302
1760 1355
1852 1266
1774 1502
1901 1306
1798 1507
1888 1296
1801 1366
1755 1506
1890 1325
1778 1308
1850 1259
1707 1515

Point Cloud 756:
154 796
64 881
102 711
78 765
136 721
173 873
162 786
55 852
86 740
102 874
68 918
1598 1434
1811 1276
1845 1446
1819 1332
1758 1334
1771 1372
1820 1309
1714 1316
1818 1438
1695 1515
1831 1341
1700 1495
1887 1328
1899 1293
1770 1301

Point Cloud 757:
99 830
151 798
92 870
119 752
170 894
201 791
75 732
82 889
167 746
111 795
91 843
350 2012
1713 1431
1679 1419
1708 1421
1692 1499
1840 1384
1782 1480
1870 1368
1869 1375
1888 1362
1768 1392
1842 1323
1793 1511
1739 1267
1830 1267
1759 1371
1725 1329

Point Cloud 758:
117 832
116 719
57 866
47 908
152 793
2 863
67 699
95 688
178 803
54 708
163 869
336 1998
1597 1424
1847 1270
1913 1306
1902 1323
1883 1264
1813 1266
1798 1428
1792 1370
1794 1336
1869 1270
1825 1265
1817 1475
1722 1484
1741 1396
1806 1494
1821 1490
1891 1295

Point Cloud 759:
27 886
263 756
32 921
171 812
23 883
67 703
155 766
162 868
39 850
161 740
115 878
74 800
0 1571
344 1991
1585 1415
1791 1345
1765 1298
1767 1280
1776 1382
1805 1284
1812 1322
1748 1259
1798 1412
1796 1473
1843 1275
1860 1338
1873 1371
1830 1367
1842 1420

Point Cloud 760:
176 891
14 842
78 831
167 778
14 915
56 854
97 764
64 741
38 894
95 886
86 807
86 864
1358 30
1582 1416
1669 1499
1747 1337
1785 1380
1741 1333
1847 1323
1860 1353
1803 1429
1860 1464
1843 1398
1754 1394
1847 1342
1769 1285
1737 1263
1872 1328
1816 1457
1785 1429
1880 1316

Point Cloud 761:
173 716
87 855
146 708
128 768
265 779
31 835
156 797
168 853
229 769
124 776
109 864
179 913
1600 1423
1645 1334
1674 1499
1828 1340
1798 1373
1885 1292
1749 1286
1798 1339
1854 1275
1869 1390
1779 1422
1794 1367
1762 1278
1845 1376
1764 1492
1765 1423
1852 1260

Point Cloud 762:
110 799
72 921
27 947
64 803
43 786
205 790
76 746
23 938
182 876
143 734
245 751
1631 1427
1658 1356
1746 1278
1812 1421
1725 1394
1803 1392
1803 1437
1910 1292
1795 1385
1812 1288
1807 1296
1807 1497
1797 1418
1808 1426
1815 1413
1799 1492

Point Cloud 763:
186 741
145 758
107 836
89 819
18 906
20 824
98 853
86 852
84 825
74 847
173 870
271 826
1607 1408
1631 1356
1649 1519
1765 1279
1806 1280
1733 1332
1809 1429
1751 1377
1828 1377
1841 1422
1747 1367
1809 1446
1733 1322
1884 1353
1764 1407
1907 1183

Point Cloud 764:
103 839
130 771
48 848
38 827
93 760
146 845
75 717
195 736
66 864
99 695
247 846
1625 1430
1591 1430
1679 1510
1836 1217
1730 1482
1836 1281
1728 1324
1721 1365
1810 1241
1689 1282
1823 1279
1834 1278
1843 1248
1695 1307
1781 1359
1858 1330

Point Cloud 765:
54 883
127 697
181 892
103 746
87 836
84 790
207 874
116 705
171 844
24 909
180 816
3 830
1625 1362
1659 1384
1671 1479
1856 1267
1796 1357
1793 1227
1796 1531
1876 1341
1779 1184
1809 1441
1748 1276
1785 1343
1729 1520
1780 1392
1771 1489
1766 1414
1806 1392

Point Cloud 766:
111 729
254 830
205 830
116 763
104 768
206 779
130 879
153 876
121 869
52 847
80 894
187 873
35 897
119 732
1355 52
1625 1425
1709 1351
1660 1317
1760 1365
1854 1329
1836 1356
1751 1274
1858 1397
1713 1314
1764 1325
1818 1393
1686 1263
1761 1291
1729 1318
1759 1496
1797 1528
1842 1262
1707 1476

Point Cloud 767:
157 822
111 745
203 728
234 843
85 847
275 844
269 862
10 863
213 732
162 756
255 850
158 856
1693 1385
1731 1394
1609 1369
1846 1372
1804 1379
1811 1447
1591 1425
1748 1391
1729 1411
1750 1515
1859 1328
1752 1371
1762 1355
1741 1494
1672 1500
1767 1191

Point Cloud 768:
141 808
99 765
1 847
225 776
226 764
124 773
58 818
91 858
82 719
118 724
171 896
238 861
1623 1549
1718 1324
1643 1381
1773 1390
1715 1376
1815 1472
1751 1447
1851 1345
1839 1329
1814 1486
1800 1310
1749 1464
1791 1430
1642 1426
1684 1478
1757 1105

Point Cloud 769:
98 723
47 846
145 716
233 743
243 845
237 844
95 789
85 905
165 742
245 867
218 811
30 914
1610 1449
1854 1351
1760 1371
1746 1486
1810 1352
1827 1420
1823 1451
1627 1433
1736 1505
1783 1267
1827 1317
1818 1408
1800 1261
1848 1289
1697 1478
1700 1592
1728 1104

Point Cloud 770:
129 685
52 886
168 730
143 697
93 903
175 799
61 870
47 883
176 832
191 818
250 762
173 912
347 2006
1841 1352
1717 1342
1804 1422
1751 1363
1850 1425
1776 1475
1861 1300
1823 1490
1795 1499
1744 1490
1797 1414
1804 1466
1849 1335
1678 1515
1708 1070

Point Cloud 771:
153 718
224 866
63 903
183 779
172 755
68 854
223 842
66 848
183 832
88 787
81 769
95 751
169 908
344 2008
1789 1523
1787 1435
1808 1369
1858 1297
1742 1307
1673 1359
1784 1287
1729 1305
1609 1433
1675 1304
1799 1344
1745 1379
1653 1341
1664 1503
1727 1063
1824 1700

Point Cloud 772:
235 756
73 937
145 900
69 931
144 732
212 739
51 901
74 919
41 869
246 747
267 804
255 811
241 801
339 2009
1618 1441
1704 1498
1680 1343
1857 1308
1775 1337
1861 1397
1772 1428
1815 1428
1864 1356
1812 1326
1701 1309
1664 1374
1744 1496
1791 1392
1715 1717
1724 1006

Point Cloud 773:
149 845
146 679
55 851
31 862
101 699
125 787
206 877
164 713
85 869
39 838
171 913
180 860
301 770
362 2011
1523 1805
1647 1404
1684 1487
1854 1375
1829 1286
1840 1371
1835 1438
1830 1400
1723 1328
1758 1418
1855 1365
1855 1263
1853 1378
1711 1310
1824 1288
1702 1057

Point Cloud 774:
22 765
18 766
129 841
220 730
51 868
119 743
101 764
160 898
67 840
104 908
28 874
238 833
187 875
344 2015
1659 1396
1686 1491
1807 1423
1779 1383
1744 1262
1809 1450
1859 1302
1872 1317
1848 1390
1787 1284
1843 1435
1685 1303
1693 1298
1741 1515
1822 1414
1690 1029

Point Cloud 775:
30 862
51 810
54 896
97 854
111 765
146 917
75 796
23 920
106 800
277 804
38 838
16 772
352 2017
1653 1424
1636 1503
1671 1313
1692 1027
1809 1328
1737 1415
1744 1418
1756 1494
1830 1276
1763 1491
1793 1476
1828 1495
1811 1419
1841 1412
1812 1522
1779 1446

Point Cloud 776:
133 722
152 782
203 736
28 867
70 919
160 717
29 762
23 826
131 746
102 726
163 749
188 942
211 860
1650 1421
1647 1493
1703 1276
1852 1256
1777 1279
1787 1301
1819 1230
1793 1454
1847 1387
1809 1499
1836 1475
1822 1289
1846 1357
1751 1488
1728 1069

Point Cloud 777:
85 893
40 833
40 931
85 859
210 767
65 740
104 685
156 778
239 790
222 796
139 800
122 920
197 862
1658 1389
1693 1473
1705 1310
1845 1477
1823 1461
1851 1319
1770 1304
1801 1383
1815 1224
1822 1322
1850 1423
1815 1469
1783 1411
1768 1298
1771 1115

Point Cloud 778:
201 753
43 898
122 729
31 743
29 946
123 677
46 845
83 731
103 767
74 744
145 819
95 929
196 875
1647 1387
1689 1463
1733 1274
1838 1397
1754 1452
1812 1298
1874 1395
1751 1471
1811 1493
1801 1362
1746 1389
1787 1439
1805 1238
1873 1284

Point Cloud 779:
229 755
0 818
65 863
168 748
142 814
223 781
46 947
51 834
108 946
60 892
248 797
86 896
241 844
1613 1425
1704 1482
1740 1284
1819 1253
1859 1230
1809 1435
1849 1258
1789 1487
1802 1408
1864 1347
1852 1320
1817 1506
1811 1410
1843 1380
1809 1207

Point Cloud 780:
149 779
11 957
150 775
99 735
76 895
37 805
251 789
145 842
134 920
170 814
39 859
156 789
223 864
644 1994
1617 1403
1709 1479
1785 1366
1708 1304
1810 1336
1745 1388
1723 1488
1848 1398
1713 1273
1842 1284
1802 1368
1806 1362
1744 1343
1789 1511
1806 1480
1749 1303

Point Cloud 781:
45 681
66 924
261 761
209 792
90 684
36 909
44 852
220 806
68 789
105 899
133 813
135 681
42 967
191 874
321 1999
1626 1428
1719 1336
1769 1270
1805 1496
1748 1368
1749 1338
1792 1422
1845 1339
1789 1266
1773 1340
1724 1286
1826 1406
1767 1402
1792 1313
1737 1434
1814 1218

Point Cloud 782:
60 924
56 851
37 955
143 759
206 739
62 708
154 709
80 807
224 759
52 908
116 737
108 744
74 729
243 849
359 2009
1810 1462
1635 1370
1802 1289
1810 1330
1810 1468
1678 1363
1749 1372
1783 1375
1775 1445
1641 1373
1823 1316
1709 1286
1758 1415
1865 1406
1679 1472

Point Cloud 783:
52 688
173 774
150 777
188 782
56 821
132 772
124 774
122 816
213 713
28 913
119 815
94 783
21 840
214 840
1777 1297
1773 1365
1760 1372
1766 1466
1739 1497
1851 1362
1747 1389
1882 1349
1898 1323
1808 1257
1736 1397
1819 1445
1822 1408
1663 1486

Point Cloud 784:
31 684
198 773
117 749
84 819
136 733
103 756
226 750
202 732
74 741
105 780
142 722
253 765
175 867
433 2016
1747 1413
1796 1378
1659 1368
1767 1408
1838 1425
1913 1292
1838 1401
1855 1294
1767 1397
1804 1329
1827 1398
1708 1396
1755 1484
1654 1495
1724 1283

Point Cloud 785:
40 716
180 684
82 812
208 720
186 696
171 686
245 803
186 679
12 893
115 796
0 888
7 904
172 869
345 1972
1625 1402
1595 1366
1680 1449
1838 1371
1686 1384
1815 1457
1787 1299
1678 1383
1787 1503
1772 1434
1697 1378
1841 1292
1842 1418
1789 1307
1724 1272

Point Cloud 786:
37 707
122 788
25 926
18 892
18 814
212 742
157 778
5 837
83 760
1 858
252 801
187 859
1606 1447
1609 1365
1693 1476
1802 1389
1824 1450
1846 1423
1771 1456
1846 1366
1731 1390
1822 1407
1756 1354
1758 1313
1755 1484
1820 1263
1671 1326

Point Cloud 787:
39 739
109 760
82 802
107 773
200 680
197 715
262 783
180 685
196 806
15 807
192 709
65 872
111 1981
216 856
243 1988
1839 1374
1768 1293
1647 1423
1819 1381
1754 1360
1786 1374
1668 1382
1866 1338
1705 1389
1813 1456
1697 1353
1836 1396
1787 1301
1646 1499
1683 1295

Point Cloud 788:
5 908
103 818
8 882
25 828
242 741
97 751
93 863
34 811
101 809
89 849
124 793
181 783
171 860
227 1989
1577 1414
1857 1391
1671 1384
1810 1282
1809 1478
1819 1443
1894 1344
1802 1514
1608 1432
1821 1276
1870 1388
1840 1433
1816 1351
1630 1489
1721 1290

Point Cloud 789:
20 702
2 823
23 809
75 743
200 724
111 824
85 748
16 813
65 782
108 751
181 740
40 952
200 862
217 2008
304 733
1590 1335
1631 1384
1691 1457
1658 1338
1794 1313
1729 1502
1773 1359
1820 1439
1813 1504
1836 1480
1765 1279
1860 1348
1799 1499
1813 1365

Point Cloud 790:
46 750
201 734
115 843
31 803
100 840
42 745
122 868
61 735
3 835
258 736
36 934
243 857
313 721
1582 1346
1639 1427
1693 1462
1688 1297
1815 1331
1821 1478
1805 1374
1800 1356
1851 1358
1899 1345
1843 1283
1745 1351
1796 1483
1800 1426
1757 1399

Point Cloud 791:
96 797
127 822
103 726
70 759
87 796
24 854
51 819
126 838
34 961
212 762
198 691
240 861
292 638
1580 1290
1795 1482
1809 1398
1649 1400
1821 1464
1753 1324
1737 1331
1811 1381
1707 1360
1762 1310
1645 1381
1873 1346
1744 1342
1657 1481
1690 1275

Point Cloud 792:
49 896
9 749
1 723
12 744
90 838
49 705
28 833
48 784
107 865
74 877
8 938
197 745
207 758
229 851
228 2002
309 625
1363 39
1844 1364
1794 1473
1651 1264
1763 1431
1853 1403
1684 1284
1824 1502
1672 1408
1647 1314
1797 1355
1795 1424
1845 1392
1869 1352
1658 1467
1627 1271
1793 1470
1745 1315

Point Cloud 793:
84 864
40 861
98 746
0 846
73 753
87 905
174 702
23 762
75 783
121 885
73 903
10 695
3 909
222 868
258 2005
338 605
1374 47
1789 1319
1756 1484
1616 1383
1878 1334
1680 1404
1873 1380
1699 1297
1829 1391
1668 1317
1866 1338
1662 1307
1751 1421
1692 1253
1667 1269
1804 1485
1818 1287

Point Cloud 794:
2 790
236 868
161 831
122 766
146 829
105 806
123 759
123 801
119 773
135 774
78 783
10 943
174 665
217 746
347 637
1635 1443
1705 1302
1619 1382
1761 1445
1713 1396
1804 1246
1666 1405
1805 1291
1763 1442
1832 1316
1736 1464
1751 1353
1775 1311
1873 1405
1694 1462

Point Cloud 795:
132 892
117 882
54 729
18 760
165 866
184 875
30 645
67 678
105 902
19 849
201 861
4 943
128 1576
159 727
204 675
316 632
1685 1428
1649 1429
1652 1395
1884 1336
1827 1495
1768 1323
1750 1319
1669 1312
1802 1456
1735 1332
1750 1345
1771 1455
1753 1379
1729 1487
1873 1225

Point Cloud 796:
37 621
66 760
14 815
83 758
71 764
164 748
38 755
115 907
94 879
129 843
123 840
73 832
49 970
209 1686
250 620
334 2001
1761 1423
1669 1308
1711 1402
1803 1406
1834 1316
1805 1365
1872 1260
1631 1421
1805 1473
1822 1320
1796 1419
1866 1259
1847 1434
1654 1317
1824 1340
1701 1491

Point Cloud 797:
30 661
226 862
117 795
60 818
82 838
95 883
95 885
131 793
24 835
12 929
193 684
165 748
252 610
394 2007
1813 1398
1875 1303
1737 1312
1789 1481
1756 1297
1854 1422
1822 1350
1866 1325
1725 1320
1839 1442
1869 1413
1754 1410
1755 1389
1819 1360
1781 1435

Point Cloud 798:
230 740
155 840
131 828
57 773
189 701
239 741
177 710
118 871
94 739
143 774
10 913
33 645
155 625
230 853
375 1981
1751 1318
1738 1355
1852 1445
1752 1432
1848 1292
1686 1428
1679 1312
1638 1421
1833 1457
1848 1389
1793 1391
1750 1379
1745 1306
1870 1339
1617 1382

Point Cloud 799:
87 844
91 917
41 808
23 831
110 876
175 691
138 727
34 674
5 825
93 771
57 668
202 743
13 920
173 643
228 874
468 2007
1787 1387
1740 1292
1694 1515
1835 1313
1723 1289
1609 1419
1696 1292
1643 1410
1784 1329
1733 1331
1760 1473
1818 1495
1754 1297
1623 1379

Point Cloud 800:
64 732
133 868
141 726
180 654
106 858
168 668
164 658
123 767
260 741
75 621
280 744
19 809
186 639
150 741
45 949
203 854
417 1938
1364 42
1616 1407
1680 1472
1777 1336
1681 1282
1672 1389
1808 1316
1736 1356
1649 1468
1713 1293
1684 1376
1878 1381
1844 1392
1826 1365
1644 1379
1733 1373
1750 1414

Point Cloud 801:
132 800
55 798
117 754
125 733
128 668
100 599
100 601
145 747
93 831
9 767
65 691
68 688
183 693
11 714
0 923
166 860
415 1960
1357 49
1767 1346
1823 1328
1707 1343
1743 1391
1641 1456
1856 1492
1809 1424
1681 1381
1844 1412
1693 1450
1742 1328
1752 1411
1831 1452
1816 1369
1732 1365

Point Cloud 802:
98 762
17 700
94 852
228 877
219 687
120 827
242 750
116 862
142 746
66 743
25 868
132 830
21 718
32 929
109 603
335 2016
632 1774
1619 1367
1865 1440
1779 1435
1705 1355
1685 1483
1853 1419
1846 1447
1644 1395
1782 1393
1723 1342
1743 1374
1725 1383
1754 1401
1756 1337
1802 1415

Point Cloud 803:
25 942
179 706
145 838
86 786
174 688
70 748
205 866
210 743
147 824
149 814
142 699
45 831
113 846
111 643
408 1943
762 1641
1648 1420
1733 1379
1636 1335
1773 1449
1639 1443
1760 1390
1634 1462
1710 1462
1869 1463
1741 1521
1868 1340
1748 1527
1746 1524
1815 1404
1627 1301
1705 1313

Point Cloud 804:
7 929
63 806
23 849
90 621
56 752
182 689
223 740
106 665
22 710
133 838
39 672
119 724
106 653
106 790
404 1970
899 1607
1689 1413
1659 1482
1693 1322
1834 1309
1805 1423
1617 1395
1713 1345
1841 1381
1829 1389
1849 1365
1801 1495
1671 1404
1776 1401
1689 1323
1725 1507

Point Cloud 805:
47 946
161 738
128 719
185 680
144 653
259 739
87 629
177 870
91 817
178 831
205 683
73 684
257 725
25 684
437 1979
1777 1555
1827 1378
1861 1496
1850 1321
1862 1456
1845 1341
1731 1454
1834 1498
1667 1367
1850 1330
1686 1349
1717 1307
1807 1387
1724 1386
1825 1333

Point Cloud 806:
150 860
42 654
132 846
212 703
232 735
180 791
11 899
41 961
76 745
31 907
164 857
84 672
172 712
122 844
437 1980
1649 1353
1814 1393
1691 1370
1810 1400
1842 1368
1724 1299
1640 1362
1768 1354
1667 1351
1802 1346
1680 1377
1782 1383
1740 1463
1661 1468
1858 1643

Point Cloud 807:
11 853
227 884
205 770
95 756
206 697
171 874
27 652
169 743
163 847
36 844
39 780
32 920
91 802
150 789
115 787
19 934
437 1951
1719 1297
1652 1390
1690 1403
1829 1494
1858 1410
1698 1423
1730 1420
1838 1483
1656 1349
1706 1300
1681 1332
1705 1302
1713 1508
1809 1517
1865 1665

Point Cloud 808:
171 735
59 762
30 896
182 861
134 758
69 747
176 726
89 695
92 706
24 833
41 864
168 767
127 828
168 689
1607 1415
1702 1501
1665 1413
1666 1320
1664 1339
1708 1366
1822 1339
1847 1445
1699 1393
1767 1339
1738 1362
1851 1352
1746 1344
1764 1730
1828 1635

Point Cloud 809:
140 781
30 660
52 946
284 761
160 751
86 772
202 889
19 897
172 742
166 831
173 810
162 778
90 639
39 998
52 706
403 1752
445 1997
1763 1426
1828 1422
1856 1423
1844 1428
1857 1479
1659 1405
1712 1341
1663 1405
1750 1400
1794 1328
1839 1295
1790 1364
1684 1493
1704 1693
1811 1675

Point Cloud 810:
37 932
25 870
29 903
59 1642
34 653
173 717
65 716
103 698
128 814
152 740
214 772
205 764
156 804
154 737
111 813
480 2004
1805 1404
1813 1343
1739 1384
1827 1387
1843 1483
1759 1389
1772 1333
1613 1370
1869 1358
1672 1392
1743 1305
1721 1360
1717 1552
1658 1452
1765 1635

Point Cloud 811:
39 930
25 857
101 731
130 879
178 833
84 754
257 725
186 843
204 788
161 688
130 741
182 859
76 724
141 1012
492 1987
1625 1388
1644 1462
1649 1475
1845 1395
1727 1399
1809 1422
1734 1398
1729 1372
1819 1393
1840 1405
1820 1337
1780 1325
1859 1353
1696 1635
1846 1506

Point Cloud 812:
1 854
54 805
66 689
205 788
140 704
87 771
190 674
163 770
154 793
104 674
81 682
108 675
70 770
86 742
190 1099
474 1973
1340 40
1654 1611
1845 1318
1770 1492
1708 1388
1770 1365
1800 1394
1804 1431
1696 1412
1720 1301
1727 1354
1829 1306
1687 1395
1832 1392
1800 1341
1705 1503

Point Cloud 813:
32 918
22 860
143 693
172 842
150 800
99 778
98 754
200 753
102 768
201 719
160 687
155 661
196 779
144 1162
494 1977
1508 1621
1728 1339
1612 1406
1689 1360
1792 1315
1690 1385
1784 1315
1689 1394
1829 1398
1716 1341
1682 1297
1765 1328
1762 1513
1766 1314
1700 1496

Point Cloud 814:
10 874
41 965
216 756
210 784
218 769
210 870
168 710
154 674
191 717
181 750
185 680
211 754
142 1260
1841 1367
1714 1333
1770 1323
1801 1402
1747 1351
1659 1402
1817 1365
1748 1484
1738 1492
1774 1327
1714 1312
1849 1358
1680 1495

Point Cloud 815:
66 846
16 925
188 795
160 827
104 805
121 735
250 738
282 761
197 871
218 866
153 726
128 647
155 1245
1629 1438
1654 1485
1694 1335
1724 1405
1841 1439
1676 1405
1710 1341
1794 1340
1743 1301
1803 1324
1747 1303
1702 1327
1811 1395
1842 1518

Point Cloud 816:
199 800
172 732
214 770
163 874
114 753
23 857
212 707
134 720
34 832
144 804
228 711
17 897
168 1263
1239 1731
1609 1411
1709 1299
1666 1370
1866 1356
1745 1411
1849 1432
1713 1367
1760 1513
1699 1391
1692 1385
1673 1372
1810 1376
1788 1320
1704 1348

Point Cloud 817:
125 893
219 739
184 692
158 860
118 751
64 784
14 819
98 795
44 856
63 779
31 844
19 914
7 1557
113 1163
1254 1733
1607 1374
1674 1482
1732 1384
1715 1317
1824 1424
1794 1300
1791 1445
1742 1472
1812 1343
1701 1320
1736 1477
1797 1313
1724 1411
1820 1398

Point Cloud 818:
157 801
94 757
222 885
171 795
141 779
44 860
121 846
163 848
202 870
130 819
217 746
118 777
8 918
47 1012
346 1992
1252 1727
1637 1417
1781 1300
1694 1448
1718 1315
1643 1392
1840 1317
1719 1320
1787 1448
1691 1385
1856 1372
1656 1396
1747 1374
1804 1437
1709 1329

Point Cloud 819:
184 707
106 856
53 941
49 944
55 939
192 888
151 742
80 830
12 893
33 918
42 878
193 773
211 763
342 1976
1238 1749
1612 1390
1727 1345
1811 1359
1804 1356
1700 1446
1721 1442
1867 1372
1833 1362
1719 1315
1837 1447
1789 1447
1839 1350
1824 1383
1709 1396

Point Cloud 820:
166 842
61 825
184 834
87 786
32 870
107 797
74 791
45 938
194 662
71 787
46 922
116 801
299 1934
1202 1760
1610 1371
1824 1325
1707 1338
1861 1377
1712 1341
1701 1497
1680 1382
1708 1464
1748 1409
1687 1408
1787 1380
1813 1320
1756 1397
1841 1515

Point Cloud 821:
88 763
203 656
168 727
173 743
189 780
176 754
182 672
136 822
173 786
170 885
234 752
43 933
203 706
312 1976
1257 1730
1707 1304
1819 1351
1731 1400
1674 1503
1619 1371
1705 1284
1719 1408
1873 1367
1835 1358
1751 1374
1725 1443
1863 1423
1754 1342
1634 1438
1691 1513

Point Cloud 822:
8 866
148 861
214 762
71 815
164 830
64 845
139 773
66 752
55 934
145 673
123 749
76 846
269 1934
1250 1721
1709 1449
1703 1393
1819 1311
1843 1406
1787 1367
1792 1390
1778 1368
1646 1471
1757 1370
1837 1321
1834 1348
1809 1436
1719 1386
1807 1480

Point Cloud 823:
30 692
85 808
74 767
207 770
103 776
263 717
166 684
201 828
264 729
260 735
138 847
136 870
204 865
200 715
174 1885
287 1933
1205 1772
1372 40
1731 1310
1665 1328
1681 1333
1804 1428
1643 1457
1779 1353
1791 1375
1657 1476
1798 1294
1836 1309
1823 1344
1822 1396
1827 1504

Point Cloud 824:
7 559
106 803
146 806
178 662
107 777
9 888
105 856
109 842
19 906
99 796
142 775
15 883
150 662
30 836
255 1951
277 1912
1252 1732
1627 1459
1605 1480
1614 1378
1678 1403
1817 1422
1776 1331
1844 1384
1839 1433
1821 1401
1795 1301
1717 1322

Point Cloud 825:
32 499
145 826
223 823
171 851
153 794
272 737
119 785
162 896
79 805
170 846
99 756
197 804
345 1955
1214 1750
1607 1480
1595 1560
1602 1440
1660 1385
1709 1310
1824 1357
1810 1427
1822 1389
1803 1487
1808 1498
1789 1435

Point Cloud 826:
15 435
186 826
70 811
194 823
176 728
254 726
23 855
92 815
215 801
258 731
235 744
48 829
23 923
300 1930
1620 1523
1621 1386
1644 1498
1687 1505
1677 1386
1686 1298
1841 1430
1794 1393
1793 1433
1743 1363
1752 1317
1805 1437
1805 1493

Point Cloud 827:
182 687
45 855
209 853
217 814
189 807
157 885
147 811
212 731
125 862
64 832
21 916
25 419
205 1967
260 1934
351 2013
1214 1757
1623 1421
1690 1398
1716 1423
1694 1616
1666 1498
1709 1328
1784 1480
1820 1310
1815 1363
1783 1447
1844 1441
1793 1486
1862 1371

Point Cloud 828:
170 854
36 848
175 868
169 686
156 682
76 751
61 845
5 865
25 889
148 665
79 779
59 778
57 395
161 2005
225 1944
1244 1735
1637 1422
1667 1462
1690 1392
1650 1514
1804 1416
1722 1352
1752 1384
1685 1296
1782 1479
1802 1321
1763 1353
1824 1413
1721 1591

Point Cloud 829:
37 926
176 836
227 810
144 847
187 845
171 818
145 871
139 789
195 753
195 871
77 749
6 896
41 817
91 432
216 1991
249 1939
1213 1767
1621 1420
1673 1497
1666 1513
1650 1390
1728 1333
1812 1449
1788 1398
1760 1326
1743 1365
1790 1431
1739 1325
1775 1330
1815 1584

Point Cloud 830:
64 801
196 698
202 848
224 844
45 848
178 786
276 723
146 878
77 782
197 729
59 833
172 846
99 851
100 778
143 619
202 1993
318 1935
1208 1772
1339 46
1627 1414
1863 1391
1734 1452
1790 1411
1698 1407
1681 1518
1846 1429
1716 1489
1708 1445
1751 1369
1724 1354
1845 1435
1662 1328
1862 1641

Point Cloud 831:
191 781
227 901
80 837
195 886
187 755
117 772
208 816
64 847
167 783
146 854
188 811
43 813
258 881
215 840
222 1959
261 1922
1221 1763
1618 1416
1689 1483
1780 1291
1791 1290
1833 1337
1713 1361
1814 1376
1691 1395
1830 1415
1847 1430
1846 1371
1698 1310
1834 1694

Point Cloud 832:
16 927
102 789
96 758
30 887
253 858
76 754
163 787
39 837
178 647
106 803
90 772
192 716
224 675
40 863
275 1991
307 1905
1620 1406
1690 1501
1718 1298
1751 1340
1779 1452
1734 1442
1839 1345
1677 1384
1755 1434
1754 1412
1727 1335
1773 1303
1812 1672

Point Cloud 833:
242 706
118 795
218 813
103 741
157 779
185 795
162 860
225 780
171 719
137 766
166 818
4 857
202 737
1 857
240 1996
285 1912
594 1612
1608 1380
1751 1447
1753 1433
1865 1446
1744 1332
1682 1541
1804 1362
1787 1364
1740 1368
1798 1384
1711 1543
1774 1306
1826 1339
1749 1443

Point Cloud 834:
119 772
159 681
186 646
186 812
152 860
184 658
104 756
189 758
85 769
281 821
133 737
216 809
305 1926
318 705
292 1996
561 1604
1587 1535
1620 1430
1747 1466
1844 1395
1791 1323
1717 1351
1758 1314
1768 1363
1735 1342
1757 1454
1680 1481
1703 1439
1700 1331

Point Cloud 835:
35 836
177 868
52 858
100 786
153 783
216 696
32 884
218 747
285 815
118 740
91 835
220 700
138 802
277 1938
293 700
585 1687
1232 1751
1482 1516
1624 1413
1843 1438
1789 1443
1871 1436
1714 1415
1761 1316
1821 1369
1665 1394
1789 1279
1790 1441
1700 1484
1683 1333

Point Cloud 836:
121 745
281 815
5 882
148 720
251 769
153 854
239 731
93 839
217 893
73 757
169 689
117 803
164 757
55 814
279 1958
308 712
534 1738
1211 1755
1339 1499
1616 1398
1775 1300
1754 1336
1690 1438
1791 1442
1827 1353
1782 1496
1707 1423
1685 1392
1759 1375
1675 1499
1684 1295

Point Cloud 837:
94 760
182 670
131 852
41 845
214 810
174 745
242 807
218 697
59 758
154 877
150 812
265 789
213 698
277 1932
368 775
1205 1563
1624 1410
1687 1501
1795 1384
1726 1427
1788 1397
1733 1338
1803 1305
1796 1356
1721 1363
1688 1385
1675 1320
1780 1490

Point Cloud 838:
137 758
59 805
190 877
117 800
146 843
53 707
273 793
256 790
281 777
215 742
224 765
231 701
349 761
1095 1644
1623 1421
1695 1481
1710 1400
1883 1415
1861 1349
1678 1375
1761 1334
1766 1408
1672 1380
1780 1290
1703 1292
1752 1509

Point Cloud 839:
136 855
97 767
89 777
119 810
102 809
64 710
185 702
174 678
277 730
299 827
256 800
407 773
913 1714
1630 1419
1722 1479
1802 1477
1720 1408
1736 1379
1799 1490
1760 1380
1794 1444
1756 1487
1716 1433
1775 1358
1811 1419
1672 1330

Point Cloud 840:
11 642
2 857
16 853
24 846
89 819
42 851
189 889
264 723
306 693
325 790
293 825
369 764
396 2001
1616 1424
1832 1352
1843 1387
1720 1427
1865 1400
1865 1327
1851 1347
1688 1388
1758 1354
1866 1423
1703 1458
1688 1326
1784 1455

Point Cloud 841:
35 669
5 789
83 808
142 754
1 843
26 834
181 698
205 760
290 688
285 843
321 780
280 1900
277 731
410 1996
403 767
1709 1376
1729 1392
1869 1355
1788 1382
1654 1391
1658 1398
1853 1383
1771 1420
1789 1276
1684 1480
1711 1296
1787 1473

Point Cloud 842:
39 673
196 862
189 747
44 812
115 813
209 712
82 769
126 786
180 751
248 673
271 1915
304 807
330 732
388 1988
441 798
1615 1386
1857 1453
1766 1376
1785 1495
1795 1471
1748 1393
1692 1394
1723 1390
1745 1439
1797 1379
1735 1296
1847 1371

Point Cloud 843:
56 670
137 784
12 799
16 849
29 857
200 688
180 677
46 795
30 852
163 863
256 801
340 1993
332 722
491 824
1068 1756
1626 1412
1684 1497
1783 1427
1766 1448
1788 1322
1693 1418
1696 1436
1662 1419
1782 1479
1729 1427
1691 1298
1846 1307

Point Cloud 844:
23 731
217 737
102 776
213 741
29 866
0 863
122 847
263 740
104 835
204 862
237 1926
322 793
303 799
426 1990
373 784
521 855
1095 1870
1806 1352
1624 1402
1735 1291
1642 1450
1674 1466
1683 1496
1660 1408
1803 1487
1782 1277
1791 1340
1781 1443
1714 1375
1652 1448
1867 1367

Point Cloud 845:
16 686
229 735
13 872
195 693
159 734
44 780
125 791
7 822
179 716
227 886
291 1909
327 802
331 799
342 2010
366 773
489 828
1129 1878
1766 1321
1695 1402
1817 1410
1792 1447
1709 1422
1639 1413
1763 1437
1693 1446
1719 1447
1759 1418
1689 1287
1872 1420
1807 1457
1732 1317
1785 1433

Point Cloud 846:
102 833
29 800
178 765
247 721
216 699
64 763
147 726
102 788
6 761
75 843
196 886
275 1930
330 811
285 783
380 1971
375 749
388 2016
540 874
1683 1283
1654 1367
1790 1316
1638 1407
1700 1359
1878 1440
1795 1289
1859 1432
1783 1513
1731 1397
1612 1416
1819 1360
1635 1407
1683 1373
1850 1334

Point Cloud 847:
221 704
171 720
199 745
8 806
99 792
24 750
241 690
196 730
74 758
4 725
167 877
294 1913
283 792
256 853
359 1981
355 742
421 1985
590 862
1640 1423
1759 1415
1745 1297
1810 1356
1868 1438
1671 1439
1724 1431
1761 1335
1743 1447
1679 1392
1802 1478
1804 1359
1663 1378
1848 1321

Point Cloud 848:
196 703
230 665
54 803
80 720
76 774
131 811
94 811
130 743
41 819
92 785
181 859
280 844
337 1940
313 794
398 760
456 2013
631 866
1376 41
1788 1285
1780 1386
1798 1521
1754 1358
1801 1380
1778 1390
1708 1517
1747 1314
1680 1299
1872 1429
1695 1460
1717 1300
1806 1414
1857 1329

Point Cloud 849:
15 865
21 735
167 715
81 812
197 790
80 839
152 789
24 881
225 760
191 775
150 863
296 847
269 801
342 1945
396 738
419 2012
639 877
1371 27
1691 1383
1725 1419
1785 1487
1689 1349
1771 1408
1708 1316
1856 1399
1756 1361
1696 1424
1739 1299
1669 1392
1648 1358
1843 1281

Point Cloud 850:
53 763
26 830
234 722
147 790
36 849
127 759
114 801
33 811
35 787
216 757
193 869
301 826
325 777
354 1946
358 2002
362 2001
391 787
721 844
921 1718
1373 51
1796 1476
1695 1294
1739 1493
1759 1387
1656 1373
1750 1285
1764 1421
1772 1351
1700 1505
1861 1306
1671 1459
1701 1511
1666 1447
1680 1316
1775 1417

Point Cloud 851:
154 753
101 748
121 831
106 849
163 720
202 800
213 742
122 755
61 865
64 834
233 885
304 835
360 749
421 1985
436 1982
487 2010
414 791
709 869
761 1695
1798 1494
1675 1336
1771 1491
1823 1448
1639 1365
1675 1352
1861 1386
1849 1295
1706 1380
1844 1411
1861 1428
1836 1386
1650 1424
1778 1335

Point Cloud 852:
224 761
41 786
59 775
21 797
121 843
214 810
54 818
191 729
53 867
194 869
273 845
371 765
498 1969
374 1969
349 1938
548 1650
722 852
1664 1326
1827 1449
1880 1458
1693 1311
1784 1326
1693 1521
1684 1345
1764 1369
1706 1488
1689 1421
1800 1429
1869 1329
1844 1282
1771 1460

Point Cloud 853:
120 782
236 745
121 799
4 776
226 696
26 791
18 828
114 696
59 837
189 889
275 841
335 822
361 1994
355 769
423 1632
532 1939
513 1971
727 861
1676 1428
1749 1304
1695 1412
1786 1447
1825 1369
1666 1416
1798 1383
1814 1387
1852 1463
1787 1436
1741 1498
1715 1316
1639 1381
1850 1287

Point Cloud 854:
84 812
114 761
36 815
127 783
91 707
142 713
71 830
235 806
75 784
130 834
171 854
279 1599
287 846
341 823
358 1948
405 763
469 1986
755 873
1747 1341
1689 1338
1825 1457
1743 1350
1792 1431
1859 1456
1850 1413
1688 1528
1708 1311
1768 1408
1674 1324
1719 1280
1745 1474
1868 1352

Point Cloud 855:
66 786
199 719
119 774
223 734
173 769
134 807
87 792
15 880
141 695
113 692
85 1594
160 867
264 835
388 1971
456 814
463 1979
703 838
1695 1483
1768 1414
1825 1408
1740 1374
1802 1411
1799 1391
1734 1337
1745 1357
1812 1479
1626 1408
1680 1309
1788 1343
1857 1313

Point Cloud 856:
82 722
114 732
59 801
126 798
39 876
13 754
15 729
121 841
135 749
99 693
161 822
215 785
2 1558
297 817
462 1953
387 1979
469 811
615 1979
653 889
1350 54
1851 1386
1769 1383
1758 1467
1880 1379
1713 1302
1758 1485
1830 1460
1853 1432
1776 1383
1754 1399
1838 1467
1720 1436
1788 1302
1702 1409

Point Cloud 857:
106 770
179 807
121 701
216 793
29 813
51 819
53 768
165 683
137 767
12 766
85 1592
297 832
369 804
430 2013
478 2009
621 853
1749 1459
1659 1391
1711 1312
1850 1303
1723 1371
1833 1444
1737 1338
1735 1312
1847 1463
1762 1504
1654 1397
1721 1437
1766 1283

Point Cloud 858:
1 751
133 760
65 855
145 821
247 821
113 685
10 773
159 874
146 697
190 747
56 1584
345 804
474 2014
417 2003
675 855
665 1569
1843 1325
1768 1349
1833 1288
1761 1342
1858 1428
1712 1312
1866 1399
1774 1287
1638 1367
1839 1286
1650 1449
1748 1497
1797 1377
1755 1476

Point Cloud 859:
166 760
109 782
137 790
5 877
228 836
123 683
270 803
24 850
191 781
152 783
100 689
35 788
49 1576
463 2010
391 1999
542 847
618 1469
637 834
1837 1373
1657 1389
1605 1408
1697 1455
1844 1301
1814 1400
1723 1374
1746 1456
1683 1446
1768 1290
1855 1308
1612 1393
1782 1426
1834 1300

Point Cloud 860:
27 745
99 760
38 728
147 814
19 808
41 755
122 720
31 859
56 1595
226 767
297 816
237 812
262 803
249 830
457 1979
430 1983
547 841
674 866
777 1468
1380 11
1578 1458
1850 1276
1769 1372
1733 1394
1653 1457
1743 1506
1734 1490
1806 1358
1733 1462
1711 1453
1639 1364
1812 1387
1718 1353
1629 1385
1859 1407

Point Cloud 861:
29 853
14 823
16 870
47 730
32 1566
103 677
140 687
155 717
108 784
101 782
346 824
225 778
257 836
178 867
219 750
428 1946
426 1973
600 844
664 786
861 1601
1379 57
1588 1446
1777 1310
1734 1358
1760 1284
1844 1321
1800 1374
1718 1456
1833 1361
1781 1430
1830 1386
1847 1361
1641 1439
1814 1374
1829 1415
1622 1397

Point Cloud 862:
54 779
47 832
50 797
61 1591
77 700
143 810
167 796
88 775
163 858
227 850
233 894
154 865
158 866
455 1984
443 1942
583 837
703 788
831 1857
1363 47
1640 1421
1810 1353
1722 1421
1707 1358
1639 1461
1770 1297
1708 1386
1727 1347
1716 1370
1645 1447
1716 1467
1781 1333
1753 1481
1805 1429
1730 1395

Point Cloud 863:
23 753
14 844
94 859
78 1592
126 700
145 803
160 799
97 772
297 817
292 822
301 815
214 736
352 819
426 1944
418 1940
628 803
708 800
1609 1487
1862 1333
1724 1359
1760 1329
1822 1343
1693 1452
1667 1311
1857 1305
1664 1408
1668 1353
1712 1313
1729 1344
1716 1448
1688 1287
1840 1406

Point Cloud 864:
26 757
119 670
47 866
93 787
152 793
80 724
114 795
83 1594
174 868
144 857
254 828
261 845
432 2000
450 1982
644 784
775 746
1616 1521
1811 1353
1723 1443
1716 1348
1781 1427
1671 1298
1804 1347
1711 1414
1704 1434
1790 1306
1714 1468
1813 1321
1818 1456
1730 1355
1653 1357
1758 1279

Point Cloud 865:
102 675
143 718
21 889
104 761
7 882
81 846
22 752
71 1592
194 872
233 846
225 740
333 829
388 840
483 2016
462 1978
499 1882
732 761
1361 34
1588 1578
1813 1422
1835 1304
1820 1341
1706 1342
1674 1389
1742 1395
1777 1432
1767 1493
1817 1313
1802 1322
1650 1469
1736 1433
1818 1400
1650 1430

Point Cloud 866:
208 747
131 736
166 756
121 872
93 760
186 728
199 731
10 1617
187 861
230 803
261 845
346 1927
338 828
477 1971
459 1994
690 782
805 801
1383 22
1628 1563
1700 1457
1662 1408
1776 1414
1680 1364
1664 1429
1677 1288
1621 1482
1816 1392
1775 1413
1754 1366
1745 1505
1663 1457
1773 1286
1745 1443

Point Cloud 867:
29 787
53 1599
83 819
173 748
74 778
145 703
101 685
57 796
215 895
226 807
411 828
400 802
419 1974
693 769
824 800
1588 1583
1727 1318
1795 1339
1664 1413
1828 1439
1711 1348
1747 1454
1869 1362
1734 1416
1756 1354
1638 1499
1684 1375
1704 1281

Point Cloud 868:
127 772
18 757
21 733
98 745
51 753
137 707
92 747
57 750
0 1607
183 871
245 831
338 860
376 793
470 1951
445 1990
748 759
811 759
1370 53
1576 1556
1650 1467
1744 1426
1871 1350
1709 1292
1769 1501
1833 1339
1713 1390
1742 1465
1774 1369
1762 1508
1871 1350
1825 1343
1692 1444

Point Cloud 869:
143 712
124 778
141 714
136 709
111 724
138 725
104 783
168 736
5 1612
219 877
331 837
248 819
386 785
412 2016
477 1961
750 756
782 767
1604 1545
1845 1312
1821 1349
1682 1424
1748 1289
1719 1313
1700 1360
1766 1326
1727 1423
1777 1400
1774 1302
1747 1470
1808 1384
1682 1380

Point Cloud 870:
100 809
21 746
42 805
5 746
97 727
56 875
206 872
180 746
245 866
380 784
393 786
416 1994
478 1995
736 758
1625 1506
1704 1348
1698 1390
1729 1337
1671 1362
1710 1319
1864 1389
1741 1378
1690 1432
1764 1350
1764 1286
1769 1325
1733 1297
1719 1544

Point Cloud 871:
1 776
67 840
88 847
113 855
6 883
22 882
12 1675
162 835
168 884
249 866
369 780
354 765
417 1984
475 1977
744 766
1622 1481
1843 1395
1771 1505
1833 1345
1771 1523
1700 1439
1772 1324
1723 1310
1737 1528
1703 1468
1727 1374
1850 1418
1730 1460
1847 1359

Point Cloud 872:
105 855
122 761
94 800
111 725
118 846
15 776
8 1621
170 779
160 859
246 846
392 781
341 836
427 1954
499 1992
737 770
712 727
1629 1463
1768 1285
1795 1358
1659 1362
1840 1396
1753 1312
1698 1360
1728 1396
1873 1373
1762 1501
1765 1442
1691 1388
1874 1465

Point Cloud 873:
0 760
113 732
187 781
32 749
177 760
20 775
10 731
175 764
225 888
224 815
350 810
328 839
435 2017
508 1987
725 768
727 704
1371 34
1624 1484
1677 1310
1697 1349
1688 1308
1675 1435
1780 1302
1784 1409
1769 1317
1844 1287
1711 1344
1830 1298
1716 1459
1764 1473
1873 1464

Point Cloud 874:
5 734
108 793
185 803
54 795
93 701
129 678
73 817
72 877
138 877
251 849
348 776
432 744
442 1993
511 766
504 1958
659 712
743 759
1648 1452
1710 1411
1704 1393
1858 1445
1721 1424
1861 1404
1723 1292
1696 1389
1745 1332
1666 1342
1659 1433
1894 1384
1788 1503

Point Cloud 875:
11 721
77 707
132 783
117 849
106 710
127 760
203 788
158 880
243 833
301 780
383 801
448 2001
508 1924
596 744
723 758
1626 1494
1861 1314
1703 1392
1703 1401
1806 1353
1722 1417
1755 1409
1694 1273
1722 1404
1713 1340
1757 1393
1691 1278
1845 1306
1711 1323

Point Cloud 876:
12 670
28 873
93 736
157 784
103 733
133 689
122 714
174 879
254 849
313 788
358 849
449 1987
481 2015
583 758
608 727
696 798
1621 1491
1896 1361
1739 1354
1664 1335
1826 1396
1724 1349
1743 1431
1755 1375
1878 1331
1775 1285
1739 1403
1880 1393
1896 1357
1698 1290

Point Cloud 877:
1 734
115 772
121 685
132 830
32 814
93 760
130 736
177 879
420 828
284 853
339 788
485 2017
488 1952
564 757
571 732
733 764
1363 49
1639 1488
1766 1286
1717 1404
1779 1333
1684 1303
1716 1354
1815 1331
1755 1299
1757 1489
1680 1286
1765 1291
1781 1345
1886 1342
1836 1374
1647 1433
1665 1376

Point Cloud 878:
6 713
167 791
123 793
21 867
127 789
47 805
87 767
172 864
262 847
346 797
358 837
502 1945
514 1991
554 762
587 777
732 758
1611 1498
1696 1479
1791 1400
1736 1414
1718 1297
1885 1397
1814 1316
1796 1433
1838 1308
1735 1471
1720 1418
1912 1312
1719 1454
1825 1308

Point Cloud 879:
12 757
89 802
103 856
68 861
118 704
52 746
112 764
174 873
283 856
352 803
355 786
493 1970
519 740
588 772
724 783
1579 1495
1649 1388
1762 1453
1846 1367
1647 1413
1846 1336
1842 1291
1834 1338
1777 1383
1829 1307
1761 1479
1799 1425
1899 1280

Point Cloud 880:
8 687
53 806
32 879
113 663
85 797
44 807
93 772
134 836
204 916
329 764
241 863
510 1957
492 740
571 771
719 765
1354 36
1607 1503
1675 1301
1737 1458
1850 1386
1697 1356
1759 1367
1756 1479
1819 1398
1737 1461
1759 1363
1712 1479
1828 1322
1872 1230

Point Cloud 881:
127 696
15 888
3 746
76 755
119 703
144 746
72 813
82 770
49 729
4 852
226 855
321 806
397 825
503 1967
453 2015
479 745
605 783
737 752
1337 34
1608 1544
1833 1425
1771 1295
1806 1376
1744 1290
1870 1384
1754 1442
1879 1391
1811 1366
1747 1435
1713 1296
1741 1291
1706 1391
1851 1276
1847 1235

Point Cloud 882:
65 867
134 693
20 717
118 728
41 886
9 832
70 872
28 770
29 1958
144 879
250 841
324 824
336 879
483 2012
487 749
703 778
1385 22
1597 1491
1816 1422
1731 1455
1699 1482
1724 1383
1778 1479
1795 1410
1756 1302
1845 1309
1684 1297
1741 1427
1839 1280
1723 1459
1728 1366
1892 1227

Point Cloud 883:
30 733
111 759
24 866
83 731
131 742
28 725
59 858
171 872
258 847
318 804
500 751
502 1968
678 764
1606 1532
1755 1341
1770 1401
1667 1484
1789 1426
1752 1284
1721 1339
1783 1388
1753 1288
1693 1465
1806 1423
1797 1243
1818 1331

Point Cloud 884:
8 746
136 711
129 668
44 719
49 719
7 730
17 737
8 803
206 900
292 876
312 830
353 848
509 1953
425 774
687 735
709 779
1573 1493
1633 1427
1761 1367
1726 1338
1724 1372
1780 1433
1727 1465
1767 1294
1711 1360
1665 1447
1748 1352
1646 1405
1780 1266
1858 1289

Point Cloud 885:
44 821
12 735
48 693
75 756
63 858
1 874
63 759
51 800
144 872
294 838
304 919
387 774
404 1982
406 1981
404 767
687 776
712 750
1603 1502
1836 1398
1793 1392
1832 1390
1711 1490
1788 1287
1724 1460
1739 1352
1796 1370
1804 1219
1828 1432
1788 1367
1711 1459
1829 1311

Point Cloud 886:
42 838
50 782
61 757
37 867
47 696
36 855
85 704
64 782
18 791
341 992
313 805
423 759
510 1946
738 751
1648 1502
1710 1454
1755 1235
1668 1440
1769 1219
1817 1437
1705 1373
1770 1313
1832 1413
1726 1360
1793 1332
1650 1428
1848 1301

Point Cloud 887:
21 666
62 868
175 887
57 750
40 847
33 878
77 759
126 734
125 858
332 834
378 978
458 820
494 1987
434 771
736 753
1588 1508
1628 1399
1713 1382
1687 1464
1745 1218
1720 1308
1670 1303
1687 1365
1723 1302
1804 1416
1808 1423
1835 1211
1852 1285

Point Cloud 888:
7 622
10 731
59 803
2 712
133 717
126 857
16 819
6 790
149 871
264 881
310 947
446 2012
403 1965
427 744
537 788
701 769
1625 1515
1719 1275
1627 1434
1675 1428
1819 1435
1618 1407
1736 1268
1742 1470
1701 1481
1708 1431
1845 1416
1859 1321
1850 1172

Point Cloud 889:
39 639
31 648
56 816
89 740
141 745
130 740
47 871
177 903
86 686
64 860
359 969
380 789
455 2000
451 2001
659 771
747 726
1638 1500
1737 1454
1717 1412
1699 1444
1773 1287
1729 1218
1721 1441
1828 1390
1705 1484
1614 1435
1711 1471
1843 1308
1865 1084

Point Cloud 890:
31 616
58 836
115 753
32 809
130 824
54 836
44 722
245 896
368 966
401 765
441 2018
624 770
746 760
1662 1541
1759 1325
1707 1405
1713 1475
1719 1486
1719 1439
1730 1453
1698 1396
1833 1430
1782 1436
1830 1063
1856 1270

Point Cloud 891:
51 701
26 793
76 741
35 822
9 869
72 736
169 850
15 646
41 482
401 773
453 975
444 2013
500 1922
656 783
681 752
1678 1430
1632 1490
1824 1401
1780 1392
1758 1467
1707 1461
1703 1349
1729 1260
1728 1270
1755 1479
1794 1039
1851 1293

Point Cloud 892:
55 518
112 751
121 888
47 878
9 788
58 748
100 852
37 662
133 442
190 889
309 823
445 1980
495 1958
670 774
708 756
1656 1553
1760 1340
1842 1362
1746 1373
1692 1432
1720 1338
1676 1455
1721 1293
1795 1392
1638 1455
1741 1343
1770 1056
1844 1284

Point Cloud 893:
27 827
104 825
110 842
71 850
84 708
178 864
121 794
20 653
44 526
167 540
326 799
427 1983
499 2011
503 971
637 780
691 732
1755 1405
1817 1436
1767 1392
1828 1387
1786 1397
1709 1368
1674 1341
1840 1408
1745 1314
1713 1445
1635 1564
1789 1117
1832 1308

Point Cloud 894:
114 793
106 857
85 736
55 726
19 761
99 746
116 827
52 746
32 591
120 531
171 646
244 829
512 2014
453 1980
544 986
753 755
733 760
1627 1536
1716 1356
1747 1392
1707 1391
1738 1330
1699 1418
1749 1341
1689 1415
1708 1281
1762 1289
1660 1331
1821 1053
1836 1300

Point Cloud 895:
69 884
138 863
104 791
74 729
129 838
4 751
96 777
47 767
21 634
143 569
229 776
257 826
530 2017
458 2015
555 974
747 784
761 762
1601 1547
1665 1447
1680 1486
1668 1343
1841 1399
1782 1285
1715 1414
1784 1330
1714 1406
1747 1357
1780 1392
1843 945
1843 1312

Point Cloud 896:
137 848
116 810
60 838
114 866
111 865
76 698
70 695
57 619
171 640
251 766
256 821
501 2015
508 1939
767 721
680 795
1601 1541
1673 1416
1680 1482
1838 1415
1752 1453
1828 1402
1733 1322
1704 1344
1715 1381
1803 1351
1823 768
1841 1297

Point Cloud 897:
79 630
135 798
17 687
62 879
177 883
115 749
133 809
125 796
19 681
194 697
255 815
276 803
471 1987
491 1950
652 1042
781 745
821 760
1589 1535
1632 1421
1671 1484
1792 1369
1685 1324
1773 1338
1722 1430
1785 1434
1665 1337
1717 1429
1844 1302
1884 598

Point Cloud 898:
42 657
75 739
137 780
136 822
44 650
17 866
43 879
138 866
188 889
236 835
200 718
297 857
502 1930
479 1999
744 766
791 809
810 733
1594 1505
1683 1387
1688 1488
1746 1380
1736 1316
1764 1358
1672 1298
1831 1367
1668 1306
1802 1350
1852 1289
1926 497

Point Cloud 899:
70 632
41 666
91 854
46 741
135 869
36 704
35 632
62 705
53 849
12 714
209 700
267 881
481 1999
509 1923
694 894
749 773
845 747
1592 1547
1655 1398
1703 1499
1755 1308
1743 1308
1730 1422
1783 1422
1748 1331
1751 1407
1788 1447
1745 1384
1863 1285
1879 459

Point Cloud 900:
109 800
103 853
149 762
9 724
48 699
70 715
91 708
134 769
115 637
201 904
207 695
462 2016
557 1983
634 921
663 1019
741 754
791 761
1593 1502
1640 1438
1685 1509
1797 1390
1714 1427
1827 1402
1772 1337
1772 1273
1770 1424
1835 1392
1767 1433
1847 1292
1904 238

Point Cloud 901:
51 862
32 849
45 762
117 872
98 776
77 743
176 868
146 652
203 918
247 752
468 2003
476 2010
618 940
636 1080
718 762
786 769
1637 1472
1668 1394
1695 1486
1683 1367
1712 1383
1656 1337
1785 1349
1752 1405
1780 1414
1794 1430
1780 1294
1819 1427
1852 1338
1871 200

Point Cloud 902:
13 688
109 778
93 910
98 814
38 878
92 846
46 700
3 878
72 922
198 712
242 750
474 2003
509 2007
641 976
662 1017
715 786
762 779
1629 1481
1649 1475
1670 1353
1710 1359
1696 1365
1692 1345
1692 1375
1680 1384
1653 1340
1732 1309
1680 1315
1670 1394
1844 1292
1879 214

Point Cloud 903:
103 841
113 790
94 876
63 786
195 855
121 748
22 854
66 780
0 928
259 826
219 741
513 2013
521 1932
627 946
694 1022
797 765
1652 1468
1670 1477
1709 1286
1720 1370
1806 1363
1658 1341
1848 1419
1810 1440
1780 1401
1684 1354
1777 1373
1657 1342
1822 297
1858 1258

Point Cloud 904:
16 713
83 845
136 855
90 743
94 752
86 777
151 806
194 876
255 849
227 740
458 1987
473 2015
632 960
716 1023
710 752
807 765
1688 1356
1681 1333
1762 1355
1780 1320
1737 1354
1693 1302
1781 1393
1769 1323
1731 1412
1696 1340
1788 1331
1747 1435
1636 515
1853 1273

Point Cloud 905:
150 767
141 809
68 755
143 827
102 754
66 730
58 726
72 755
247 761
235 850
533 1965
521 1953
687 1026
722 971
725 745
1734 1386
1763 1282
1642 1449
1681 1370
1813 1457
1647 1418
1792 1359
1741 1430
1733 1310
1726 1294
1760 1347
1681 888
1679 1513
1846 1329

Point Cloud 906:
47 696
70 694
22 813
48 838
142 880
146 839
133 781
180 876
226 880
237 870
488 2003
517 1972
681 1037
759 753
783 952
1356 50
1644 1465
1645 1389
1816 1438
1752 1421
1705 1295
1734 1367
1669 1317
1688 1360
1775 1308
1764 1308
1773 1336
1692 1489
1832 998
1837 1322

Point Cloud 907:
77 728
49 698
34 799
31 864
88 846
189 795
151 837
128 878
228 799
480 2016
548 2009
672 1045
714 815
764 872
1614 1500
1645 1411
1816 1392
1747 1283
1800 1420
1766 1343
1792 1402
1757 1327
1733 1315
1777 1263
1697 1517
1903 1017
1854 1274

Point Cloud 908:
30 676
25 901
31 922
235 884
15 883
158 761
178 834
149 777
55 859
89 693
260 828
479 2009
542 1944
702 818
743 716
775 808
1793 1488
1695 1356
1636 1409
1684 1286
1843 1443
1830 1447
1822 1473
1745 1339
1662 1399
1713 1529
1852 1029
1836 1325

Point Cloud 909:
5 681
72 855
89 834
73 839
72 728
176 772
133 802
193 858
252 785
476 2015
678 909
748 779
778 853
1649 1421
1792 1422
1769 1400
1793 1458
1684 1306
1766 1305
1726 1401
1662 1252
1764 1503
1829 1388
1852 1265

Point Cloud 910:
25 673
92 690
39 766
105 845
133 766
18 887
253 900
41 876
135 920
117 826
171 825
109 900
418 2011
559 1955
661 1004
745 722
1548 1438
1746 1403
1800 1375
1710 1298
1679 1335
1697 1316
1699 1290
1807 1350
1682 1348
1683 1360
1755 1325
1761 1419
1776 1539
1848 1336

Point Cloud 911:
276 830
185 837
66 799
51 764
3 719
177 741
68 732
116 744
11 853
54 844
169 926
466 1976
551 1937
696 961
756 812
774 839
1454 1744
1730 1400
1661 1417
1823 1434
1782 1395
1816 1438
1721 1381
1673 1402
1797 1564
1700 1375
1859 1411
1824 1416
1702 1310
1853 1286

Point Cloud 912:
7 688
22 684
41 844
17 896
175 908
206 705
178 806
264 876
265 884
293 847
174 748
432 1988
540 1961
645 1034
767 834
763 803
1620 1460
1771 1479
1770 1392
1740 1303
1740 1333
1779 1382
1744 1339
1763 1365
1776 1484
1662 1357
1767 1430
1791 1554
1846 1334

Point Cloud 913:
13 808
23 747
6 845
172 915
144 857
177 820
196 872
223 881
293 745
367 2011
473 2011
496 2012
656 1015
695 1056
749 735
763 835
1781 1511
1762 1306
1826 1436
1651 1393
1748 1285
1781 1279
1632 1420
1687 1331
1819 1441
1637 1424
1694 1352
1651 1347
1842 1331

Point Cloud 914:
12 693
13 798
14 809
179 907
121 813
181 771
279 878
205 891
350 740
439 2015
555 1958
633 1001
774 875
1603 1463
1738 1312
1785 1486
1764 1527
1856 1394
1671 1320
1652 1412
1688 1376
1820 1420
1798 1472
1752 1399
1804 1415
1836 1301

Point Cloud 915:
27 797
47 788
62 835
303 865
310 848
158 912
158 846
185 798
464 1997
458 1996
408 780
681 1012
745 728
766 796
1622 1447
1782 1451
1778 1506
1724 1372
1727 1422
1846 1370
1760 1370
1828 1370
1845 1394
1810 1499
1696 1433
1836 1304

Point Cloud 916:
10 900
27 730
156 1796
178 914
125 825
167 762
249 870
275 869
447 2012
529 830
532 1956
763 757
759 851
1621 1462
1692 1321
1800 1476
1785 1482
1768 1433
1764 1531
1817 1502
1830 1364
1756 1441
1743 1313
1850 1307

Point Cloud 917:
34 741
24 888
36 791
20 1669
180 858
119 883
137 750
242 895
306 815
532 1999
650 858
702 1045
689 1014
763 769
1611 1453
1726 1386
1804 1437
1796 1337
1803 1397
1775 1413
1719 1363
1835 1403
1828 1425
1842 1526
1780 1288
1871 1262

Point Cloud 918:
7 689
62 776
43 758
36 903
182 921
152 845
135 771
210 908
361 822
533 1995
655 1048
664 983
745 883
774 805
1612 1461
1704 1302
1720 1428
1743 1455
1721 1440
1710 1407
1770 1369
1824 1428
1731 1435
1776 1281
1798 1518

Point Cloud 919:
11 676
44 827
8 929
67 794
151 893
116 757
172 875
316 897
395 878
485 2004
537 2010
667 988
761 792
742 1583
821 898
1616 1463
1777 1383
1702 1452
1793 1431
1703 1371
1791 1356
1675 1438
1689 1325
1685 1340
1863 1320
1778 1273

Point Cloud 920:
3 920
36 770
184 902
137 770
132 847
239 871
301 908
377 864
450 1988
530 1979
637 1033
689 991
728 710
788 837
872 931
870 1319
1626 1480
1718 1449
1689 1366
1716 1438
1715 1432
1734 1328
1775 1441
1838 1404
1851 1396
1837 1360
1805 1530

Point Cloud 921:
49 793
53 816
24 853
109 896
135 768
145 856
232 877
285 898
432 1979
514 1985
664 1043
648 978
744 756
785 880
839 895
1013 1159
1623 1483
1721 1388
1714 1356
1702 1451
1725 1400
1746 1309
1814 1547
1795 1382
1790 1372
1829 1330
1793 1327
1799 1442

Point Cloud 922:
18 846
58 870
33 755
131 904
150 756
131 848
211 871
347 913
425 1992
404 1992
702 1002
750 750
762 851
837 886
1212 893
1630 1466
1713 1423
1666 1422
1666 1303
1684 1388
1766 1293
1774 1543
1805 1405
1783 1441
1848 1370
1854 1301

Point Cloud 923:
51 835
12 911
43 767
158 759
134 908
144 842
296 897
271 926
365 1993
455 2003
671 1045
697 1016
751 749
793 781
853 852
1469 697
1579 1481
1750 1446
1731 1438
1690 1312
1690 1394
1778 1271
1755 1521
1795 1471
1836 1398
1841 1330
1831 1311

Point Cloud 924:
24 887
64 785
134 773
129 901
130 837
312 928
277 909
411 1983
671 1043
733 1012
765 769
748 817
847 777
1582 1490
1627 1327
1670 476
1777 1448
1702 1381
1859 1386
1761 1358
1818 1411
1719 1408
1754 1312
1742 1523
1854 1337

Point Cloud 925:
14 871
30 756
110 789
129 917
116 827
224 890
304 937
284 869
398 1978
677 1028
738 745
768 809
1586 1482
1696 1317
1721 1365
1682 1429
1771 1305
1789 1553
1794 1472
1783 1380
1816 1354
1836 1314
1914 274

Point Cloud 926:
35 870
24 851
75 784
184 858
135 780
156 914
235 904
283 942
389 1970
677 1030
691 993
753 779
752 816
865 807
1595 1473
1693 1448
1659 1308
1686 1326
1693 1353
1746 1297
1740 1509
1804 1382
1854 1397
1855 1335
1885 186

Point Cloud 927:
27 683
25 882
12 915
59 786
124 807
116 826
265 862
278 923
190 926
333 1996
727 1007
726 725
779 783
873 809
1614 1455
1699 1304
1738 1468
1725 1382
1716 1467
1756 1273
1836 1397
1780 1349
1783 1462
1819 1451
1772 1538
1844 1317
1902 261

Point Cloud 928:
13 673
41 863
13 924
60 798
165 878
132 779
240 933
233 882
199 885
425 2017
653 1028
743 720
763 810
848 815
1608 1464
1655 494
1637 1342
1697 1464
1695 1418
1727 1389
1784 1467
1800 1447
1798 1437
1802 1300
1746 1515
1860 1281

Point Cloud 929:
10 700
6 848
11 903
23 746
130 824
151 847
263 875
186 913
220 897
409 2017
646 1020
745 718
793 799
828 792
1549 818
1645 1449
1792 1316
1788 1354
1650 1315
1704 1419
1721 1411
1699 1391
1804 1462
1792 1426
1739 1441
1781 1544

Point Cloud 930:
26 676
32 787
74 858
14 897
85 906
189 905
144 941
157 834
168 840
447 1976
675 978
747 750
741 804
1527 1061
1636 1458
1728 1305
1802 1410
1720 1308
1810 1454
1760 1450
1800 1459
1720 1465
1660 1311
1665 1427
1755 1515
1861 1281

Point Cloud 931:
0 712
65 764
69 825
10 889
125 763
146 750
135 936
242 881
136 779
464 1964
703 1024
762 767
796 785
881 810
1493 1386
1719 1367
1783 1383
1744 1304
1782 1387
1685 1324
1757 1337
1665 1345
1789 1390
1773 1416
1664 1302
1737 1510
1868 1264

Point Cloud 932:
10 682
73 761
10 917
7 875
247 879
203 940
246 899
122 796
140 819
474 1984
671 1024
661 976
761 760
740 809
879 814
1492 1594
1627 1471
1840 1416
1818 1406
1730 1386
1706 1444
1740 1343
1730 1325
1740 1321
1802 1452
1683 1327
1803 1416
1793 1542
1856 1277

Point Cloud 933:
17 695
120 789
171 899
76 809
101 787
126 883
8 904
120 905
202 866
29 901
456 1982
689 1030
720 1014
774 766
826 808
1585 1475
1677 1310
1741 1287
1728 1321
1833 1493
1694 1469
1765 1359
1801 1464
1771 1305
1809 1402
1753 1520
1851 1316

Point Cloud 934:
103 886
53 847
32 737
112 793
74 788
72 794
205 934
96 761
152 800
212 947
367 2014
463 1953
709 1045
697 998
781 768
859 817
748 807
1369 47
1582 1483
1743 1372
1746 1362
1785 1373
1790 1362
1729 1443
1675 1325
1743 1373
1701 1406
1801 1419
1728 1389
1751 1528
1858 1275

Point Cloud 935:
117 799
130 896
141 771
3 867
77 824
15 739
105 813
132 887
15 855
4 889
7 889
338 2016
507 2013
696 996
712 1027
785 806
777 755
856 798
1338 23
1615 1469
1777 1365
1710 1425
1695 1407
1725 1392
1670 1326
1749 1397
1722 1351
1705 1450
1817 1444
1738 1529
1749 1353
1844 1315

Point Cloud 936:
100 877
65 801
3 693
56 819
138 895
63 810
16 738
76 874
122 782
46 1581
195 943
257 857
372 2010
490 1967
689 994
662 1042
737 802
760 742
864 797
1346 36
1621 1465
1740 1330
1805 1368
1727 1357
1641 1346
1796 1368
1790 1331
1771 1383
1733 1367
1697 1470
1750 1536
1852 1329

Point Cloud 937:
24 743
77 811
45 812
69 874
149 844
99 875
144 825
155 835
73 1488
168 960
238 877
493 1945
679 1014
848 807
772 748
1608 1460
1787 1387
1738 1291
1793 1375
1740 1324
1734 1402
1669 1315
1810 1409
1800 1421
1740 1542
1769 1514
1740 1835
1864 1322

Point Cloud 938:
140 764
21 849
62 870
106 794
7 891
83 765
129 838
8 736
73 1496
144 966
250 875
501 1932
689 1013
737 737
739 733
826 827
1631 1473
1722 1359
1843 1459
1684 1347
1642 1353
1769 1395
1837 1452
1760 1365
1747 1303
1679 1459
1760 1521
1842 1543
1858 1333

Point Cloud 939:
156 874
59 809
152 878
60 765
99 742
89 801
18 718
187 938
154 1452
220 917
542 1993
653 955
732 808
784 816
757 891
1591 1471
1691 1351
1758 1394
1758 1427
1646 1316
1738 1329
1802 1345
1716 1349
1796 1379
1773 1548
1747 1520
1864 1285
1878 1452

Point Cloud 940:
126 844
60 746
84 824
93 780
60 748
66 816
161 875
149 942
164 1431
256 883
412 1997
637 971
732 951
805 776
786 759
1615 1464
1725 1281
1760 1364
1690 1372
1731 1434
1717 1375
1818 1479
1841 1357
1859 1281
1662 1311
1776 1391
1699 1529
1770 1508
1880 1329

Point Cloud 941:
104 782
54 858
102 785
60 835
135 854
44 848
73 861
105 864
101 946
145 1422
249 869
429 2014
696 1006
622 960
737 791
746 782
1590 1461
1853 1305
1757 1415
1743 1298
1800 1356
1671 1372
1653 1296
1694 1349
1740 1368
1821 1344
1775 1490
1789 1501
1837 1468

Point Cloud 942:
16 904
3 948
31 869
159 861
26 875
77 833
21 885
84 782
120 864
94 930
99 1478
213 904
403 1999
699 1004
708 1019
782 807
792 758
1364 24
1620 1472
1696 1330
1796 1458
1774 1447
1688 1330
1852 1303
1802 1442
1787 1445
1733 1300
1829 1337
1722 1349
1757 1366
1728 1518
1791 980

Point Cloud 943:
78 764
87 737
98 846
114 836
167 778
52 830
44 812
87 688
6 884
29 1513
101 927
226 923
411 2004
489 2008
639 1064
695 927
699 975
768 810
817 799
1362 45
1603 1467
1748 1413
1671 1297
1859 1281
1781 1444
1786 1476
1771 1485
1684 1304
1714 1325
1648 1289
1701 1378
1771 1381
1743 1400
1720 1559
1835 691

Point Cloud 944:
75 676
74 925
43 863
150 858
46 835
82 907
165 777
147 781
146 863
232 868
473 2005
585 1085
679 958
784 769
798 790
1347 54
1580 1472
1798 1442
1675 1350
1762 1406
1672 1303
1792 1375
1821 1425
1806 1472
1657 1319
1710 1410
1863 1292
1850 1269
1742 1533
1881 475

Point Cloud 945:
49 758
165 775
55 850
134 750
88 734
84 838
166 779
150 850
25 878
26 1021
282 893
417 1997
447 1124
643 960
727 904
761 793
794 741
1360 30
1637 1451
1820 1483
1629 1338
1757 1330
1706 1411
1832 1326
1703 1405
1750 1283
1689 1325
1703 1379
1844 1366
1736 1531
1830 1542
1875 160

Point Cloud 946:
47 871
40 792
76 852
99 795
101 737
70 714
123 864
92 736
50 813
8 1006
274 892
330 1133
456 2006
707 965
760 789
717 904
810 783
1365 39
1641 1472
1659 1318
1839 1436
1848 1271
1686 1418
1757 1421
1769 1400
1815 1343
1831 1455
1767 1455
1731 1527
1730 1283
1809 219

Point Cloud 947:
112 965
78 893
138 865
30 854
116 776
161 889
20 878
104 743
83 803
2 1008
156 1192
281 876
416 1975
738 850
771 779
797 784
1590 1481
1690 1301
1837 1329
1811 1414
1850 1261
1823 1531
1673 1393
1773 1412
1853 1331
1730 1535
1714 1283
1921 280

Point Cloud 948:
85 809
45 747
81 738
134 872
42 786
94 813
73 845
130 765
145 863
26 1228
386 834
427 1978
674 990
744 851
715 862
1638 1472
1677 1352
1688 1398
1815 1420
1803 1433
1804 1526
1834 1417
1799 1527
1705 1561
1775 1302
1861 1260
1801 1368
1855 590

Point Cloud 949:
85 799
134 884
60 744
97 807
95 868
151 860
151 838
100 952
419 794
462 1979
681 995
741 756
739 819
1654 1453
1647 796
1625 1321
1657 1360
1720 1545
1759 1294
1769 1448
1793 1478
1761 1467
1830 1505
1805 1361
1802 1327

Point Cloud 950:
114 802
90 864
53 816
135 810
139 887
27 754
27 794
48 942
457 1989
439 781
702 963
702 727
730 821
719 859
1480 723
1609 1480
1647 1304
1695 1380
1725 1531
1737 1295
1763 1473
1868 1493
1820 1394
1801 1483
1769 1483
1879 1269

Point Cloud 951:
148 802
159 822
30 725
44 784
100 787
135 826
98 841
44 827
102 932
532 1993
512 742
693 960
743 750
732 859
723 828
1631 1458
1613 476
1676 1292
1665 1370
1741 1424
1887 1467
1744 1468
1696 1427
1673 1368
1701 1555
1758 1319
1892 1278

Point Cloud 952:
11 888
4 791
169 877
9 762
20 892
154 812
56 763
146 850
55 770
445 1978
449 1983
519 741
668 750
652 1002
723 857
1595 1480
1754 1476
1695 1557
1746 1417
1664 1302
1729 1296
1823 1499
1816 1446
1799 1367
1858 1275
1829 1507
1797 311

Point Cloud 953:
19 747
77 930
77 854
180 810
143 857
76 915
33 873
171 879
529 2004
504 1987
702 742
687 960
736 828
1638 1443
1667 1365
1705 1419
1737 1481
1695 1572
1761 1310
1843 1282
1873 1400
1797 1415
1826 1449
1878 1432
1907 180

Point Cloud 954:
27 787
79 957
146 829
10 815
52 724
34 857
144 790
135 855
25 991
50 1260
525 2003
434 2017
617 743
669 778
699 970
698 800
1647 1452
1687 1288
1671 1368
1705 1561
1720 1297
1738 1468
1824 1423
1858 1447
1830 1481
1813 1411
1798 1502

Point Cloud 955:
37 738
161 868
68 851
77 808
171 813
191 825
138 760
13 968
53 933
157 1248
527 1992
487 1985
640 742
618 787
666 1013
733 847
1617 1463
1664 1298
1745 1484
1695 1370
1748 1543
1722 1288
1772 782
1863 1430
1791 1504
1855 1282
1846 1499
1845 1299

Point Cloud 956:
151 770
166 811
69 919
154 889
105 819
117 799
24 888
30 965
257 1166
516 2000
475 1948
572 833
694 753
698 969
693 797
1606 1455
1658 1314
1702 1385
1713 1428
1726 1546
1733 1296
1877 1427
1833 1486
1841 1489
1808 1449
1844 1465
1888 1171

Point Cloud 957:
183 832
125 816
100 788
73 761
98 953
87 952
75 823
25 967
502 1983
460 1946
616 820
740 769
722 815
694 938
1667 1458
1647 1325
1686 1373
1738 1531
1758 1301
1737 1453
1829 1500
1795 1463
1795 1384
1872 1268
1882 1434
1821 1335

Point Cloud 958:
64 904
145 863
31 759
101 790
120 889
7 746
120 875
47 965
51 1021
453 1985
488 1980
422 2014
539 988
598 897
715 771
682 765
733 888
1655 1461
1683 1310
1725 1433
1734 1455
1710 1558
1747 1304
1806 1441
1902 1385
1892 1400
1873 1275
1830 1473
1846 1366
1788 1374

Point Cloud 959:
152 877
107 820
90 837
57 874
20 864
146 780
21 950
65 909
125 1026
511 1967
536 1971
528 1977
577 947
599 894
727 770
737 813
721 958
1624 1471
1680 1311
1719 1441
1871 1401
1843 1422
1772 1484
1886 1463
1910 1459
1725 1519
1723 1275
1783 1386
1781 1410
1773 1395

Point Cloud 960:
94 950
57 922
148 861
22 760
90 839
168 865
112 1033
183 831
541 1987
518 2000
623 848
599 965
706 761
699 756
733 877
1619 1483
1684 1305
1866 1507
1833 1290
1730 1522
1795 1464
1914 1451
1839 1281
1769 1452
1806 1325
1768 1389
1766 1305

Point Cloud 961:
105 848
23 767
21 746
149 836
119 811
69 765
11 905
72 1025
513 1989
488 1995
538 1996
600 897
659 923
683 761
704 811
724 867
809 785
1615 1479
1675 1314
1825 1289
1810 1345
1798 1398
1802 1356
1694 1567
1752 1474
1733 1488
1711 1279
1842 1613
1884 1538

Point Cloud 962:
23 856
63 766
66 774
31 814
89 824
115 1042
163 874
162 810
437 2016
446 1966
600 893
680 852
714 795
729 871
850 841
1628 1479
1653 1416
1642 1314
1714 1492
1700 1561
1714 1280
1782 1365
1847 1437
1834 1348
1859 1475

Point Cloud 963:
1 759
47 832
101 851
30 866
100 942
119 1089
172 829
151 816
472 2009
554 2005
595 881
636 786
680 748
738 920
884 971
1667 1454
1651 1331
1689 1416
1747 1509
1735 1521
1734 1303
1822 1442
1837 1356
1852 1479

Point Cloud 964:
36 831
52 860
120 768
62 923
114 842
77 761
188 879
148 818
183 510
490 1974
524 2007
583 902
718 721
716 864
903 1062
1621 1467
1657 1340
1635 1384
1709 1573
1734 1473
1722 1507
1752 1309
1825 1456
1826 1296
1827 1327
1834 1496

Point Cloud 965:
4 748
35 763
73 877
49 751
91 774
121 888
100 478
139 837
135 834
504 1966
624 883
723 789
716 835
925 1126
1594 1465
1678 1304
1662 1364
1782 1467
1720 1529
1779 1421
1780 1432
1835 1295
1863 1491
1741 1614
1752 1303
1832 1686

Point Cloud 966:
35 447
106 775
3 781
5 720
10 750
45 854
157 797
171 824
499 1939
612 873
732 742
717 724
1675 1471
1638 1319
1639 1362
1842 1456
1881 1511
1786 1488
1790 1431
1735 1299
1753 1616
1836 1280
1829 1369

Point Cloud 967:
20 804
16 843
47 813
12 762
82 772
44 1229
16 406
133 822
130 830
478 1978
489 1969
590 892
722 784
720 833
1719 1520
1688 1296
1655 1359
1738 1287
1798 1432
1828 1425
1819 1403
1837 1422
1847 1428
1840 1456
1807 1635

Point Cloud 968:
5 839
68 918
7 895
6 896
19 828
63 775
49 1180
49 379
181 859
155 795
428 1998
448 1986
526 871
707 744
703 705
727 884
1664 1360
1688 1437
1660 1309
1666 1595
1712 1513
1744 1289
1833 1489
1836 1291
1830 1321
1856 1445
1876 1479
1857 1443
1826 1658

Point Cloud 969:
4 954
64 780
37 725
36 887
28 614
163 848
184 884
461 1973
548 1982
651 736
712 712
733 831
1676 1487
1663 1326
1682 1396
1725 1279
1871 1505
1829 1412
1848 1406
1786 1390
1858 1483
1844 1552

Point Cloud 970:
11 633
42 856
73 777
44 928
58 803
163 827
153 835
440 145
489 1962
574 1987
721 819
628 733
1675 1483
1643 1319
1667 1409
1759 1485
1725 1278
1878 1497
1796 1373
1874 1273
1795 1376
1855 1489
1820 1556

Point Cloud 971:
14 691
39 738
45 844
23 851
21 891
152 790
140 812
441 1980
590 1998
606 816
645 120
734 830
631 736
1615 1462
1642 1336
1643 1382
1708 1501
1745 1293
1903 1525
1817 1392
1782 1504
1801 1344
1819 1450
1843 1584

Point Cloud 972:
13 956
5 867
20 901
19 811
31 607
165 800
148 832
482 2012
449 2015
534 1973
583 811
642 720
755 845
736 828
765 128
1625 1480
1664 1321
1656 1404
1733 1499
1759 1316
1827 1498
1905 1506
1777 1354
1876 1489
1801 1397
1825 1592
1824 1305

Point Cloud 973:
26 608
4 925
69 843
54 877
74 784
55 778
126 824
501 1977
517 1937
588 821
677 791
700 754
746 860
888 152
1679 1489
1674 1306
1676 1386
1717 1510
1795 1384
1769 1368
1769 1314
1765 1317
1830 1530
1842 1293
1891 1529

Point Cloud 974:
6 618
35 888
5 973
65 621
43 745
133 766
153 863
525 1971
551 1982
664 858
666 802
731 852
740 845
1116 156
1639 1473
1630 1343
1654 1375
1737 1487
1822 1358
1837 1452
1778 1391
1732 1294
1756 1362
1829 1560
1872 1269

Point Cloud 975:
46 579
5 879
43 821
70 766
45 877
65 615
133 841
134 817
493 1942
472 2011
645 787
737 784
731 879
1300 148
1676 1467
1640 1331
1655 1391
1875 1483
1781 1473
1772 1423
1783 1346
1779 1490
1854 1474
1858 1282
1829 1564

Point Cloud 976:
45 844
60 909
35 793
18 821
66 839
9 564
122 606
133 830
111 787
437 1979
459 1970
744 814
726 794
793 858
995 1271
1375 181
1706 1482
1690 1507
1654 1304
1675 1391
1804 1443
1812 1411
1746 1313
1752 1291
1742 1287
1846 1568
1826 1311

Point Cloud 977:
42 770
64 764
63 806
31 589
100 590
175 781
133 832
128 823
446 1945
431 1967
642 808
750 739
778 863
1015 1079
1571 199
1613 1459
1638 1340
1784 1447
1650 1367
1708 1461
1800 1345
1765 1293
1709 1278
1713 1287
1858 1292
1830 1571

Point Cloud 978:
43 820
36 783
29 870
64 697
96 605
149 838
137 780
116 876
400 1965
454 2015
732 772
743 719
784 865
1025 849
1620 1472
1645 1309
1656 1371
1723 178
1697 1522
1766 1455
1777 1348
1821 1456
1793 1424
1858 1435
1836 1298
1828 1548

Point Cloud 979:
130 797
21 909
32 803
117 867
68 705
68 733
109 614
404 1983
483 1984
675 785
727 725
797 820
978 676
1687 1480
1642 1341
1659 1378
1728 1485
1845 1443
1732 1305
1814 1480
1801 1430
1771 1347
1902 180
1849 1294
1823 1568

Point Cloud 980:
10 864
2 921
61 759
66 743
171 898
138 875
173 850
121 573
327 2009
542 2014
478 2017
705 765
755 817
768 762
846 781
881 543
1606 1466
1679 1309
1687 1425
1661 1403
1845 1494
1745 1429
1815 1447
1800 1395
1754 1355
1721 1489
1844 1550
1833 1314
1910 269

Point Cloud 981:
69 876
32 918
74 766
2 850
136 567
145 770
195 862
433 2006
695 797
733 522
737 739
745 837
838 738
1664 1467
1633 1327
1805 1471
1780 1434
1725 1375
1720 1409
1759 1437
1755 1439
1809 1355
1717 1490
1832 1556
1854 1284
1892 462

Point Cloud 982:
32 921
32 782
42 824
69 834
146 833
233 846
211 811
157 540
445 2016
606 632
660 760
675 792
743 733
842 767
1647 1476
1629 1321
1824 1393
1765 1350
1768 1455
1839 1404
1820 1455
1846 1445
1714 1493
1844 1584
1876 1267
1910 589

Point Cloud 983:
36 861
72 851
49 897
2 871
135 802
141 779
134 530
180 757
458 684
438 2007
700 808
731 706
846 777
1676 1475
1666 1299
1797 1476
1680 1416
1792 1469
1742 1477
1725 1301
1839 1395
1830 1348
1883 1280
1819 1536
1841 804

Point Cloud 984:
10 925
30 879
113 821
23 915
6 953
64 869
127 519
287 720
489 1997
539 2015
691 793
721 710
821 677
1664 1482
1647 1325
1711 1400
1705 1396
1700 1387
1759 1370
1700 1502
1782 1451
1850 1287
1836 1570
1851 1410
1889 1018

Point Cloud 985:
49 892
53 849
67 764
34 807
131 576
146 845
159 847
185 775
292 714
494 1966
722 817
774 668
844 719
1619 1464
1642 1332
1761 1414
1715 1407
1708 1428
1808 1349
1726 1477
1824 1168
1858 1383
1823 1541
1836 1295

Point Cloud 986:
80 833
41 899
37 824
10 968
110 570
152 820
125 827
249 736
510 1979
715 787
729 722
796 719
1659 1496
1639 1389
1638 1325
1751 1448
1768 1335
1764 1300
1741 1295
1852 1394
1841 1588
1861 1310

Point Cloud 987:
81 812
54 829
65 921
16 942
167 567
111 767
150 804
169 744
172 809
546 1930
669 802
720 766
732 669
1643 1480
1631 1324
1751 1329
1790 1327
1754 1418
1805 1417
1746 1448
1767 1303
1683 1411
1760 1312
1804 1383
1845 1556
1842 1285

Point Cloud 988:
32 908
78 869
57 866
93 992
154 575
193 806
132 767
193 823
237 783
528 1954
524 1943
651 728
745 733
754 679
1696 1426
1756 1299
1852 1401
1850 1387
1830 1395
1785 1461
1700 1429
1668 1391
1743 1444
1649 1340
1840 1573
1855 1322

Point Cloud 989:
117 838
31 954
93 806
28 890
126 778
57 871
104 995
146 599
208 754
454 1975
518 2014
661 726
680 712
703 798
745 679
1694 1506
1706 1532
1704 1498
1665 1307
1651 1363
1759 1328
1781 1354
1833 1548
1841 1439
1831 1415
1844 1315

Point Cloud 990:
54 894
49 976
23 870
22 861
90 989
148 612
105 795
152 848
200 834
448 1970
533 1911
620 736
689 730
721 775
721 652
1621 1502
1634 1343
1657 1401
1745 1412
1751 1353
1800 1358
1707 1501
1825 1472
1748 1353
1824 1415
1817 1578
1855 1576
1869 1316

Point Cloud 991:
136 794
139 795
47 809
149 780
107 772
186 789
38 972
108 589
187 1014
508 1972
653 698
691 801
752 675
1647 1503
1686 1304
1688 1410
1745 1473
1748 1478
1744 1437
1716 1297
1842 1481
1811 1469
1819 1638
1836 1544
1850 1296

Point Cloud 992:
80 786
59 809
59 772
108 805
131 1043
122 612
213 1009
276 795
542 1915
609 728
612 893
712 657
722 758
1623 1496
1680 1293
1656 1401
1881 1452
1787 1374
1758 1350
1741 1394
1747 1451
1753 1370
1824 1542
1868 1319

Point Cloud 993:
7 1302
67 827
68 891
114 1045
139 734
120 815
124 682
192 1003
278 769
545 1964
625 870
713 741
730 657
1593 1493
1642 1335
1674 1392
1723 1468
1779 1352
1769 1437
1759 1415
1819 1313
1818 1548
1878 1455
1856 1811
1873 1309

Point Cloud 994:
17 1719
66 873
58 920
104 1501
97 668
136 849
128 759
247 1083
200 742
271 990
537 1968
699 737
688 628
1657 1507
1672 1319
1702 1411
1725 1468
1744 1392
1721 1445
1743 1354
1816 1370
1815 1547
1871 1462
1864 1295

Point Cloud 995:
53 816
58 931
102 671
121 770
135 806
199 730
251 982
523 1955
716 725
701 632
1645 1508
1657 1334
1687 1405
1813 1343
1703 1282
1757 1358
1757 1365
1737 1407
1818 1560
1847 1474
1847 1331

Point Cloud 996:
44 815
51 891
97 647
131 687
122 781
168 822
302 969
441 2002
557 1911
637 934
662 619
738 723
1662 1506
1653 1411
1634 1336
1714 1354
1717 1439
1763 1371
1637 1329
1736 1488
1712 1424
1837 1532
1869 1430
1874 1273

Point Cloud 997:
29 728
41 864
42 879
111 635
132 827
222 861
316 934
338 974
513 1986
536 1965
643 601
582 916
752 795
744 779
1612 1493
1718 1494
1788 1439
1786 1389
1732 1365
1779 1360
1725 1503
1682 1399
1817 1550
1877 1456
1827 1312

Point Cloud 998:
117 782
58 888
130 769
121 841
70 683
237 902
314 930
465 1978
563 1910
567 601
659 855
724 714
754 788
1587 1503
1725 1509
1797 1379
1720 1484
1777 1349
1735 1442
1729 1402
1641 1384
1628 1327
1803 1528
1854 1454
1871 1279

Point Cloud 999:
26 851
39 864
71 802
57 694
119 858
251 879
309 1008
341 899
478 1903
467 2000
540 645
560 1921
628 892
731 739
748 727
1262 1641
1635 1488
1718 1362
1645 1331
1773 1411
1712 1524
1698 1377
1714 1417
1782 1404
1878 1450
1832 1413
1813 1527
1842 1318

Point Cloud 1000:
61 664
41 776
46 877
51 853
110 807
277 904
372 886
507 1964
524 658
549 1936
706 687
705 812
1129 1555
1588 1498
1673 1298
1653 1378
1757 1377
1686 1421
1659 1390
1660 1371
1693 1401
1808 1383
1826 1577
1877 1274

Point Cloud 1001:
40 682
60 827
46 919
72 827
13 835
258 902
375 882
544 1994
486 1993
506 684
689 751
743 714
999 1495
1626 1493
1678 1412
1709 1388
1774 1354
1729 1360
1705 1373
1814 1433
1692 1435
1737 1470
1829 1558
1836 1318

Point Cloud 1002:
43 704
31 884
49 848
131 826
279 914
413 778
686 910
799 645
796 641
1610 1498
1686 1311
1715 1375
1741 1359
1691 1357
1727 1324
1848 1411
1693 1362
1724 1517
1832 1548
1821 1315

Point Cloud 1003:
40 719
42 886
111 864
103 815
234 869
682 817
719 689
779 647
1664 1506
1672 1320
1870 1403
1712 1407
1816 1368
1715 1381
1695 1525
1740 1306
1825 1563
1849 1291
1863 1463

Point Cloud 1004:
38 671
100 770
37 864
107 801
202 871
217 825
430 751
472 1990
642 708
732 699
829 648
1630 1492
1677 1323
1740 1305
1745 1317
1693 1355
1730 1308
1663 1413
1712 1498
1806 1555
1835 1348
1838 1320
1863 1442

Point Cloud 1005:
60 856
52 874
44 892
69 633
176 830
213 806
386 841
510 1954
496 605
563 1946
775 775
810 645
1616 1509
1673 1333
1857 1392
1848 1362
1661 1399
1728 1289
1774 1365
1703 1521
1805 1532
1858 1496
1855 1277

Point Cloud 1006:
130 814
65 883
188 626
207 876
364 492
405 786
455 760
516 1992
757 697
841 707
1629 1493
1671 1300
1804 1362
1768 1367
1808 1359
1768 1359
1723 1512
1808 1572
1846 1375
1845 1433
1861 1305

Point Cloud 1007:
107 865
43 916
52 945
196 814
174 849
244 677
431 768
519 1972
459 431
460 713
499 1771
488 1956
793 684
818 788
1606 1507
1691 1314
1655 1379
1710 1279
1823 1359
1714 1349
1720 1410
1704 1522
1804 1524
1856 1407
1875 1301

Point Cloud 1008:
12 1375
58 900
73 847
127 795
227 802
176 789
310 1714
428 729
430 780
510 1929
449 2003
447 702
527 493
808 673
816 824
1348 13
1654 1490
1641 1336
1659 1441
1660 1391
1685 1407
1697 1377
1772 1383
1730 1349
1646 1429
1731 1519
1818 1599
1827 1259
1840 1461

Point Cloud 1009:
13 1041
13 1307
116 857
97 843
56 1599
96 785
227 802
210 774
462 766
469 726
518 1982
520 1990
590 634
846 661
858 663
788 934
1391 21
1607 1498
1687 1412
1811 1351
1691 1361
1665 1315
1800 1317
1695 1374
1694 1274
1773 1311
1754 1481
1859 1255
1819 1522
1862 1479

Point Cloud 1010:
8 1019
51 1285
103 855
54 878
132 817
243 775
288 722
395 771
506 1949
530 1984
492 818
492 768
668 824
751 919
781 695
825 627
1356 59
1659 1489
1715 1325
1672 1307
1659 1363
1689 1322
1763 1361
1686 1302
1661 1365
1721 1492
1830 1235
1831 1559
1856 1459

Point Cloud 1011:
5 1018
12 1245
55 926
50 897
59 909
274 774
439 748
481 1976
464 1939
534 776
508 824
661 954
721 914
778 726
1645 1509
1757 1320
1750 1389
1762 1345
1731 1300
1687 1315
1690 1308
1672 1432
1752 1482
1819 1237
1824 1589
1853 1460

Point Cloud 1012:
55 1194
30 905
34 855
269 770
393 769
471 2010
628 885
756 904
735 1126
754 721
1588 1493
1709 1386
1674 1311
1743 1307
1709 1525
1723 1492
1663 1428
1767 1246
1815 1377
1822 1562
1845 1427

Point Cloud 1013:
14 1032
53 925
133 853
76 845
86 1174
263 785
371 770
485 784
530 1968
598 804
661 897
758 902
843 679
768 1227
1646 1495
1668 1374
1806 1232
1666 1382
1740 1256
1657 1430
1727 1307
1700 1373
1789 1227
1812 1359
1823 1562
1847 1443

Point Cloud 1014:
44 870
80 851
120 813
99 1118
374 829
523 797
612 843
636 870
841 663
862 1313
1638 1503
1685 1415
1642 1447
1804 1377
1794 1376
1704 1273
1690 1374
1716 1472
1769 1255
1806 1563
1835 1425

Point Cloud 1015:
58 898
36 909
99 827
92 1080
299 783
539 788
648 875
691 935
777 714
852 647
1653 1432
1662 1461
1639 1477
1757 1356
1629 1326
1637 1331
1703 1503
1754 1253
1782 1401
1813 1547
1833 1449

Point Cloud 1016:
16 1183
104 854
97 846
96 814
94 1030
308 769
522 792
644 954
636 873
828 639
844 835
837 707
1636 1473
1622 1459
1663 1320
1690 1350
1727 1328
1718 1477
1685 1484
1772 1238
1795 1388
1825 1555
1843 1445

Point Cloud 1017:
17 1052
39 1203
91 862
86 828
107 841
65 1746
534 773
553 859
640 843
716 665
748 822
816 669
815 722
1733 1486
1621 1408
1646 1498
1668 1332
1711 1369
1639 1338
1740 1268
1798 1358
1830 1594
1844 1451

Point Cloud 1018:
56 1049
65 886
59 1242
109 852
77 826
313 745
559 542
554 839
646 855
803 777
848 685
1638 1460
1647 1460
1668 1327
1651 1355
1643 1357
1698 1322
1736 1460
1682 1468
1812 1375
1826 1573
1842 1445

Point Cloud 1019:
0 1023
28 1715
59 798
50 877
73 849
65 1258
331 704
370 588
549 815
596 804
641 855
781 619
800 789
849 701
1621 1400
1615 1508
1680 1285
1707 1510
1781 1412
1734 1461
1743 1428
1736 1422
1722 1284
1821 1525
1836 1454

Point Cloud 1020:
13 997
63 1801
46 1300
128 853
140 850
35 901
309 630
333 677
559 722
650 827
731 838
769 630
781 772
813 740
1620 1501
1626 1419
1718 1287
1737 1371
1658 1309
1747 1270
1644 1305
1728 1482
1776 1374
1823 1537
1858 1444

Point Cloud 1021:
41 1322
41 1708
93 859
59 913
129 825
137 1593
193 752
352 705
517 2005
638 825
655 637
734 632
831 681
784 823
835 696
1645 1507
1627 1460
1801 1337
1671 1332
1687 1305
1728 1291
1730 1399
1729 1290
1742 1479
1828 1595
1855 1447

Point Cloud 1022:
62 892
109 834
40 865
9 1392
38 1716
97 1445
144 786
356 675
633 619
644 827
760 638
814 720
813 739
1618 1506
1630 1420
1772 1361
1740 1305
1697 1342
1795 1388
1710 1302
1725 1371
1707 1518
1831 1556
1856 1474

Point Cloud 1023:
124 876
107 824
36 944
32 885
17 1370
50 1700
104 1429
119 789
338 718
552 1993
677 862
792 737
800 783
801 803
678 576
750 635
1365 61
1595 1510
1634 1426
1772 1335
1706 1326
1714 1357
1812 1368
1695 1281
1729 1287
1718 1497
1826 1541
1848 1421

Point Cloud 1024:
34 756
2 891
35 831
71 832
34 887
19 1701
70 1380
365 692
718 868
672 806
711 638
748 590
766 825
821 718
1377 11
1639 1513
1619 1420
1844 1448
1721 1321
1698 1353
1823 1376
1665 1303
1685 1314
1855 1428
1714 1518
1811 1548

Point Cloud 1025:
97 819
67 876
52 1405
119 874
370 666
696 644
830 698
692 817
739 773
782 792
776 604
1659 1498
1630 1449
1857 1416
1720 1306
1697 1363
1720 1291
1699 1278
1718 1383
1738 1485
1826 1570

Point Cloud 1026:
106 841
65 1347
47 936
104 867
368 680
531 1954
633 645
758 766
810 657
823 702
797 768
731 870
1646 1505
1638 1422
1649 1348
1673 1332
1808 1379
1683 1365
1669 1336
1683 1288
1819 1371
1705 1527
1811 1536

Point Cloud 1027:
53 836
8 807
28 889
85 901
351 677
538 2005
665 647
794 776
718 759
728 778
758 813
816 886
1580 1501
1645 1433
1789 1339
1732 1272
1867 1491
1741 1347
1813 1413
1656 1287
1676 1274
1758 1477
1834 1587

Point Cloud 1028:
49 781
125 870
102 883
39 939
367 666
543 1970
625 668
771 857
806 816
801 662
781 656
1650 1491
1619 1381
1647 1349
1813 1438
1721 1287
1784 1388
1786 1368
1739 1351
1738 1499
1830 1532
1877 1475

Point Cloud 1029:
55 793
2 1390
45 944
119 877
72 847
389 616
442 2012
590 670
758 837
802 767
764 850
691 785
820 849
1629 1487
1611 1389
1778 1371
1704 1349
1747 1336
1692 1382
1802 1378
1676 1375
1688 1357
1746 1471
1811 1536

Point Cloud 1030:
17 1384
28 789
59 884
111 840
132 817
363 647
495 2015
636 661
798 823
716 760
805 763
759 816
1643 1491
1628 1391
1671 1350
1807 1483
1874 1473
1821 1456
1730 1316
1725 1275
1645 1340
1741 1491
1822 1543

Point Cloud 1031:
30 1402
26 1886
44 759
36 875
148 847
41 836
333 646
455 1965
595 650
722 788
762 805
767 859
761 799
811 923
1628 1490
1608 1401
1718 1338
1684 1295
1727 1277
1740 1349
1721 1372
1760 1481
1820 1551
1827 1546
1834 1592

Point Cloud 1032:
41 745
17 1016
43 1390
54 1918
45 825
146 875
57 927
336 634
483 1965
734 758
753 850
782 788
838 721
787 891
1665 1499
1615 1418
1757 1334
1731 1363
1733 1385
1649 1319
1668 1316
1834 1478
1785 1485
1862 1452
1821 1494

Point Cloud 1033:
22 703
49 1421
42 875
34 827
90 842
271 652
505 688
753 846
821 731
756 819
748 824
805 874
1636 1507
1636 1411
1639 1305
1745 1320
1632 1337
1693 1287
1641 1332
1777 1505
1802 1575
1844 1484
1825 1550

Point Cloud 1034:
11 702
12 1401
121 831
115 868
35 935
252 669
550 674
744 737
728 878
828 803
774 738
794 824
1649 1509
1648 1458
1793 1385
1753 1324
1644 1329
1682 1304
1745 1364
1811 1495
1834 1424
1799 1472
1853 1454

Point Cloud 1035:
5 1420
46 938
85 823
141 840
112 700
284 621
484 757
713 854
745 710
763 826
814 726
827 754
1621 1494
1626 1418
1640 1346
1779 1331
1679 1259
1641 1345
1656 1332
1741 1477
1870 1470
1888 1461
1827 1600

Point Cloud 1036:
56 885
54 867
130 891
180 687
258 662
480 733
722 832
733 710
789 748
819 740
799 817
1637 1509
1605 1397
1712 1301
1680 1269
1882 1461
1725 1473
1863 1451
1734 1425
1743 1447
1730 1407
1827 1589

Point Cloud 1037:
33 881
58 880
134 850
201 672
276 647
500 733
711 728
744 807
779 818
716 806
807 835
1616 1496
1689 1288
1682 1284
1821 1450
1852 1437
1730 1487
1768 1388
1790 1397
1731 1407
1831 1591

Point Cloud 1038:
52 919
20 871
121 848
238 689
467 757
686 711
856 698
816 768
799 850
799 765
1604 1491
1636 1334
1630 1408
1695 1298
1787 1493
1793 1404
1758 1380
1745 1453
1831 1558
1905 1427

Point Cloud 1039:
42 861
62 856
150 854
285 640
495 757
639 696
792 785
754 816
716 778
822 720
1605 1502
1630 1395
1674 1284
1745 1480
1886 1425
1833 1416
1734 1421
1901 1432
1831 1594

Point Cloud 1040:
59 929
117 884
281 709
639 696
801 746
777 780
788 742
749 860
1590 1503
1644 1339
1639 1460
1691 1280
1730 1490
1866 1410
1878 1408
1761 1466
1756 1364
1830 1431
1833 1532

Point Cloud 1041:
43 867
49 888
134 879
295 628
430 776
495 696
738 754
782 781
826 783
828 788
1591 1496
1691 1284
1712 1318
1629 1397
1751 1379
1744 1362
1791 1397
1752 1365
1749 1421
1738 1386
1826 1571

Point Cloud 1042:
48 889
62 883
58 1562
117 894
248 692
396 1989
491 759
496 695
708 751
802 793
794 818
816 832
1649 1491
1693 1289
1652 1335
1721 1294
1770 1396
1740 1488
1797 1467
1849 1421
1811 1405
1742 1502
1825 1567

Point Cloud 1043:
33 858
34 894
83 1593
126 866
246 677
271 627
412 2012
463 696
495 750
873 769
814 790
815 824
1591 1497
1629 1342
1656 1300
1620 1397
1778 1404
1808 1348
1731 1387
1706 1473
1722 1511
1828 1557
1876 1443

Point Cloud 1044:
19 1525
16 933
42 896
134 1643
160 825
229 607
228 682
435 718
468 760
837 807
817 778
828 707
1575 1504
1635 1348
1695 1280
1622 1431
1693 1465
1765 1494
1753 1406
1754 1359
1786 1367
1824 1529
1830 1438

Point Cloud 1045:
39 886
60 941
42 1566
134 860
144 1673
222 614
230 692
417 733
431 783
795 830
845 699
848 811
1658 1497
1703 1294
1714 1318
1612 1437
1741 1390
1750 1415
1733 1511
1832 1586
1840 1437

Point Cloud 1046:
63 942
1 1594
58 1673
121 882
266 626
297 696
389 756
489 752
758 797
816 856
800 748
831 804
845 775
1638 1507
1674 1281
1660 1328
1633 1443
1737 1398
1741 1424
1720 1453
1764 1518
1835 1550
1842 1428

Point Cloud 1047:
49 877
7 1600
70 1671
122 859
236 621
265 690
382 777
417 773
742 758
883 796
864 834
904 822
823 726
1595 1499
1674 1293
1618 1352
1630 1431
1742 1360
1775 1349
1742 1414
1728 1522
1808 1563
1868 1426

Point Cloud 1048:
45 882
6 1648
12 1582
84 1111
137 877
235 601
224 670
312 798
421 1988
458 763
851 872
829 704
819 710
869 785
1653 1502
1694 1278
1671 1273
1613 1418
1774 1434
1742 1376
1798 1381
1760 1390
1808 1559
1878 1424

Point Cloud 1049:
64 939
48 890
21 1637
156 855
230 607
277 701
314 781
384 940
452 771
486 2000
843 801
843 764
900 789
809 715
1638 1490
1606 1356
1624 1380
1686 1296
1761 1499
1761 1410
1740 1433
1836 1423
1798 1445
1831 1599

Point Cloud 1050:
60 855
27 873
29 1571
174 855
207 634
255 693
287 803
469 745
471 2006
480 830
900 759
831 787
828 717
873 863
1596 1494
1601 1357
1606 1435
1750 1384
1773 1396
1801 1371
1686 1276
1783 1488
1821 1586
1858 1439

Point Cloud 1051:
68 940
65 930
27 1570
180 847
260 608
265 681
258 829
506 1984
470 758
492 798
862 812
825 779
817 712
896 850
1657 1496
1690 1296
1640 1335
1612 1416
1762 1499
1737 1336
1743 1340
1794 1440
1816 1391
1746 1393
1823 1543

Point Cloud 1052:
25 861
45 863
32 1595
199 853
241 628
244 680
235 832
472 745
528 663
872 722
867 811
854 783
892 857
1607 1492
1714 1277
1677 1294
1612 1451
1758 1414
1886 1439
1791 1412
1766 1490
1735 1523
1835 1569

Point Cloud 1053:
50 894
47 857
26 1586
175 849
203 836
210 642
289 713
482 1988
423 778
673 359
854 787
891 779
890 788
893 889
1624 1500
1718 1290
1651 1317
1626 1400
1755 1408
1854 1442
1783 1391
1803 1359
1848 1423
1810 1388
1833 1587

Point Cloud 1054:
6 1650
56 867
37 894
187 841
203 631
242 813
241 696
439 767
501 1992
760 178
812 715
907 866
867 820
799 708
1630 1499
1682 1288
1635 1338
1615 1396
1799 1354
1800 1455
1843 1441
1751 1349
1731 1469
1734 1468
1821 1580

Point Cloud 1055:
21 1629
34 871
118 851
202 632
258 820
312 701
449 757
504 2003
694 192
906 855
888 846
886 877
821 735
1646 1506
1630 1357
1645 1316
1615 1425
1812 1343
1821 1395
1738 1439
1806 1455
1815 1446
1861 1431
1822 1598

Point Cloud 1056:
16 1561
170 841
164 854
222 640
234 818
250 690
425 785
448 1981
631 400
852 743
883 765
865 731
883 776
1608 1510
1660 1287
1663 1340
1633 1417
1818 1415
1753 1455
1810 1397
1724 1454
1866 1446
1816 1282
1825 1556

Point Cloud 1057:
50 1567
136 853
154 836
181 578
253 828
300 687
449 777
438 1986
812 690
883 772
891 781
877 736
892 837
1653 1500
1689 1287
1708 1299
1630 1454
1854 1421
1805 1349
1718 1429
1726 1410
1888 1416
1805 1276
1818 1582

Point Cloud 1058:
45 1561
59 890
52 888
148 863
197 585
254 678
460 764
452 1982
521 764
815 729
867 822
900 724
887 846
1648 1497
1656 1350
1641 1355
1636 1420
1850 1437
1780 1434
1834 1442
1788 1410
1743 1474
1783 1283
1829 1556

Point Cloud 1059:
14 1605
77 1580
151 844
175 835
47 918
185 629
323 704
341 831
421 771
425 1992
800 682
917 737
915 835
873 768
1657 1504
1616 1344
1638 1330
1628 1414
1793 1488
1815 1418
1772 1494
1736 1467
1782 1281
1814 1600
1846 1447

Point Cloud 1060:
97 1579
170 860
160 839
98 847
191 730
175 642
268 662
438 776
438 1989
807 680
864 750
849 750
936 844
1586 1492
1684 1301
1651 1331
1612 1414
1806 1466
1799 1419
1796 1488
1728 1508
1740 1287
1835 1571
1846 1444

Point Cloud 1061:
116 869
211 817
63 880
110 1570
201 626
286 676
430 762
501 1980
822 703
860 750
869 798
965 798
1624 1500
1670 1293
1658 1332
1608 1410
1788 1394
1813 1525
1727 1503
1866 1438
1787 1505
1748 1473
1763 1265

Point Cloud 1062:
2 1638
165 843
179 850
124 849
105 1593
227 615
325 687
447 755
512 2008
818 691
946 800
844 751
1070 714
1645 1497
1649 1340
1669 1290
1618 1380
1825 1569
1825 1534
1822 1555
1789 1346
1748 1373
1775 1509
1717 1428
1737 1483

Point Cloud 1063:
53 1016
47 940
95 1594
205 853
126 848
197 652
269 680
471 751
459 2004
484 1972
816 676
842 750
853 802
1097 678
1604 1494
1708 1296
1671 1277
1622 1468
1824 1398
1748 1489
1786 1496
1720 1396
1780 1477
1832 1443
1771 1498
1739 1339

Point Cloud 1064:
32 1595
57 910
67 1606
71 1281
122 863
127 852
215 627
296 675
450 749
489 1998
820 715
884 826
933 749
919 803
1101 656
1636 1502
1694 1295
1686 1306
1619 1462
1894 1426
1785 1357
1718 1394
1809 1486
1745 1342
1732 1335
1796 1357

Point Cloud 1065:
27 1659
56 876
100 1534
107 1606
154 847
219 650
256 847
319 715
435 761
486 1982
805 682
875 858
940 834
1042 678
1149 593
1655 1500
1654 1309
1680 1289
1632 1451
1755 1417
1747 1386
1750 1489
1783 1405
1773 1375
1814 1572
1885 1430

Point Cloud 1066:
16 1634
59 868
78 1611
96 1498
130 853
212 870
146 665
262 858
289 680
465 748
473 1990
884 926
948 816
1097 638
1231 507
1610 1490
1707 1292
1653 1307
1629 1426
1709 1410
1705 1434
1807 1512
1815 1406
1779 1409
1821 1591
1895 1442

Point Cloud 1067:
46 1618
39 1623
44 895
217 838
151 838
175 653
336 675
336 874
462 758
511 1943
802 674
903 901
922 826
1181 565
1264 470
1666 1504
1682 1296
1630 1357
1633 1428
1682 1443
1736 1429
1812 1389
1775 1498
1820 1398
1834 1572
1882 1432

Point Cloud 1068:
23 1540
32 1618
27 1659
53 887
136 827
162 859
176 658
358 740
461 866
442 769
462 1999
824 692
902 924
937 882
1243 500
1272 435
1646 1493
1609 1364
1655 1322
1615 1403
1763 1490
1792 1518
1773 1504
1742 1479
1761 1502
1795 1481
1825 1552

Point Cloud 1069:
34 1601
67 898
79 1591
146 828
208 845
171 657
365 731
478 748
435 1966
461 1980
518 861
814 669
905 966
913 885
1266 446
1295 377
1659 1493
1645 1322
1694 1304
1625 1413
1724 1418
1667 1436
1796 1507
1807 1361
1784 1413
1760 1504
1817 1581

Point Cloud 1070:
3 1584
38 1831
38 896
161 820
164 846
180 685
344 679
456 1951
450 763
518 1993
570 825
813 670
848 991
903 891
1271 349
1308 284
1647 1496
1655 1329
1663 1314
1620 1423
1813 1473
1847 1431
1820 1390
1811 1439
1807 1412
1812 1374
1775 1453
1738 1458

Point Cloud 1071:
14 1567
59 937
160 863
176 855
203 655
355 723
407 1948
417 799
668 818
855 999
846 961
1293 225
1308 248
1606 1496
1662 1318
1661 1310
1639 1463
1810 1513
1707 1414
1787 1400
1802 1356
1705 1389
1774 1408
1719 1434
1818 1565

Point Cloud 1072:
41 1638
44 871
156 868
196 888
169 641
351 703
408 1969
440 759
749 774
802 1000
809 958
1276 301
1283 222
1646 1511
1708 1305
1698 1289
1617 1419
1807 1396
1800 1378
1763 1500
1730 1388
1901 1439
1788 1421
1822 1592

Point Cloud 1073:
28 1622
16 1958
52 925
165 855
191 842
181 641
371 765
458 770
739 773
794 999
796 937
1271 152
1253 273
1596 1488
1664 1323
1683 1293
1631 1444
1818 1414
1759 1380
1798 1516
1863 1441
1733 1357
1775 1441
1828 1559

Point Cloud 1074:
14 1643
43 879
184 851
183 676
377 718
405 799
777 754
805 994
781 876
831 715
1256 204
1258 254
1594 1491
1709 1302
1703 1313
1612 1430
1892 1442
1796 1406
1879 1425
1876 1421
1888 1422
1798 1422

Point Cloud 1075:
9 1546
57 942
190 841
177 654
371 778
418 782
795 710
769 968
1227 216
1329 181
1593 1494
1654 1283
1660 1349
1613 1383
1763 1410
1719 1399
1806 1398
1840 1440
1728 1386
1792 1377
1818 1553

Point Cloud 1076:
3 1609
37 890
234 801
159 644
352 715
435 785
653 1402
744 889
823 696
1258 235
1355 185
1598 1489
1702 1306
1683 1299
1618 1454
1784 1489
1849 1439
1831 1476
1785 1512
1860 1514
1880 1514
1827 1591

Point Cloud 1077:
22 1588
52 897
176 851
195 666
354 736
442 779
736 858
790 687
824 680
902 1246
1292 306
1455 204
1666 1502
1694 1282
1656 1346
1635 1415
1809 1461
1869 1449
1816 1524
1891 1441
1798 1373
1902 1441
1795 1517

Point Cloud 1078:
58 904
148 857
358 735
727 853
781 736
808 692
1621 1497
1657 1303
1652 1322
1629 1406
1695 1386
1758 1516
1797 1586
1845 1468
1833 1454
1872 1543

Point Cloud 1079:
55 903
171 831
166 675
363 693
448 770
743 893
805 696
1168 315
1428 866
1501 182
1663 1493
1656 1284
1646 1318
1639 1458
1784 1389
1808 1358
1842 1487
1831 1497
1758 1518
1760 1585
1889 1610

Point Cloud 1080:
44 901
133 872
152 655
438 769
693 841
789 702
1425 223
1645 1508
1640 1349
1613 1387
1680 1285
1729 1381
1734 1497
1806 1452
1814 1377

Point Cloud 1081:
5 1658
52 910
73 863
165 661
431 771
335 757
430 836
688 847
819 659
812 622
1502 359
1594 1498
1665 1302
1678 1296
1618 1391
1817 1460
1793 1367
1770 1385
1796 1368
1781 1503
1759 1598
1811 1897
1806 187
1877 402

Point Cloud 1082:
0 1595
58 879
154 847
158 642
340 743
443 787
660 836
795 700
783 659
1579 344
1665 1499
1690 1313
1653 1305
1631 1466
1742 1385
1771 1375
1894 1415
1813 1358
1733 1498
1756 1613
1934 164
1915 445

Point Cloud 1083:
9 1590
43 909
152 846
170 646
423 787
404 827
750 836
755 678
1646 1507
1666 1329
1634 1355
1619 1451
1784 1365
1905 1434
1797 1361
1880 1437
1737 397
1783 1493
1779 1549
1904 192
1880 476

Point Cloud 1084:
8 1627
35 879
207 843
161 657
326 803
382 771
412 818
700 839
760 634
1612 1490
1648 1301
1646 1282
1639 1416
1781 1369
1875 1435
1808 1480
1802 1501
1778 1486
1805 444
1871 519

Point Cloud 1085:
50 914
163 854
145 669
330 754
380 783
448 836
660 635
750 800
761 730
1585 1489
1671 1284
1612 1359
1637 1462
1640 592
1798 1366
1813 1473
1882 1449
1825 1404
1783 1515
1845 533
1844 455

Point Cloud 1086:
52 883
0 1638
127 608
163 841
422 779
349 792
687 634
739 717
771 790
1420 628
1645 1513
1628 1348
1651 1339
1612 1408
1815 1370
1789 1343
1786 1365
1826 1471
1731 1558
1809 1463
1780 527
1858 530

Point Cloud 1087:
14 1598
26 905
149 607
138 864
337 778
385 777
429 2010
606 648
757 702
796 708
1326 376
1341 38
1665 1506
1602 1360
1602 1344
1613 1442
1823 1390
1871 1426
1881 1428
1768 1483
1727 1519
1739 1487
1719 442
1784 1890
1870 567

Point Cloud 1088:
16 1605
30 872
38 889
128 636
191 838
406 788
300 800
486 2009
673 650
751 744
753 641
1437 193
1592 1504
1667 1276
1710 1312
1623 1416
1731 1928
1701 355
1745 1387
1777 1383
1835 1429
1749 1505
1758 1575
1784 1484
1900 516

Point Cloud 1089:
18 1618
50 865
124 652
150 870
334 801
406 841
394 778
540 1985
620 657
771 649
752 729
1513 199
1637 1503
1637 1332
1641 1328
1611 1402
1732 262
1730 1379
1745 1393
1814 1348
1811 1391
1776 1516
1770 442

Point Cloud 1090:
30 931
123 632
189 838
341 787
394 845
378 783
496 2008
594 657
675 612
757 722
1585 214
1588 1496
1646 1323
1675 1297
1620 1453
1695 229
1684 288
1743 1367
1774 1405
1799 1352
1707 1377
1735 1378
1761 1391

Point Cloud 1091:
12 920
15 934
152 643
192 871
335 779
376 848
545 691
652 607
755 728
1639 1494
1629 1341
1622 1353
1637 1423
1702 217
1679 248
1746 1546
1748 1582
1823 1366
1742 1381
1720 1387
1734 1503

Point Cloud 1092:
18 890
0 1680
170 650
188 870
435 762
350 809
324 842
434 1736
540 1994
482 721
607 662
758 710
1434 476
1610 1508
1636 1360
1690 1283
1637 1457
1680 227
1696 273
1777 1511
1746 1570
1884 1422
1790 1350
1753 1439
1813 1409

Point Cloud 1093:
10 1015
21 1661
56 867
160 640
199 849
271 1577
425 761
434 766
353 840
546 1996
496 729
609 671
757 752
1289 619
1647 1494
1607 164
1636 1315
1708 1305
1604 1411
1684 288
1876 1433
1792 1451
1745 1543
1786 1441
1763 1362

Point Cloud 1094:
2 1051
7 1626
47 941
167 653
174 801
200 1536
303 770
376 782
352 884
501 2017
461 735
526 725
574 2014
753 722
1152 739
1494 251
1597 209
1656 1499
1611 1347
1659 1342
1607 1404
1733 1517
1731 1527
1734 1385
1776 1420
1857 1437

Point Cloud 1095:
8 937
44 1648
52 889
139 674
131 1574
178 810
296 755
375 817
382 780
460 741
572 709
603 2003
721 754
1345 323
1530 240
1619 1498
1686 1313
1598 1359
1637 1415
1685 1545
1800 1458
1803 1372
1797 1360
1880 1425

Point Cloud 1096:
14 1066
10 1656
37 1647
63 879
142 1564
167 664
184 813
327 779
430 786
386 889
445 718
534 730
726 739
1225 477
1624 1493
1637 1346
1649 1281
1626 1456
1735 1539
1790 1476
1798 1380
1783 1418
1744 1521

Point Cloud 1097:
12 1043
19 1618
78 1566
22 1686
56 874
148 669
197 840
342 810
388 709
371 871
389 753
472 780
658 2017
731 750
938 611
1010 617
1397 324
1610 1490
1664 1346
1657 1279
1638 1447
1708 1550
1828 1400
1733 1393
1793 1363
1774 1446
1791 1508

Point Cloud 1098:
18 1003
3 1647
43 1653
62 937
131 664
178 823
350 767
398 704
383 895
405 777
445 810
623 2012
681 755
781 530
823 591
1443 323
1604 1503
1631 1332
1647 1313
1605 1404
1718 1505
1848 1415
1734 1400
1860 1427
1811 1350

Point Cloud 1099:
6 1017
37 1537
6 1603
66 890
139 656
173 835
340 784
394 771
322 703
368 871
406 825
571 775
605 1990
651 522
776 553
1444 293
1649 1494
1650 1303
1648 1289
1636 1436
1703 1531
1823 1408
1792 1392
1809 1371
1779 1480

Point Cloud 1100:
17 1044
11 1606
59 939
37 1635
142 1584
161 686
173 830
364 768
339 825
307 705
377 865
490 2014
529 796
575 470
587 1987
670 507
1424 207
1616 1510
1679 1300
1689 1301
1620 1408
1827 1361
1787 1453
1730 1397
1707 1521
1771 1517

Point Cloud 1101:
26 1019
2 1644
58 862
91 1578
155 650
180 874
228 1727
282 717
323 824
428 800
296 825
376 893
502 2006
530 792
495 372
584 444
648 2008
1374 214
1664 1502
1661 1325
1659 1285
1631 1407
1791 1499
1765 1511
1806 1337
1737 1411
1806 1413
1852 1435

Point Cloud 1102:
25 1005
65 881
37 1645
178 694
189 844
287 722
328 799
411 812
406 759
403 2006
460 232
524 798
544 436
655 1971
1313 287
1664 1493
1649 1340
1672 1339
1622 1416
1702 1478
1803 1513
1901 1420
1763 1448
1786 1380
1735 1393

Point Cloud 1103:
11 1068
59 1624
40 916
160 673
175 801
236 749
305 743
386 824
376 756
389 1951
446 2013
442 512
479 855
451 790
477 141
684 1966
1316 380
1643 1494
1676 1285
1648 1317
1625 1439
1785 1501
1780 1485
1767 1433
1764 1379
1807 1340
1751 1359

Point Cloud 1104:
13 1003
32 1616
66 920
101 1588
126 647
186 871
239 760
382 832
311 768
321 614
355 1987
413 756
430 2000
458 131
478 798
592 2011
674 1988
1275 394
1642 1511
1664 1337
1616 1338
1626 1417
1720 1520
1719 1511
1828 1402
1776 1369
1862 1439
1773 1406

Point Cloud 1105:
10 1001
3 1617
53 893
70 1581
156 662
188 871
191 721
309 739
275 149
313 820
304 636
390 747
391 2015
502 790
454 833
569 1981
1186 443
1594 1501
1682 1311
1627 1361
1641 1441
1800 1503
1715 1493
1780 1392
1792 1434
1730 1390
1823 1413

Point Cloud 1106:
4 1060
99 1612
67 945
237 741
174 724
181 116
167 803
301 806
268 697
318 704
382 749
450 2012
420 817
472 800
594 1961
1123 499
1668 1505
1656 1347
1648 1320
1629 1434
1706 1478
1712 1477
1755 1388
1774 1396
1816 1370

Point Cloud 1107:
5 1051
50 1610
55 945
130 665
191 832
189 724
279 747
305 706
258 749
411 797
423 806
472 1958
413 1989
1032 557
1640 1489
1641 1324
1618 1348
1628 1443
1739 1401
1769 1492
1766 1488
1776 1390
1822 1384

Point Cloud 1108:
8 290
1 993
11 1590
33 880
142 665
198 710
176 798
218 787
298 784
306 713
449 784
350 792
474 1966
503 1995
1636 1503
1633 1347
1609 1346
1625 1417
1693 1513
1744 1493
1726 1351
1864 1419
1826 1368
1823 1375

Point Cloud 1109:
16 484
4 1058
24 1589
51 929
196 674
234 675
172 836
211 782
280 751
434 784
382 764
381 787
479 1989
532 1988
845 658
1646 1512
1637 1336
1673 1339
1620 1415
1710 1528
1740 1492
1846 1431
1764 1394
1887 1417

Point Cloud 1110:
10 991
6 1571
38 1637
48 638
52 937
160 663
170 641
174 648
175 796
216 786
445 786
399 841
373 736
520 1950
438 1995
800 676
1622 1505
1639 1327
1605 1343
1704 1300
1634 1413
1717 1507
1750 1504
1880 1420
1801 1410

Point Cloud 1111:
20 1037
32 1645
43 904
133 658
166 692
236 687
169 854
400 804
431 789
381 793
508 2008
506 1965
750 716
1656 1504
1599 1354
1712 1391
1679 1349
1630 1446
1741 1507
1803 1506
1773 1426
1880 1436
1890 1431

Point Cloud 1112:
22 988
20 1664
52 891
262 675
280 669
175 809
230 712
265 809
382 751
432 799
487 1983
461 1942
663 754
1637 1508
1671 1327
1670 1282
1698 1284
1628 1401
1809 1512
1780 1404
1720 1498
1883 1425
1829 1380

Point Cloud 1113:
7 1061
23 1671
55 897
198 691
193 699
222 754
181 827
259 786
384 790
496 1992
488 2010
605 774
1620 1507
1608 1368
1695 1316
1618 1390
1684 1363
1771 1500
1699 1480
1710 1487
1820 1416

Point Cloud 1114:
9 1045
20 1694
56 928
163 597
146 676
191 799
242 708
200 690
383 736
373 789
462 1985
495 1969
1607 1489
1691 1287
1693 1306
1678 1384
1630 1458
1803 1510
1710 1508
1879 1442

Point Cloud 1115:
10 995
56 864
172 616
170 702
167 805
231 709
231 661
257 738
342 801
372 727
435 1946
468 1919
1616 1499
1672 1320
1622 1456
1698 1280
1685 1281
1612 1382
1752 1422
1874 1432

Point Cloud 1116:
14 1047
58 902
62 636
125 670
186 837
263 642
234 806
337 701
337 788
381 726
432 1886
1663 1502
1684 1361
1641 1464
1626 1448
1621 1461
1701 1381
1749 1500
1818 1388

Point Cloud 1117:
4 967
64 653
42 893
143 683
169 805
235 823
230 612
368 737
301 712
324 778
486 1946
567 1875
1592 1794
1662 1422
1673 1438
1687 1454
1654 1405
1664 1440
1699 1377
1735 1488
1886 1439

Point Cloud 1118:
39 669
17 1019
36 930
139 662
171 851
263 621
284 706
343 796
367 792
526 1965
579 1982
1623 1332
1676 1396
1693 1479
1660 1281
1615 1389
1664 1506
1690 1545
1834 1427

Point Cloud 1119:
11 754
6 1011
42 902
157 668
173 805
349 744
404 832
309 705
326 602
545 1972
547 1978
1653 1508
1603 1357
1655 1389
1643 1516
1594 1494
1676 1391
1654 1596
1673 1572
1830 1412

Point Cloud 1120:
2 905
37 878
47 884
150 656
184 820
295 614
348 705
423 736
436 738
606 1994
517 1990
509 835
745 812
1612 1497
1684 1332
1634 1432
1626 1443
1636 1341
1613 1338
1639 1375
1692 1610
1708 1517
1754 1487
1883 1413
1810 1340

Point Cloud 1121:
32 983
33 980
55 924
155 673
183 799
253 598
327 703
327 760
375 738
447 734
579 2017
508 1974
648 823
736 813
1610 1505
1652 1393
1705 1354
1636 1468
1707 1392
1645 1327
1656 1325
1751 1511
1759 1538
1787 1479
1870 1439
1809 1363

Point Cloud 1122:
2 1136
56 902
154 658
187 862
288 701
315 635
356 786
356 734
392 721
560 1995
564 2000
771 818
747 737
1641 1500
1628 1329
1615 1444
1697 1280
1648 1319
1717 1376
1797 1545
1797 1542
1798 1375

Point Cloud 1123:
22 901
25 912
8 1210
141 639
191 799
324 693
316 676
380 726
322 802
412 738
538 1966
614 1824
781 821
1610 1500
1601 1387
1597 1358
1666 1368
1653 1354
1763 1558
1694 1502
1765 1418
1819 1406

Point Cloud 1124:
73 906
50 922
57 1427
138 664
188 871
307 785
288 670
339 704
325 743
552 1968
764 767
1597 1415
1659 1510
1684 1280
1659 1361
1666 1276
1820 1407
1755 1399
1751 1558
1845 1433

Point Cloud 1125:
22 957
48 946
45 892
62 1526
152 660
188 813
260 787
250 684
288 713
329 735
484 709
571 1988
581 1970
718 710
772 769
1618 1416
1616 1498
1654 1325
1664 1285
1658 1360
1751 1512
1752 1526
1791 1385
1779 1372
1898 1429

Point Cloud 1126:
36 942
50 942
2 1019
25 1594
132 645
188 873
207 831
234 683
335 690
527 1969
689 781
1589 1412
1600 1503
1683 1339
1687 1413
1665 1393
1628 1321
1799 1389
1834 1397
1762 1392
1799 1494

Point Cloud 1127:
44 926
46 886
32 1051
10 1601
150 672
203 697
205 852
180 855
328 711
463 717
615 2013
576 2008
521 1908
655 883
1636 1376
1634 1331
1667 1359
1591 1396
1673 1353
1709 1342
1667 1488
1723 1536
1807 1390
1795 1350
1800 1428
1773 1394

Point Cloud 1128:
8 921
26 928
7 1033
11 1591
167 661
186 839
225 868
264 700
514 1975
541 1889
583 2018
746 830
1617 1359
1692 1333
1568 1413
1686 1379
1694 1313
1608 1494
1755 1532
1760 1422
1750 1405
1881 1424
1761 1494

Point Cloud 1129:
45 889
4 1052
166 705
158 710
174 843
208 881
297 673
319 729
408 738
514 1999
551 1879
688 865
1525 1375
1603 1428
1644 1514
1649 1333
1626 1335
1695 1363
1817 1516
1723 1525
1862 1420
1896 1416
1865 1429

Point Cloud 1130:
4 1063
43 880
102 706
156 650
137 877
201 886
370 700
323 715
455 712
522 830
562 1980
576 1998
518 2013
561 853
1411 1352
1563 1426
1597 1502
1685 1356
1601 1363
1654 1336
1797 1339
1760 1430
1751 1510
1741 1517
1807 1488

Point Cloud 1131:
21 730
82 882
59 932
167 895
153 679
180 815
357 764
323 676
370 734
495 845
573 1928
604 1980
1260 1362
1582 1435
1586 1506
1638 1306
1609 1332
1742 1330
1778 1484
1741 1429
1808 1340
1756 1400

Point Cloud 1132:
13 731
68 915
121 902
119 861
155 675
183 827
356 759
324 655
381 755
447 785
433 855
571 2014
673 1998
573 1912
1206 1325
1592 1447
1628 1509
1645 1314
1641 1307
1696 1368
1771 1376
1746 1498
1810 1479
1846 1421

Point Cloud 1133:
12 1583
66 733
124 882
100 893
113 851
139 671
178 866
321 691
346 704
403 848
400 767
586 1980
613 1986
1047 1349
1596 1457
1624 1516
1674 1276
1640 1300
1710 1362
1891 1444
1782 1497
1839 1437
1811 1379

Point Cloud 1134:
66 735
56 878
76 890
113 852
123 640
179 803
314 811
317 729
360 694
452 698
573 2016
636 1980
1639 1469
1625 1498
1612 1356
1630 1303
1718 1349
1783 1384
1759 1407
1781 1469
1812 1341

Point Cloud 1135:
6 815
106 849
46 904
75 918
173 819
149 906
142 673
298 767
364 697
422 783
542 2008
682 2017
1608 1443
1620 1499
1709 1288
1671 1301
1708 1338
1778 1424
1770 1463
1894 1437
1851 1417

Point Cloud 1136:
20 738
48 937
159 768
82 873
230 792
191 819
149 650
285 761
333 682
419 790
489 1391
533 2016
1603 1463
1650 1498
1710 1281
1712 1339
1614 1337
1761 1407
1811 1488
1856 1435
1890 1416

Point Cloud 1137:
7 735
52 909
196 854
141 903
189 797
164 743
145 690
281 759
350 676
396 1397
410 769
512 1989
1623 1441
1677 1499
1736 1410
1658 1306
1703 1379
1718 1408
1789 1349
1817 1453
1768 1495

Point Cloud 1138:
33 728
52 917
142 724
137 871
136 821
134 866
162 687
276 1433
327 755
376 665
403 740
545 2004
591 1989
1571 1443
1647 1463
1682 1399
1710 1376
1617 1361
1697 1339
1616 1363
1800 1503
1817 1462
1775 1476
1860 1430

Point Cloud 1139:
9 737
73 746
41 892
103 1514
184 798
145 815
137 863
172 679
310 725
388 748
439 664
530 2017
1601 1449
1625 1495
1688 1393
1670 1409
1678 1282
1726 1402
1888 1425
1805 1504
1835 1500

Point Cloud 1140:
10 624
81 738
54 911
56 1564
162 851
162 831
174 927
151 659
297 721
432 799
431 632
505 1990
1620 1437
1664 1499
1666 1325
1591 1362
1689 1420
1668 1372
1796 1473
1856 1440
1863 1456

Point Cloud 1141:
4 646
25 825
104 1517
58 948
198 807
138 820
145 1721
163 909
154 690
262 749
429 699
521 588
546 1988
1687 1432
1563 1439
1688 1404
1659 1508
1662 1302
1620 1329
1777 1464
1856 1444
1891 1450

Point Cloud 1142:
62 1641
61 911
73 644
159 691
197 823
154 805
166 911
286 701
428 781
499 619
533 2000
1655 1500
1665 1407
1682 1397
1646 1339
1613 1361
1715 1325
1869 1423
1807 1451
1855 1437

Point Cloud 1143:
155 896
50 932
13 870
42 1658
82 1473
115 613
178 797
181 815
168 682
248 776
469 707
461 620
509 1986
1691 1399
1606 1474
1600 1451
1670 1314
1656 1282
1666 1338
1787 1487
1802 1358
1894 1434

Point Cloud 1144:
79 1651
109 974
150 900
42 888
113 792
206 842
125 639
172 570
190 1544
245 782
415 756
508 636
544 1998
1292 1740
1597 1458
1689 1425
1687 1411
1620 1347
1655 1315
1740 1333
1755 1494
1786 1463
1880 1425
1870 1434

Point Cloud 1145:
42 607
62 1640
42 904
155 898
47 1031
135 832
171 844
174 849
144 663
167 566
317 1639
415 738
569 2001
534 671
1630 1510
1628 1439
1632 1298
1607 1349
1677 1412
1796 1489
1719 1341
1889 1420
1810 1481
1821 1451

Point Cloud 1146:
5 645
21 964
45 1628
49 930
135 900
156 856
142 673
185 832
224 544
407 1659
470 712
501 2006
525 748
1494 1573
1608 1430
1611 1480
1697 1277
1615 1341
1683 1425
1773 1306
1804 1353
1751 1289
1880 1434
1899 1417

Point Cloud 1147:
10 975
41 1656
70 1681
39 915
66 916
141 849
137 660
200 789
206 530
423 738
489 782
530 1983
562 1708
1559 1549
1611 1452
1586 1358
1593 1394
1617 1327
1626 1381
1647 1300
1754 1305
1759 1383
1765 1298
1780 1476
1876 1417

Point Cloud 1148:
148 856
110 913
5 920
114 837
12 1817
153 657
151 1907
173 816
178 505
469 818
449 703
469 780
560 1990
1623 1500
1563 1535
1618 1312
1578 1460
1625 1410
1655 1415
1600 1465
1776 1319
1723 1323
1827 1430
1782 1461
1848 1387

Point Cloud 1149:
23 824
22 1972
46 892
110 881
145 847
156 679
203 846
204 845
257 428
435 718
507 768
547 1977
628 2013
1578 1440
1623 1416
1633 1504
1560 1430
1652 1397
1642 1398
1706 1313
1755 1305
1782 1376
1801 1499
1852 1425

Point Cloud 1150:
101 789
122 831
123 853
61 891
150 2014
141 674
203 855
176 814
287 391
395 779
437 724
454 772
546 1996
646 1959
1667 1432
1638 1413
1653 1389
1673 1434
1643 1347
1607 1506
1767 1368
1781 1395
1736 1300
1829 1497
1849 1421

Point Cloud 1151:
9 513
176 834
208 793
60 796
83 818
86 817
128 871
121 640
276 414
442 692
412 781
618 1980
1817 1356
1767 1369
1682 1419
1639 1386
1628 1360
1597 1343
1634 1460
1661 1523
1651 1302
1794 1479
1889 1445

Point Cloud 1152:
813 213
788 691
1843 1950
186 1948
373 1740
774 1179
1004 1557
1739 419
347 1136
437 1330
419 1481
803 1484
111 1234
1689 975
1184 244
1827 64
1577 1069
483 966
492 428
1208 969
454 1173
1169 1579
877 445
1922 1417
778 1572
1467 1913
1434 1280
1189 373
247 100
1165 175
406 855
1369 1480
358 473
402 1204
1350 941
1682 234
520 1918
1355 1867
943 405
283 91
1635 1070
812 204
573 1069
77 2003
1518 1380
954 935
1749 926
1895 112
864 607
26 1753
140 159
1405 1158
1447 381
1030 1879
1726 745
1037 551
1193 1779
1432 1039
1728 376
1719 265
1903 656
355 1970
913 31
1863 1172
1922 1994
1173 115
217 1771
1640 277
74 61
1885 814
1874 954
822 1961
145 783
1383 550
1856 1443
145 754
713 666
808 340
1201 147
731 1415
738 1229
1683 461
1796 1378
997 1137
310 856
446 1893
1890 1650
1606 1613
1184 602
875 32
1486 1307
1819 227
800 78
788 1111
408 1852
1036 586
1351 200
364 532
521 1382
1154 924
1051 1379
384 493
318 914
742 29
764 719
1768 102
1119 1271
1640 1858
1277 157
458 220
1854 1853
110 1246
1452 748
947 1622
495 501
985 1291
9 207
1118 499
1011 936
1571 1189
1444 697
1234 968
1289 1439
780 1302
1223 1752
1130 1087
645 705
1221 1453
971 1205
1095 1932
1894 1355
135 1149
1528 876
611 745
1749 1582
1304 1632
256 1368
1801 348
1814 1996
1532 833
1278 744
1209 1478
1260 1383
239 825
370 1915
1116 1637
343 1430
960 738
380 604
436 21
683 1307
489 742
1856 1349
552 933
21 35
1346 1874
675 1247
1064 575
1533 71
115 1683
1513 306
1931 1686
821 101
573 1550
484 975
1476 1979
318 1481
1649 1686
176 1023
976 1452
1908 1428
286 1204
1182 1154
1126 1012
1850 378
96 1842
135 413
336 1116
1770 1196
1124 626
128 832
1149 1774
562 504
806 2002
1206 958
1044 1105
198 1116
427 1843
248 414
1649 894
1795 756
808 1754
63 1349
1753 1881
1523 63
198 844
1629 1886
282 859
1684 452
1674 1057
1157 1613
828 598
1127 1327
803 295
235 33
1495 1985
699 1918
1777 1822
821 1776
1073 1239
572 714
1737 629
1365 437
757 1146
192 335
1873 1382
1300 1403
6 795
855 1512
434 1730
1488 188
646 1
806 697
738 607
1252 1722
1434 770
1316 228
227 855
630 1182
44 1724
1505 175
841 1583
1570 769
1642 749
1612 675
1473 1748
871 63
1015 1442
309 718
698 1751
62 2014
1403 354
3 1759
1636 1264
915 1870
207 374
978 2009
1524 117
696 1091
618 1422
775 940
642 752
1335 1862
717 662
1596 1304
924 1552
1537 186
1382 1030
1728 1921
313 630
1523 325
38 1768
1728 358
937 227
1653 357
260 1504
1333 1305
957 1770
1583 56
14 1760
1885 1527
1191 604
294 1438
739 1650
503 463
438 1045
220 120
1691 1907
547 1926
1499 1962
1687 95
1867 1188
911 953
1857 1156
1631 295
335 1121
317 1548
1380 981
1843 911
635 1392
1268 1014
1287 1079
1224 883
391 1042
1100 595
596 911
1623 282
546 1260
367 750
1901 290
1763 45
711 1773
299 710
513 1163
75 364
1031 231
747 1949
1400 1753
1561 1646
1709 1563
1839 1164
829 1147
1077 1725
1858 1586
43 1630
1679 840
148 189
1283 671
1893 689
1192 1940
206 487
665 31
1028 1381
1801 281
1340 856
302 708
266 540
57 1029
639 418
897 537
1132 1922
578 1715
1582 1820
146 1721
871 145
803 550
1207 563
482 1667
220 705
1657 2014
213 1122
538 1611
1196 205
6 1586
1819 330
1365 11
238 1275
138 77
233 487
357 1206
737 699
278 665
442 1734
457 419
626 1218
517 1337
1028 1525
863 1454
1657 899
1320 1570
727 1765
852 947
1635 649
833 1779
217 1314
1109 1703
347 884
1308 1215
463 856
902 479
920 1109
1024 1905
1381 707
1142 1668
1630 1403
1482 361
1161 335
353 77
604 1569
741 1079
1611 235
1078 388
1744 1552
1613 1430
1674 1785
366 1822
1815 898
1789 313
401 880
807 967
1718 1171
595 1142
1889 1616
558 241
578 543
1803 531
400 1164
1088 1650
1035 918
1310 1423
444 328
504 768
1060 1986
920 1363
1110 1380
1638 746
1820 1310
1908 1706
1011 1533
1176 242
1510 1527
523 710
1870 1045
1240 1037
1669 1597
1593 516
1081 1499
110 780
1362 540
588 1709
997 1017
266 1178
1362 354
1376 1615
59 941
636 274
1184 385
1855 1280
1376 306
1312 895
1014 304
423 1404
1063 1643
1723 1729
839 75
1624 273
421 1513
1297 1816
898 1643
684 1270
1772 968
635 128
778 225
133 1812
63 944
1297 1246
1717 1062
292 1667
1090 1799
1228 322
1424 1170
1709 1151
748 1467
1438 856
1385 1099
1433 661
1411 75
1057 780
195 890
231 1353
216 1512
383 566
1232 1227
256 1403
1327 784
667 994
142 1064
1016 1760
1448 1288
233 1674
1156 112
596 889
965 1107
981 111
515 1191
489 1399
1884 1064
1244 325
1739 1202
867 1003
1708 776
563 919
1559 193
1067 34
1109 1497
80 1127
1346 351
1427 1145
1064 1324
950 1737
1570 195
1427 1278
1321 1296
408 1916
1027 1785
587 1090
1206 1890
298 745
777 1177
519 752
526 613
891 840
889 851
1142 137
147 754
400 1222
782 1736
635 678
587 1479
1244 625
1105 856
790 1738
1652 1781
362 1788
1483 646
1863 1765
959 1144
192 46
208 100
729 576
1602 957
1364 1305
1070 1467
1401 1801
944 1015
467 799
134 600
1889 14
590 1208
1689 1568
1730 166
351 581
193 1771
1642 1632
817 878
1389 1460
1528 1592
306 128
383 1609
1487 1097
644 1844
418 770
885 1895
199 1551
1376 68
985 1329
1138 1244
1643 1534
497 190
162 1195
1858 455
1361 596
984 505
1042 292
820 1231
649 1008
907 1433
1133 886
736 1789
1153 1489
512 743
830 148
248 1114
118 282
1587 1830
1154 335
287 691
233 223
519 1024
520 1486
1399 947
1245 387
1920 37
636 829
502 212
1174 583
692 1738
1577 1194
1554 1006
1018 1775
1719 865
1893 661
1284 1602
883 679
1744 1798
814 1005
1056 1797
1834 1062
497 1520
1657 1065
999 1055
53 970
81 1491
1475 1580
1329 1655
1633 90
1331 1426
1640 926
1686 1611
460 1985
933 758
362 1804
530 443
1468 1505
1585 780
667 484
687 3
1915 1
633 1502
1388 1546
1500 1620
421 1413
972 1943
1712 179
1740 165
998 1643
1460 1429
1649 1910
329 1489
1768 1764
1398 1849
1926 541
872 1317
582 716
465 865
263 980
627 1320
1831 1103
362 1974
1131 1693
314 1774
682 104
590 1203
581 876
43 178
793 1360
920 1756
510 1092
549 1905
305 502
1560 1399
1128 268
1265 1702
1164 709
367 918
414 1671
303 1236
1309 1369
1564 1674
1262 1192
907 915
623 682
714 623
1344 1562
958 42
1650 597
1324 1845
520 310
118 367
388 291
1404 635
597 1427
1745 892
221 717
1663 994
8 660
1669 558
945 1364
540 634
424 1382
1755 817
579 1383
154 1411
856 506
588 1314
1028 1593
1827 361
1658 231
1650 372
1602 1526
1436 891
1269 348
1920 1739
406 1516
822 1354
1578 1613
282 1944
975 1129
901 901
587 1653
1917 99
1179 1986
403 1041
1420 1007
1677 424
1796 342
966 1097
1165 330
1661 121
824 881
553 541
1909 1810
449 91
1159 976
1651 144
102 532
1875 1236
678 660
886 1902
1395 1854
1843 1919
471 1748
1194 1301
661 1310
1930 1211
991 326
955 1848
643 1269
477 1593
966 92
817 1234
1367 306
143 360
1908 1925
1477 1037
1913 1795
303 1940
422 259
1787 433
710 25
1615 760
1162 1608
1098 1151
1656 208
711 1119
1768 1825
1345 425
1032 635
552 1619
161 1009
839 340
1782 1972
1327 145
1900 576
546 1064
1153 1041
1688 547
1060 278
158 844
73 1560
601 1929
1354 27
1431 1129
1768 1773
1722 1648
1353 323
1622 1281
752 1660
329 1529
1788 23
1308 815
1882 217
1304 1069
1237 94
1053 1439
1499 97
1776 813
1408 1518
832 921
23 1770
859 5
399 1393
1766 1895
1695 904
409 779
203 1757
85 1321
1537 1598
577 221
624 419
1477 1665
1355 376
1245 426
475 129
1616 978
1481 236
770 1751
1724 500
1753 1125
316 75
835 890
1520 1462
375 589
1765 761
1584 1064
1575 936
1698 1721
1639 117
1822 195
1672 832
300 500
226 1033
1431 1020
1386 61
776 1529
1563 752
1803 1274
686 1168
485 151
660 982
943 1623
147 694
783 1709
896 1055
439 150
171 1159
1128 1770
733 979
1478 167
348 883
146 1386
1271 731
1299 1609
1572 224
537 364
506 409
429 666
295 581
1654 1779
117 347
1374 1311
1597 1652
1693 795
1799 741
881 229
1489 221
1195 330
1681 1798
1785 1930
1377 1622
904 364
1421 1434
1129 1588
566 639
1111 1906
424 1343
69 1604
1355 1011
789 436
168 1112
1003 1093
157 1109
786 171
297 174
938 587
647 1634
603 948
1563 1295
1889 354
481 161
1427 234
994 1863
1018 1277
1931 430
151 163
226 1186
816 1622
1140 785
761 1947
1146 1917
700 1689
1306 695
896 1354
886 518
1929 37
1787 1863
1177 1762
129 312
227 1467
1919 453
1461 981
118 1556
1590 891
665 1767
1593 2003
586 213
901 224
1167 503
1564 161
1257 1522
883 1095
1061 1335
929 797
1036 1584
310 111
1933 1082
1384 524
1062 707
1926 1554
770 1827
1106 1390
1524 1621
1147 295
1115 1893
745 907
1103 1937
379 685
1822 1239
179 1800
1671 624
1934 1238
1579 1291
776 1163
1234 1832
965 69
284 1317
432 269
1731 1354
61 582
1423 865
533 548
1132 1871
183 1983
66 658
365 50
157 1626
1341 800
26 641
1500 1183
288 1954
788 1891
1735 687
363 1509
400 779
1322 1528
880 1107
282 716
1400 1536
1167 259
1404 874
981 1465
44 1565
1374 1760
1362 434
762 700
1295 331
923 193
326 1887
937 59
1683 288
1660 867
1839 1840
27 1951
1241 2013
1032 670
15 244
1189 1811
1164 526
710 340
1739 733
1554 451
1814 1899
634 1313
798 1347
1222 1581
1446 1125
89 1353
1637 890
857 880
216 895
810 1929
268 1342
1926 471
614 1584
888 1541
159 455
1741 1963
643 787
1178 1189
704 350
1011 1636
1570 1845
1920 1997
1921 1741
435 1054
1678 1975
320 382
368 1851
1018 20
94 1589
1906 1162
293 546
606 22
624 485
1187 1623
37 528
1312 1317
825 1585
402 1381
1562 1494
437 835
1379 1107
325 1826
1352 707
617 649
5 1465
1137 1056
35 669
270 1541
622 625
1574 1430
338 696
455 1378
995 501
1368 1271
960 158
621 1310
1774 1372
314 386
1701 1325
538 1282
722 857
1223 1283
259 1952
1589 1254
1014 1406
1432 1010
1584 827
94 457
721 1858
982 841
1168 1662
1922 780
832 322
205 2005
1267 1122
383 1780
1565 861
492 285
1233 462
112 2000
1267 542
498 855
574 1442
1390 728
142 421
1856 495
1399 800
1167 1552
948 684
1457 1699
1826 1833
81 1068
1138 357
446 1437
1687 1327
1202 572
378 1016
996 801
742 1624
1780 614
1674 1689
1721 191
628 335
101 980
906 1054
1846 633
1226 1596
928 825
768 634
136 1225
1895 1173
1900 492
674 639
316 900
469 1300
992 509
523 298
677 837
668 1397
616 988
1853 1348
581 1484
1251 196
887 158
1721 2000
573 1445
1903 1063
119 809
1697 1451
153 437
773 1012
1399 1317
464 1681
1827 1344
992 1772
948 972
470 2
438 1817
1722 137
1330 1725
1123 100
145 174
34 429
1144 1072
688 186
1310 1031
84 1231
1835 1981
1037 16
1085 754
1772 1207
1483 1508
30 49
1054 281
1238 1164
432 1988
1616 803
658 930
321 923
974 1553
497 590
1519 593
1695 1956
1520 66
524 1765
1580 1563
51 1761
954 1494
1055 1886
374 1746
1243 894
448 1833
847 491
444 1608
364 1187
886 1515
1260 1619
1322 1684
1115 1444
705 163
395 1949
1444 1299
1578 62
760 1205
1230 697
1041 1054
865 219
427 1437
505 564
431 1741
139 1193
764 805
1716 850
863 1446
1635 909
67 295
865 2017
1072 1435
865 1774
1696 580
1283 365
1422 1364
235 654
1372 519
579 1770
72 642
1727 984
543 341
563 1138
511 1442
1423 760
553 1623
21 307
44 410
384 1929
784 1954
1717 1703
938 179
440 1774
1759 840
701 369
919 916
734 224
35 1444
626 288
1085 1210
81 884
1720 870
1328 78
1201 1296
480 651
792 1997
1070 264
1065 581
286 1599
1108 554
1924 1030
1297 22
1110 825
792 959
218 506
227 1270
1175 1351
286 1226
101 935
193 675
1895 1018
869 46
935 1374
381 1048
1620 19
1420 1911
255 414
1265 434
1586 1380
13 1808
1647 1613
1304 1640
1929 243
533 187
1807 1144
1331 1814
1034 409
105 884
1888 1757
811 802
1814 1804
1330 481
1777 1354
50 1287
1342 1736
1062 707
720 160
69 848
1821 1959
314 1579
1507 1410
363 460
1225 358
1296 211
1758 1841
1003 654
1833 324
1439 1589
898 1091
323 1463
883 1823
898 1579
1158 1361
1156 653
1134 1524
692 299
1086 1189
1921 524
848 425
29 1979
1503 1208
411 1075
1025 72
1727 1479
1357 360
136 1151
49 1829
1382 1640
1759 1082
1358 1786
1490 837
1745 1014
875 148
1158 1586
1859 1470
904 1983
1626 1890
7 1289
326 1886
911 1658
1822 1344
1518 190
1826 544
1028 189
991 474
1043 793
186 1675
1440 1594
1681 909
630 1755
161 983
54 1645
1819 1850
993 1067
853 1986
158 1450
1663 967
48 138
923 199
1036 1075
1148 1208
290 1473
1477 289
1630 648
1435 799
1161 458
1463 103
586 615
224 1982
1163 1905
518 1809
418 919
674 1677
1539 646
1825 696
1621 1102
1866 1078
523 1597
653 709
471 2015
436 1369
869 32
1224 30
1798 911
494 361
1632 967
917 1172
790 1211
1836 304
1222 788
1444 1602
490 633
814 1893
924 458
1481 664
1029 444
1798 1076
315 750
1307 1629
881 377
146 841
1383 415
850 579
1648 776
1874 1945
44 673
1569 229
264 364
1132 62
356 839

Point Cloud 1153:
52 768
170 880
101 820
88 856
37 882
163 689
344 462
398 704
486 769
519 1934
1641 1447
1597 1398
1616 1413
1691 1360
1654 1504
1678 1347
1792 1407
1766 1325
1771 1314
1758 1485
1880 1436

Point Cloud 1154:
31 822
48 780
207 846
40 930
152 680
321 567
353 770
348 688
577 2017
1634 1480
1702 1416
1588 1352
1682 1430
1650 1372
1649 1385
1635 1516
1771 1399
1761 1322
1759 1333
1884 1429

Point Cloud 1155:
60 814
40 809
201 837
179 813
37 896
163 682
312 538
316 547
342 1845
308 821
1508 1875
1645 1394
1640 1336
1658 1294
1591 1467
1595 1521
1773 1502
1722 1360
1756 1418
1790 1368
1791 1296
1854 1408

Point Cloud 1156:
4 440
60 1741
43 773
57 926
193 777
122 856
122 643
319 579
338 660
370 860
1568 1336
1666 1467
1647 1513
1659 1295
1671 1286
1734 1448
1727 1385
1789 1306
1816 1373
1812 1499
1849 1406

Point Cloud 1157:
17 404
120 772
88 789
55 952
152 828
130 809
123 644
332 660
339 521
373 840
1606 1371
1676 1475
1633 1506
1659 1283
1754 1451
1795 1370
1786 1306
1780 1489
1844 1424

Point Cloud 1158:
708 685
848 156
412 1573
1394 1287
242 1081
1366 216
1134 214
1750 414
817 1392
1045 1326
1121 1085
777 1853
108 465
604 1671
1056 1041
457 216
308 776
882 1614
1514 1872
897 942
270 1760
1442 1251
1834 1279
1723 634
44 665
1599 1219
1270 1449
712 1957
998 215
235 510
1310 1471
389 1025
850 1416
1609 73
1504 106
151 813
297 1297
1001 113
1852 1361
643 1019
1029 682
1371 895
1756 1365
1486 1607
248 207
692 1611
89 261
900 1756
251 903
1016 1993
1012 1507
1020 886
1703 1746
490 1707
1738 946
1280 1033
549 59
205 1199
1395 174
1482 1984
761 50
1869 1559
183 695
162 1169
243 853
239 872
1130 1215
348 1965
953 990
559 130
464 25
406 1275
749 1148
219 78
1107 245
1607 1456
1525 1244
1195 1911
1324 1075
1137 189
1477 789
1786 330
69 1949
1050 371
762 1714
735 850
1145 1021
1149 1499
476 659
196 1844
1340 488
641 1541
1131 1986
400 262
1727 1983
258 722
1927 913
1389 1751
242 65
531 1496
1168 331
1580 1959
505 173
1508 1645
264 859
783 1269
619 412
1330 1005
374 983
1856 935
1577 1266
511 993
239 1220
723 488
122 1400
1864 358
0 1711
904 1934
603 1779
1682 1761
1692 222
250 333
120 940
396 72
964 185
1029 365
977 1298
1199 162
1278 1876
1134 266
309 115
1901 825
311 796
1438 887
737 1214
1525 906
686 2018
1837 953
961 452
978 836
677 69
1570 392
1185 1605
259 1107
48 138
1682 1063
272 1781
118 809
1015 287
965 291
1588 1789
899 723
1243 316
1515 389
1631 1738
1374 1764
311 110
279 338
747 757
1763 462
1104 1269
1202 1248
720 711
794 452
91 1689
219 2011
1754 81
1396 449
687 922
1348 864
1805 291
185 447
1081 916
1177 699
1134 1926
1899 1479
1635 1433
1631 291
1568 817
1109 172
1334 344
338 529
221 909
1841 1786
272 1552
783 1265
561 1035
1131 1730
1475 1606
1054 600
1749 126
1673 1267
1445 1962
587 1982
1541 1580
230 1803
1686 175
1549 520
1522 1725
1117 761
1198 1141
600 1987
810 1843
597 1038
775 657
645 47
1169 47
1567 366
1309 252
262 423
1176 1541
947 1489
95 999
1373 1936
1072 2
1241 1522
1669 1144
35 519
693 1526
370 539
594 1179
544 287
1754 1857
416 885
69 516
1506 562
1647 764
320 1480
461 1868
933 532
1409 107
316 313
814 936
630 739
54 1734
32 764
151 1477
565 725
1180 1126
450 12
1402 1849
1166 590
1196 1279
1010 245
372 908
418 683
224 809
958 854
137 737
687 1761
345 906
997 1134
252 157
510 1697
1011 1451
1102 1381
408 1261
30 1490
1740 392
1900 1894
1388 598
770 1940
98 933
1460 1469
1852 1002
1504 596
57 1702
997 1969
1219 109
569 1094
1512 341
117 1232
387 1339
1749 1386
1544 227
286 1424
844 1831
41 1191
903 672
1153 101
123 7
1860 932
479 1682
342 1077
1655 1713
1812 745
179 54
833 1592
671 172
11 1842
634 1238
1711 1646
1396 297
616 1568
1101 1549
1442 1296
188 113
558 920
941 1931
878 1324
33 503
1074 487
106 176
742 1514
329 497
1752 629
1566 886
119 1765
716 1492
1428 186
1640 1525
1641 704
1637 1927
1026 266
981 756
765 1140
1073 1247
247 1406
1340 1006
1670 919
942 772
575 779
87 55
366 1394
1655 47
1020 385
291 928
240 1492
1615 115
200 622
383 493
143 952
353 103
874 928
813 1255
1358 214
1024 1348
1329 1807
710 1904
351 1929
1895 1369
1125 320
1203 1612
339 1009
1658 1398
1833 125
280 46
1715 606
51 98
1166 1685
735 52
1788 1383
123 1455
1316 540
1385 187
245 1402
498 1940
1473 1093
920 789
906 867
789 892
1539 1599
933 283
1214 1839
1355 1953
517 195
447 1860
1918 1968
1338 911
1035 964
488 1069
187 238
851 824
461 1571
363 1465
983 1977
1268 1624
281 189
1896 424
1096 1663
1276 1544
1327 1045
879 1687
471 1619
1517 1368
619 1310
1577 1015
530 686
29 904
1545 1093
539 1608
926 1133
231 806
613 1224
1511 1278
254 697
768 149
722 1040
1848 910
1898 772
391 1200
1331 1796
1260 1682
567 1646
540 610
451 458
1614 1937
279 1312
728 1835
1499 1644
1439 1282
80 1697
1311 1605
196 37
566 1605
1024 1846
1637 1571
287 1051
131 1380
194 1334
1165 1671
803 777
852 717
774 801
1159 604
1807 1276
237 1637
1912 1830
1624 1918
1819 1611
1905 96
732 1104
1546 1732
729 1393
1001 1005
1065 1028
117 1220
1556 814
1395 842
1795 1642
538 1364
1106 818
1095 409
1501 1456
451 539
523 2018
238 524
1196 2014
371 1040
1823 1733
1245 517
1799 258
1513 606
1370 1054
1882 1162
266 108
1054 1542
949 80
1315 1155
1317 1051
204 1078
739 703
2 275
220 427
681 50
1473 1836
1672 1571
1271 216
813 433
838 423
1256 849
907 1043
1617 849
1684 928
1891 313
445 1851
1283 1130
296 1600
465 1010
1553 635
810 1776
694 34
1889 644
1284 1981
1309 489
1520 748
1356 1056
153 1487
74 1655
1602 244
934 665
578 1299
301 812
1869 264
1166 1499
1090 304
382 1431
1429 575
1202 1047
1013 1770
53 658
1672 1640
1378 705
864 1737
1587 1749
1875 2010
53 1417
130 1729
1786 1239
1399 456
1740 1832
810 1076
1783 1966
393 1374
382 1927
1172 1574
1366 807
476 1275
1263 1703
1829 1447
1831 454
48 747
1712 1878
493 388
1618 1887
309 1100
701 295
1870 1585
305 1765
567 1085
1656 1812
1172 1028
1646 380
1257 1591
689 1090
759 638
188 1922
217 1859
1543 942
1712 625
1277 577
1268 901
1318 148
1692 742
1240 28
694 275
1557 1766
1788 1610
1158 1134
1108 1043
136 30
1197 1623
1289 1336
813 254
297 378
1309 219
0 556
351 1124
1528 1
1450 690
315 1280
1347 1794
765 27
1165 718
132 1750
592 537
590 1053
1525 899
132 382
1186 508
784 1300
811 1267
466 504
581 992
136 169
135 571
438 1609
570 1107
1124 1277
970 115
452 1498
1161 1049
232 1188
1446 1152
92 1382
1376 1555
973 1167
1692 308
1651 1773
1009 1497
433 1256
1315 48
1244 673
120 371
159 263
1531 1430
1316 1085
1924 798
97 260
1688 710
1023 572
5 1474
94 1034
1643 7
1770 94
836 970
1359 1517
967 1850
1180 878
650 1231
335 1512
133 1695
1534 1708
1736 252
1472 800
1254 1018
1224 1361
506 652
812 496
1090 136
1235 60
369 1084
1784 865
1082 1514
103 349
845 1033
489 135
1055 430
1215 590
671 121
65 914
1636 1481
243 779
494 473
1188 183
28 653
634 1440
729 1775
226 1727
341 1499
1231 1434
1294 1158
1234 186
1185 210
908 1751
256 491
90 931
78 1944
1344 1179
1596 1047
321 1820
151 881
1139 1568
1555 827
1726 876
1451 188
1381 847
554 1582
685 1655
786 2
1063 522
1515 1462
1409 1616
388 517
461 87
138 359
431 1530
884 980
1142 843
1446 1250
810 595
1529 1946
466 1801
452 1413
565 1793
834 681
1130 1363
1112 780
1745 927
476 1228
872 1742
1129 1624
754 298
1035 1005
1688 45
489 1311
546 32
770 1066
769 263
1526 1551
1827 1151
982 1613
1911 1496
147 1833
1535 711
1346 1863
1079 1969
263 1909
176 1438
119 591
1258 1809
617 726
1833 1820
1898 931
1492 367
1641 394
127 211
86 1603
1022 1113
1688 236
707 109
372 1273
193 589
1838 1373
1850 1984
236 1597
933 940
150 1646
102 1481
1596 876
905 1760
1900 1890
1188 488
1615 519
320 1212
866 1014
1816 777
845 523
1352 1850
318 715
905 2016
1012 1602
969 559
1730 1171
308 1108
1472 246
465 1529
691 470
1492 793
1776 400
1342 900
419 976
147 958
1358 896
70 565
1139 1321
1097 1583
114 978
1352 1513
467 1041
562 378
117 483
742 695
1021 323
1903 1039
1516 1994
1353 1521
219 35
1309 1310
50 1999
1572 1387
1015 1578
57 1745
58 1228
1368 1049
252 128
1581 272
1125 417
76 1196
1437 180
489 1966
746 622
391 812
1934 1502
157 1918
490 1426
684 731
1921 80
305 14
25 745
1928 1155
1785 1175
155 1513
1885 1646
759 609
1818 36
339 2002
200 359
966 262
1037 1910
424 1534
1290 315
1804 1614
719 1018
274 839
1429 345
413 534
1676 376
326 620
141 1898
1744 1752
1820 511
1554 839
1415 1875
794 1997
370 992
282 1542
676 583
827 316
506 1494
1395 1127
176 26
1689 1290
692 1613
1732 406
961 1029
679 1592
1830 774
344 645
552 1228
1268 888
832 1163
19 1896
775 935
1318 717
217 149
1721 1273
817 1971
1586 1013
1543 1101
1019 1933
1061 1191
1310 442
471 396
1566 1963
660 405
1098 4
1848 196
157 702
1020 1868
297 412
761 891
1058 1058
1422 1542
793 1092
720 185
342 707
952 177
947 903
1262 1309
1704 65
297 489
1066 116
1085 1959
645 657
1289 324
437 121
755 1577
1499 1775
1900 55
1865 908
1760 1655
1787 464
1397 32
261 258
842 441
1721 1950
207 1427
348 99
1208 704
943 1590
927 1670
688 1675
770 1783
95 534
1892 1085
1867 1261
901 65
925 1246
571 1119
1556 878
1645 449
1545 405
296 1699
266 279
103 1309
1569 1744
803 1740
732 455
1542 1880
1674 1364
1656 1917
431 1466
1411 225
1820 1413
1815 709
1725 193
1317 1095
1272 218
248 684
1458 640
1285 587
1721 802
1023 395
1871 1813
662 554
750 1206
431 1810
1646 1693
918 1457
882 540
1441 1997
1046 932
793 1890
205 421
1323 1401
1133 1931
1116 810
70 630
849 731
615 1754
1330 661
655 238
241 1939
135 554
503 1553
202 365
1329 1726
327 240
218 3
1122 1445
1402 356
1194 1755
1612 680
1554 493
810 560
740 707
1191 220
612 330
1859 796
820 839
171 1324
44 630
822 294
217 388
1909 373
1630 992
441 1492
556 38
610 2008
547 1234
1878 595
1767 1784
1230 1431
411 258
1920 1842
1510 89
1055 606
1254 416
801 1510
1695 1433
1166 1789
1653 1212
932 1726
1848 1859
1537 983
463 1787
294 807
241 1102
1757 745
215 62
701 22
1612 302
663 1873
688 712
392 244
1719 101
1824 1693
408 337
1611 859
1430 189
967 1243
667 1158
452 830
857 329
1060 1006
408 1923
1400 713
1723 68
878 1719
292 38
1893 1974
1482 1010
1466 697
511 537
826 1702
1200 856
588 513
621 602
875 1597
915 85
1307 1800
1918 1441
350 989
1099 1595
430 381
1095 408
241 1415
1034 174
623 1422
238 71
818 1966
141 1939
1416 1878
671 1499
942 747
559 973
805 1625
1689 745
1029 1054
17 1884
1748 788
400 1814
496 1429
1242 1765
451 870
1793 1681
1638 1734
315 1213
472 574
1101 110
1133 1597
78 1720
1762 576
1661 1206
1860 1514
829 1392
1226 204
1783 1577
1547 1141
998 939
238 1243
692 1515
139 490
1674 266
702 566
1004 1725
373 436
601 1456
1141 364
1395 1502
1219 948
1230 1947
322 1763
32 1961
727 1481
1191 441
1378 1892
682 1522
566 1116
731 696
774 87
1346 1243
1004 1999
1009 139
1375 1097
1675 1203
1345 1419
1020 98
1217 1813
848 980
741 1483
727 160
1640 1899
1233 332
558 1054
719 737
721 1401
1608 495
1545 347
737 469
1093 888
350 38
6 1958
1591 322
1166 1979
770 589
624 1052
599 1539
1792 629
664 1989
664 937
593 1688
286 291
1448 6
1502 1419
1802 1953
1310 693
915 1064
1306 747
1339 808
680 1987
523 965
713 1088
1333 1447
139 1884
1420 1274
22 1533
330 531
872 1188
962 540
828 773
26 932
526 249
1178 1569
382 746
770 1777
1789 463
1394 115
1587 1309
898 1404
1501 1440
786 1094
1425 498
1393 1837
1497 1598
1712 377
1230 1392
826 61
1649 1811
547 233
540 1201
758 138
1492 629
285 279
1161 1242
591 774
885 1444
18 779
1181 837
248 1414
926 407
1819 1740
1876 703
483 445
1761 926
1156 709
521 1786
1062 354
1692 1804
827 1252
83 1473
1412 423
170 1168
1769 1589
1547 1307
1730 1394
347 1234
214 1457
154 612
1782 1556
184 612
293 182
326 807
540 975
1855 370
1605 1600
127 1440
1659 296
677 266
650 1940
1414 1079
601 694
1647 298
325 1994
1861 403
380 694
938 933
637 227
558 708
1355 1528
1111 1864
546 535
643 425
1138 507
1580 680
1515 403
1062 921
524 968
1932 1401
1398 110
708 136
93 1144
97 341
341 930
68 1958
886 163
1383 1328
222 967
1787 770
59 328
432 1064
1139 1865
1049 975
996 1573
691 1829
1506 645
1247 1092
1469 1160
418 891
1185 210
406 136
1702 1762
1673 1516
1278 1111
1715 711
1932 1962
303 172
323 1573
307 545
1350 1821
302 1150
1824 1506
1498 249
1251 1603
1809 946
397 1566
684 1913
1369 121
699 1185
1667 747
268 1039
1380 686
1536 4
987 658
146 819
1464 1095
1792 1252
577 12
1562 292
683 980
633 1874
497 965
1344 15
1083 872
1078 1202
475 857
269 1157
713 1696
1433 1920
1876 68
769 1650
1426 510
1091 1107
684 1072
1842 238
196 991
1439 631
888 1644
1875 2003
1543 2000
702 405
1741 440
1422 222
1064 498
845 288
611 762
1738 1611
1096 796
1214 270
24 1406
930 1780
803 1608
1135 875
585 1971
886 964
1251 599
818 1757
1223 2018
1503 900
324 1850
864 557
1168 389
1516 965
167 543
1606 1063
584 354
1546 1326
1842 1670
555 931
544 320
1699 1696
258 1530
843 650
1288 163
907 370
24 1948
446 1625
1088 921
1420 1598
688 291
1101 1502
225 1701
237 1147
409 1016
1450 1287
560 87
110 417
391 641
404 1351
1853 285
1034 299
863 532
276 348
958 284
1456 1235
1186 1804
1211 1460
1673 1535
1330 573
1609 839
1184 425
1458 1737
794 1772
1180 382
103 1343
295 1291
92 573
957 274
187 1218
957 1575
670 1162
694 1195
1768 1028
339 723
1531 341
1425 956
958 1924
739 354
1222 502
1535 1826
1597 1671
197 1869
916 197
387 589
117 987
952 532

Point Cloud 1159:
6 692
1364 992
42 7
825 516
235 398
1079 170
1398 872
1276 848
1593 1287
1271 934
318 1744
156 702
1033 1642
1374 1433
360 665
1816 1085
869 1623
1333 1530
1327 265
597 539
1542 1171
343 1785
346 1409
573 1942
537 1294
203 1458
1352 115
1287 795
1100 163
1279 1013
677 481
1933 990
208 1159
1413 886
864 349
95 1646
911 42
6 1488
884 1577
1069 1173
1151 2012
710 843
1647 1975
1920 1064
1612 1893
931 1658
1033 80
1202 1453
1261 878
663 1534
1099 1780
1411 75
1279 853
391 475
775 1311
463 1857
1026 502
1798 1617
1234 927
1301 1991
308 1840
1271 1541
631 1205
420 193
666 811
1832 1494
351 1938
491 1243
1469 562
501 1392
684 1844
1547 986
209 1011
349 1889
1307 1402
983 1728
1344 1718
1516 1846
1877 1817
561 561
19 714
16 1563
298 342
1384 643
1631 1736
1155 486
975 1491
1262 1209
546 1185
1241 1224
1090 1897
811 179
815 279
1589 146
463 770
848 262
928 937
1841 340
462 1476
1210 357
414 1718
1881 1952
314 220
259 1848
895 1793
1667 662
863 1926
566 1398
1149 1928
314 1900
1186 510
189 1327
1287 6
833 1518
1674 744
204 1290
1625 1690
1100 1625
181 233
119 1950
280 379
1455 1756
775 515
1608 1275
1078 459
252 284
1854 202
433 734
402 1401
1832 1288
1402 1835
1574 670
71 1381
874 275
1020 895
1613 779
535 1648
287 895
1520 1126
14 428
391 78
151 554
1380 457
635 1859
1901 1844
1037 1205
1516 1214
593 99
873 1557
388 533
315 1418
1743 1140
1904 441
224 448
995 1201
953 891
399 1051
925 582
64 1366
1005 1529
546 1528
1087 471
259 1283
760 784
1706 1258
1277 1540
371 150
876 1577
516 1590
1591 17
1192 199
332 1480
13 130
614 600
1446 1788
1178 580
177 1345
364 797
484 502
816 1834
479 386
1158 1281
742 1131
1265 1377
750 805
891 99
892 1460
1188 1287
36 476
1698 87
1674 331
242 1775
850 612
696 502
1277 1718
773 1488
697 46
530 843
1673 520
408 417
1217 323
1083 331
1279 1608
1377 1167
1593 1001
849 68
860 781
645 1012
1431 1018
558 1391
750 270
1188 1857
49 1450
1692 79
1748 602
482 80
983 1502
1919 461
596 868
79 1474
24 1775
1811 1518
1342 1228
1483 961
1239 256
1605 1087
1599 1115
1075 676
238 1218
809 540
293 1588
20 1158
1839 1777
1685 144
534 1305
1724 400
560 1984
704 1707
14 1160
871 307
1425 1735
42 1424
577 147
332 1284
1459 116
721 1892
70 985
757 1676
1685 1815
921 451
1426 465
1458 924
835 2010
650 1315
108 653
822 713
1511 351
1325 1374
575 140
1915 1903
200 1961
1035 244
988 1099
1068 1685
100 1326
594 874
1880 1532
1591 479
1510 554
464 1468
85 1605
1465 804
1072 64
1930 1695
765 1854
1524 367
1495 980
674 1418
592 894
1177 462
1514 1713
1525 159
1596 1324
1052 1387
692 965
496 1698
211 552
371 1384
317 1923
882 644
613 1120
1158 655
112 89
1484 1111
857 371
423 1776
1474 573
207 984
515 458
428 75
1261 996
1634 1990
1580 469
1316 877
1831 1306
1144 1505
1151 1664
210 1850
1215 1572
97 1953
1303 797
426 1063
724 402
571 1341
695 510
926 1316
675 137
1280 1968
850 1556
1121 233
1142 759
1914 352
1472 1744
341 73
39 750
1914 1184
1078 1543
329 768
1159 1709
819 530
220 1766
1160 1084
360 658
232 340
1252 1829
889 992
1803 1720
1435 1745
790 931
1577 685
365 1142
1017 397
331 560
475 738
1409 41
95 332
1018 1136
1109 1844
1638 1511
14 405
1149 417
1899 979
576 1416
978 1910
622 67
1188 120
1368 536
296 1189
1574 467
973 706
1920 1858
768 642
1280 1671
1661 1619
1392 562
1156 1952
757 577
1759 756
1558 198
75 1151
1064 551
1686 892
1490 47
1016 500
110 1644
418 1349
527 653
94 260
1655 1502
148 1092
1512 1061
451 1156
1676 400
203 1222
434 714
949 1643
262 1566
1773 100
1432 950
429 1225
690 1095
846 1133
697 125
1407 1061
1275 1170
1181 1178
1052 181
1517 691
1925 46
1542 683
1458 1474
1626 1966
303 745
74 515
1288 1161
1861 727
532 1449
1728 27
202 1782
582 293
1285 129
540 1889
539 30
1097 1585
13 1197
1634 1513
728 1812
308 178
1193 422
732 1546
1712 741
95 351
348 826
720 8
63 604
1711 1764
1009 247
1809 1920
1917 1744
189 971
850 1604
1901 370
1657 514
1882 531
1581 1074
1604 1990
1259 1838
208 130
704 1593
1217 1318
1672 1251
68 1979
1891 951
681 257
1038 2016
101 357
29 1904
1265 395
76 652
112 484
750 1377
368 1847
1513 655
1363 441
1890 548
1708 1919
834 988
1426 202
500 1347
213 1406
1612 655
857 971
556 1114
1822 1286
1071 463
251 526
189 268
770 263
337 1394
949 1325
222 1105
1664 1528
637 206
445 1388
1489 1278
1834 931
1575 1905
1885 1458
287 1710
1346 1752
614 920
226 397
1888 1195
1034 40
526 173
237 438
170 1528
828 225
979 745
1436 1366
684 1874
900 627
444 250
1021 767
574 1220
40 902
240 33
420 213
1000 1857
567 280
1810 712
1133 749
707 146
882 448
835 1576
748 1165
1172 912
1877 1669
1035 507
477 1441
1896 1241
1932 1169
816 1291
1693 1282
673 58
335 1979
294 1073
1796 1801
520 649
1229 1500
632 1433
843 610
865 968
52 1213
372 866
1498 1275
246 1755
622 1435
1439 933
296 574
509 2000
825 773
1922 355
465 1930
1715 495
752 1380
1227 1184
1928 1653
1824 1204
1568 274
1555 533
1021 2005
1527 652
1832 829
1397 1749
1441 292
1589 1674
1272 1534
139 1730
690 838
428 284
1680 1463
1629 67
1291 1015
1557 666
471 340
1165 752
555 636
226 958
1754 1938
394 1361
607 1622
1567 1498
1588 827
590 1531
1091 1184
1014 1622
1740 1503
1220 401
1699 1311
1404 1153
90 753
1235 158
1299 913
1456 954
518 1116
847 1296
536 338
10 893
1599 92
2 63
1837 352
1594 1093
1285 855
1399 688
1861 1309
1879 1765
95 1362
1682 1036
482 1161
1291 917
949 418
1299 1246
1200 1098
77 106
1220 718
321 1171
605 1316
120 1366
1505 1200
1682 1021
1573 1856
106 1115
1369 1923
29 888
1920 1033
1213 1205
111 1961
1878 1818
62 1569
1003 161
1149 1045
931 853
581 278
33 963
423 335
325 1143
534 1762
980 1037
671 1941
594 1986
546 1312
821 1636
1515 679
528 1046
1734 1102
1311 1592
362 1821
494 117
1124 342
78 1039
1455 1964
1381 1758
1666 1183
730 1077
881 593
364 166
926 613
104 912
1491 1172
1878 587
1064 1831
1656 773
668 675
1651 1173
1191 1109
1620 1079
1682 1596
1608 993
1463 523
612 1658
79 1836
590 431
830 1105
1337 379
1023 533
1220 689
1509 1582
1170 270
1589 1956
452 1791
1379 135
1043 97
146 1027
89 12
351 390
275 82
138 992
1436 571
768 927
709 301
1080 1769
1401 1585
1287 120
795 1004
1651 1703
715 16
1081 67
1247 780
1011 371
1579 67
929 1690
1773 1839
349 464
1774 183
154 1638
1319 1259
1495 1401
1012 215
1734 1540
834 934
735 263
1215 692
1431 582
708 1483
867 1825
461 668
1373 311
409 78
1198 1328
870 753
1577 406
916 1900
928 1866
1012 365
1934 199
1486 1229
1596 101
1477 1971
1168 597
1862 239
1497 206
201 1504
387 481
639 1481
387 52
153 266
612 970
1418 1605
1311 80
446 1651
950 143
642 1520
889 1703
702 449
17 163
802 620
516 1185
209 885
1553 803
570 127
289 859
1546 460
524 17
1784 1378
771 340
1837 77
874 1994
965 1465
695 1554
1680 1077
1283 1047
1847 1500
1391 1189
370 267
440 1411
1002 1892
644 11
360 1393
1527 1564
1217 702
1245 1724
1575 1445
394 1727
1373 96
1050 1078
263 883
1127 982
435 203
1315 1985
1675 532
616 628
1545 255
415 841
82 1795
1833 302
1770 770
870 41
1247 593
1160 141
1184 1930
658 1237
605 447
905 1986
343 72
790 274
119 422
1214 1673
142 1002
1800 1328
101 1847
722 267
187 1704
1651 401
1159 1376
1672 251
133 1694
1155 1463
1510 1806
37 1399
1728 921
1709 1837
352 1256
72 198
391 191
882 801
1165 968
775 560
791 44
1044 1107
1599 141
1355 1557
520 1681
88 781
1930 1850
1156 91
1072 1637
323 1993
1360 922
1378 1530
1341 1646
363 1637
1153 327
923 82
791 1477
453 138
1780 1093
770 1228
1316 783
710 1557
992 386
1804 811
129 194
361 1841
1931 946
1471 1884
484 517
443 1036
1452 630
1870 1671
504 1974
1819 1072
929 1800
563 33
1680 1517
454 673
1190 1144
1116 104
36 483
16 1717
1522 1932
843 291
475 58
1706 982
1434 1686
334 1950
579 204
515 1246
1070 1534
217 239
1896 1939
649 149
137 641
1645 1704
786 1903
1386 715
301 1098
687 944
1080 1073
1335 1831
1138 456
739 355
740 1041
1477 1989
1505 1919
1154 865
1232 468
533 386
202 909
762 1076
175 363
1368 230
1892 1478
1365 346
431 967
1706 63
976 526
985 1070
1517 262
489 77
362 1177
1689 339
474 561
110 1202
286 1281
1561 1559
481 946
1287 1003
1760 1584
317 1767
58 1079
928 1151
555 43
326 967
16 350
271 830
1821 228
588 364
440 1768
1338 1853
1532 743
813 819
631 1797
1623 1438
213 1270
891 856
654 565
1007 103
1635 187
1751 720
964 1182
846 82
569 1989
425 1833
1153 1876
594 496
1506 682
563 416
1369 1727
1883 155
341 9
69 769
523 782
60 219
1075 301
356 229
1456 202
1297 626
351 660
225 959
1224 513
1339 1631
936 1864
99 257
942 877
946 1248
850 1579
1756 1897
356 762
326 182
1208 1105
868 208
664 1387
1820 28
1659 1998
1291 928
1344 507
269 684
1229 1109
327 1071
1093 320
262 1384
288 1458
409 234
856 1449
1500 983
1335 1710
1849 780
1637 1268
1037 1702
1379 1131
1863 1503
864 307
44 71
381 1530
283 826
1703 1765
239 1229
1854 1473
619 1880
1231 692
1492 208
1451 547
1207 201
1623 896
1351 1939
118 446
1720 782
1254 485
824 1359
1818 529
383 1855
611 644
1670 1688
1400 1156
1436 1717
1856 597
982 1612
1848 1231
445 1826
1262 888
1633 546
1676 1412
1600 1890
1372 1381
727 2000
1879 1203
1470 496
394 1795
683 165
951 691
1096 1727
1794 1101
649 766
878 979
260 1426
492 673
1625 1288
1682 742
57 18
817 1135
849 230
971 713
1293 411
1594 796
1457 1440
1704 800
1126 1276
1122 1818
1924 1229
1411 298
1480 1394
1777 979
1452 1724
1527 1950
1431 236
539 1105
1774 749
35 1750
627 405
1186 1682
1039 1256
546 496
1081 743
956 927
927 1660
599 622
1629 1163
1107 1584
699 1189
1470 1541
1227 1154
747 260
1696 1449
1315 199
715 496
1552 1121
783 1387
180 1249
715 398
594 492
410 365
528 1224
1648 744
1779 717
1423 42
1799 884
437 1632
279 275
1180 870
1479 1710
462 1666
1210 575
1669 1592
1781 1120
773 1353
1124 1807
711 134
1743 97
1277 1458
1808 1519
694 1185
232 174
499 1658
1264 416
22 1166
1083 1679
178 492
1668 233
790 1733
429 579
1222 1651
1309 1903
1437 1648
91 630
175 885
1248 585
579 709
1808 393
1758 1718
1912 732
1645 450
1640 825
224 1233
15 1735
1714 179
1542 442
1522 216
746 961
524 286
634 1138
1191 18
146 347
1599 110
1902 1147
27 1206
1062 325
819 1739
146 1928
294 220
236 678
1024 5
612 1772
30 1704
440 901
348 67
1078 299
667 1053
1426 96
549 1084
1518 279
1412 1778
1836 123
1929 1577
139 768
1687 870
382 673
910 1076
100 372
1279 87
1851 1777
668 661
285 594
1863 300
776 1255
1169 584
48 743
1547 176
126 1224
464 239
1240 596
1779 228
1771 1219
1072 100
166 700
359 1014
1472 1048
233 1883
209 430
393 1624
229 433
533 1419
1057 1836
1809 1823
864 1403
1443 1553
767 1165
484 1573
743 1885
344 1597
180 1669
755 1718
1046 1376
199 546
509 214
126 1324
146 603
1798 1827
169 1408
240 54
484 1927
852 415
1430 1512
192 386
217 1255
415 1195
1823 1337
1760 737
991 1837
1675 1181
188 117
880 433
1157 1639
1398 1639
350 156
413 13
678 1828
381 940
363 368
371 1197
209 1147
366 661
786 270
1681 1917
472 1804
466 1265
632 1598
1928 493
545 1498
518 1480
877 838
139 886
137 327
1117 1174
1856 285
199 1286
343 1338
629 1692
1630 1358
817 510
403 1432
1292 1362
1058 912
1052 163
1402 1302
1357 919
82 1548
268 310
742 274
1244 1677
1864 1056
1466 128
1368 897
916 1887
309 384
344 519
1225 122
1630 405
1415 871
160 1304
1197 147
1750 555
411 1965
1762 330
1866 1915
1606 1902
916 741
1533 87
1848 1914
337 1318
850 977
1390 285
1758 566
924 1091
7 668
1094 682
1721 2010
157 1379
882 1202
796 548
1630 1465
310 518
1149 1322
242 1516
1542 1929
1925 1957
924 622
1199 1241
874 1960
1720 378
1427 264
180 1320
233 193
152 1643
586 1968
1342 821
1686 106
1479 109
177 878
446 950
456 1213
1473 423
1926 45
1529 152
998 1065
812 1545
706 1786
1352 205
1338 123
1075 267
867 1631
1819 589
828 253
1628 1414
1029 1742
1258 566
1360 1922
1361 1161
1595 1663
1303 447
130 1072
738 1781
356 2015
1221 981
159 497
1065 1755
26 1642
190 967
157 407
969 1280
291 1744
48 1903
139 1054
628 1990
1243 617
1434 1062
232 1834
836 12
16 1579
604 1831
1245 1600
148 332
707 1147
962 220
1791 1721
554 529
297 449
234 418
671 1339
555 570
1840 1108
678 955
863 430
343 1657
201 1538
1166 240
1468 1871
1075 1863
1070 997
1654 1411
1157 578
1530 864
1290 1185
1440 289
1327 1394
1210 1696
853 1600
1037 1700
1750 1321
343 387
359 1766
450 726
986 1097
1217 771
347 1501
134 267
1333 1704

Point Cloud 1160:
37 332
47 899
122 843
143 783
181 817
144 676
260 709
313 593
350 689
426 755
597 2002
613 2010
629 1884
1573 1426
1645 1385
1612 1437
1658 1372
1644 1370
1643 1273
1719 1307
1824 1481
1833 1402
1807 1455
1805 1321
1769 1412

Point Cloud 1161:
46 896
81 425
153 662
268 824
257 832
220 865
316 688
255 723
335 707
312 684
374 856
1595 1514
1662 1456
1627 1401
1587 1520
1681 1483
1646 1328
1747 1298
1710 1413
1803 1492
1821 1924
1796 1357
1890 1442
1866 1050

Point Cloud 1162:
62 921
64 409
174 673
203 818
155 881
253 811
343 679
302 640
280 621
361 735
306 887
1619 1443
1659 1453
1606 1444
1598 1402
1711 1413
1660 1352
1720 1273
1829 1513
1793 1373
1869 1419
1864 879

Point Cloud 1163:
59 950
92 460
159 664
231 873
263 826
216 882
301 595
297 883
366 716
321 666
355 711
1666 1485
1638 1508
1664 1470
1635 1493
1669 1338
1684 1539
1757 1375
1721 1257
1828 1494
1792 1379
1793 1643
1865 1434
1880 684

Point Cloud 1164:
36 917
170 588
293 595
176 677
232 661
188 877
223 855
237 868
280 879
336 622
330 665
1618 1471
1574 1390
1661 1477
1656 1324
1724 1399
1716 1282
1774 1571
1804 1458
1788 1352
1896 1432
1909 553

Point Cloud 1165:
39 894
201 618
245 703
166 664
328 727
287 676
205 845
227 863
276 820
334 829
393 849
1749 1480
1751 1516
1630 1514
1722 1542
1645 1386
1672 1365
1684 1441
1709 1269
1818 1471
1802 1325
1859 1423
1837 457

Point Cloud 1166:
55 873
206 602
226 610
172 675
228 649
188 666
160 816
274 819
248 807
376 762
1598 1452
1610 1399
1634 1548
1665 1342
1723 1548
1751 1321
1685 1458
1781 1329
1814 1491
1826 290
1830 1407

Point Cloud 1167:
1461 1991
797 307
209 1633
1612 1690
1430 1897
1726 62
194 1662
954 82
485 1050
556 751
871 1527
1073 1433
439 942
372 1877
237 387
772 1131
1009 914
1899 1895
1319 543
232 925
1297 831
1079 659
195 708
1670 1811
1731 192
944 771
187 1007
1095 1774
466 1541
1559 1575
1652 87
202 786
1629 478
421 1470
1482 369
1702 1209
930 786
1148 1712
1634 1523
869 48
136 910
404 1825
1252 990
1111 497
823 901
421 382
367 709
887 347
271 936
81 160
1861 465
971 1428
1252 69
1688 64
413 1195
1916 1468
1518 1371
179 694
1460 1732
1682 1909
195 1576
1602 1772
529 438
125 1691
1020 1644
691 1620
1521 1980
1612 546
1638 536
237 1212
705 1888
1893 251
1085 1525
977 411
993 132
1010 529
1538 1464
1723 252
1656 1640
1196 1488
780 1705
123 123
1660 212
307 269
1321 519
1146 209
1610 773
356 1335
120 1308
1008 54
1874 17
600 1128
397 1944
1078 1052
794 523
1463 9
989 1674
1167 1868
1427 833
1096 1783
1377 1735
582 670
452 1089
245 345
667 1846
586 412
1052 704
1057 606
865 1425
981 98
788 1132
1680 241
793 683
1075 664
1804 7
1678 847
1656 753
1775 1778
1751 312
907 500
449 230
408 1138
1611 764
145 592
305 1281
485 282
317 910
704 1317
15 990
219 297
702 798
1817 1537
393 1655
948 1858
1900 384
163 213
624 128
158 1248
1066 896
283 1373
1149 1995
1337 613
1191 1894
1583 1185
1303 1996
1698 452
570 120
83 709
1033 27
707 1692
916 357
1775 1647
1020 775
962 1203
1888 694
520 1925
611 190
1184 937
1289 476
1437 674
1681 1519
1536 1826
1148 1619
380 1051
1930 1863
55 1169
1622 1770
1184 554
1428 317
312 1070
406 147
1209 1046
391 761
941 672
1713 1297
1507 679
89 1958
1012 2001
400 1698
198 800
317 1388
1522 1640
678 360
939 1029
1775 2010
1186 389
1925 331
637 237
1103 387
80 972
1114 325
1619 900
1432 379
1709 876
51 1832
1329 1206
1131 448
1823 1312
1241 306
1846 665
1043 1474
114 295
973 1313
693 1469
819 1042
1289 1014
1287 510
1721 522
403 530
304 1361
1428 1529
182 1947
728 1097
1165 1874
397 1214
1266 268
707 296
1624 1518
188 253
715 459
687 1105
540 1191
1211 82
1900 297
608 623
1167 829
1619 483
692 97
1165 498
998 1529
1862 105
519 1573
1820 1303
1466 1672
1341 779
482 277
456 1399
1799 1303
126 1126
1368 288
1866 1867
1251 1427
727 823
1745 1320
11 1763
726 773
1760 26
1144 1457
716 364
1361 957
274 762
75 1003
1313 406
997 69
345 1715
889 573
685 1609
1096 21
922 1437
1484 180
392 512
1744 1670
1850 1814
1330 695
691 1634
911 1685
697 1873
1026 1414
935 1890
1660 816
689 872
1281 681
921 578
1607 144
1383 1987
247 992
1045 1511
1140 1894
1097 570
620 593
433 231
864 984
1163 1262
430 1034
766 931
1511 602
1641 838
1877 310
783 1623
1229 394
832 1865
765 1000
662 698
195 1616
1357 1858
650 13
1486 34
1037 1024
1688 893
1100 866
927 1004
127 1941
786 813
1241 969
1432 387
1817 340
1373 45
1134 1395
1440 1045
140 156
1261 1393
1015 886
329 448
529 1508
1003 669
229 193
376 246
1572 841
310 1395
344 648
506 1166
1304 1640
2 1490
611 1713
585 1724
257 1457
1920 1756
1898 106
810 1351
378 854
1608 1706
10 1977
1107 739
168 725
1264 712
1651 709
178 911
828 114
1779 70
1552 1868
613 452
1188 1891
1436 1073
684 1918
1519 1751
919 679
1277 123
299 280
1680 2001
297 116
556 1862
907 1703
1227 16
1833 1160
407 1022
1291 551
1735 1612
817 1946
1110 1713
122 51
1507 1912
168 610
802 630
692 1302
1852 1816
1755 860
1357 764
1000 437
1364 1016
1251 1380
1514 933
1085 615
202 706
1133 1753
1422 92
1091 172
631 1426
511 333
37 10
1898 850
1599 1367
1298 1031
375 593
139 150
882 930
1328 1229
262 1887
1576 1046
373 374
1409 664
936 73
102 268
1269 171
26 342
391 909
1665 1302
98 1205
496 30
624 365
768 889
1742 961
839 77
89 72
582 221
51 1863
1123 255
1917 1767
1700 892
8 1961
917 1234
25 1970
424 49
1276 1381
1162 1815
756 1369
1901 1247
850 481
1667 39
1389 2002
598 1652
1457 873
461 1990
164 554
664 205
1873 1869
1375 1088
830 167
714 730
973 113
185 1201
1163 1000
297 1991
401 1061
1591 707
884 666
1074 965
846 1571
1747 1079
229 860
760 436
526 1998
686 2008
1059 1213
1629 1801
1905 655
103 1118
1146 804
1744 474
5 1024
1403 14
1455 912
14 704
853 1521
275 10
315 555
1336 168
1000 253
951 958
399 1910
1652 1704
1252 1518
775 63
735 991
738 1993
1765 1705
1058 727
937 1273
484 1828
520 635
1918 1159
90 992
522 1529
518 85
427 1924
1294 1104
1006 376
828 1704
812 1600
506 264
1815 491
263 35
1621 89
962 360
923 935
1564 777
496 192
867 482
799 292
324 1095
1912 1543
574 937
1563 720
181 142
577 1195
1511 1808
986 1928
727 354
1134 1753
339 100
333 1574
1932 1369
1185 873
388 1752
661 1879
1868 1572
1085 1364
850 1077
862 1819
111 1273
247 1631
90 1063
36 425
830 1129
1705 1408
531 1032
467 733
1322 1311
1167 486
270 827
895 1444
343 1571
839 735
875 1325
264 71
1492 1557
708 1348
502 1425
1480 1693
367 924
1535 2003
409 1816
191 1343
753 372
578 1103
1507 1223
76 1444
1912 1952
453 802
1019 424
974 763
528 1893
1161 1927
437 152
1255 1754
1336 1502
1696 446
1086 572
727 1736
1526 198
1167 1519
1632 440
487 1027
246 866
1226 254
364 1141
1850 1433
233 469
313 1912
1340 1965
1093 499
1370 1890
994 388
1626 732
971 83
784 1957
60 476
35 313
519 1234
1494 1173
566 1761
1458 1752
386 1300
576 1945
864 1205
1341 1761
243 187
575 1703
374 1122
1687 875
1701 1337
100 1037
742 1719
1618 1520
697 1075
696 1189
14 1572
333 1690
1163 1704
722 357
1194 1566
1613 1395
1420 1730
942 1742
1329 1415
1551 882
930 1478
423 1956
945 167
1184 968
1461 1864
1446 1420
220 719
1421 333
651 1057
598 1851
1247 779
175 1902
1175 837
651 235
1218 128
509 1981
252 1477
1801 458
1398 534
1928 1926
1930 922
437 1386
776 1946
1103 1179
457 1942
323 1988
1132 1736
1162 1731
1438 918
1020 414
1078 556
1548 1487
1206 1186
318 1539
1687 1862
1895 431
1303 1045
519 46
1929 1692
357 608
363 756
1894 1692
471 1118
1450 1076
633 776
669 1755
1860 95
1272 403
1157 1210
559 819
106 184
752 199
1325 1460
481 1338
1062 1731
1670 869
345 1075
1238 903
915 1645
1610 574
332 132
1090 691
541 765
970 1566
1842 12
1276 382
1875 1167
1695 605
1659 207
79 128
1887 221
1861 1640
1037 246
1013 875
167 1942
1453 1084
1091 1799
87 1419
1928 995
1920 1730
867 933
1185 1441
733 1218
1379 1210
1570 710
492 1292
994 1630
1544 668
937 116
1001 1070
1878 1738
408 1854
1424 69
1487 653
1640 956
806 1951
151 1801
372 552
476 1717
433 1626
1606 1290
751 1393
327 253
1066 885
929 652
1079 1572
308 1171
1234 587
1182 588
690 99
796 1631
107 609
287 1202
837 987
811 1892
741 1733
1334 662
420 1644
314 1465
1051 1270
922 991
995 1549
1540 1278
619 1602
362 741
372 661
1133 1239
531 1708
907 753
1645 1076
426 849
293 805
85 869
451 954
746 200
1269 1775
1473 634
201 447
1827 200
127 1064
1144 1925
963 678
1236 1555
220 540
953 509
1017 1955
776 412
999 1225
1368 398
810 1352
297 334
1346 960
1907 1113
1239 339
435 671
1164 1170
1 1291
674 202
1775 706
1008 1615
1435 16
1729 318
1710 852
1047 570
310 1975
1227 731
204 22
530 1106
43 1504
1715 1434
569 1261
1628 1918
1005 554
1159 304
537 887
761 422
815 640
1328 854
1146 1817
295 1527
1101 739
1360 1322
665 1212
494 654
683 1272
1429 314
705 571
46 1465
387 891
274 1365
995 1103
829 1561
1395 1265
1016 489
362 1326
1560 308
987 1791
1766 310
119 1825
1803 165
1591 1352
1302 1184
705 1271
579 1707
1249 1559
680 558
1204 1474
976 854
781 890
606 543
1443 1784
1859 389
133 859
1331 1754
1378 1243
404 1069
1467 391
1698 446
1348 688
128 208
132 123
1529 1560
438 177
1883 54
733 1776
363 480
787 868
1229 1980
1690 283
409 1684
630 1605
78 178
1261 694
72 1627
139 1424
1574 803
1743 267
723 18
1019 1489
1580 447
862 152
1474 838
125 1595
1338 918
236 1473
1600 286
1018 818
1801 1935
1757 374
1146 1333
1623 1295
1191 903
812 1020
1461 1463
1846 986
642 1887
978 1174
1235 753
926 351
38 478
218 1915
1924 969
469 983
1515 985
245 439
303 246
1092 346
497 89
1117 1247
1925 524
1041 1565
1446 411
974 567
147 804
185 1798
1758 1908
142 1949
260 1595
1368 987
899 636
114 193
38 1885
177 505
849 619
487 551
907 934
1316 974
1472 946
432 129
558 336
81 1074
144 844
614 986
114 127
134 1398
268 289
746 1736
1715 100
731 1512
347 621
553 1539
1749 679
870 21
112 242
1404 490
1663 1057
1194 1251
1887 1932
1424 356
902 208
475 1169
1321 1880
1179 1591
569 1370
1849 493
1295 1733
1733 214
275 119
320 1539
847 1093
510 357
1854 1962
472 1261
612 1541
444 404
664 23
888 383
522 807
1875 25
895 445
1334 141
1903 1253
1287 118
1170 1649
1646 1031
822 613
998 591
1385 1189
1745 636
370 1839
1715 1646
115 818
362 1971
605 698
351 1338
1171 998
616 1313
1339 208
1149 1184
923 630
1116 1938
1931 1682
1880 643
200 416
808 1379
1629 988
1116 31
758 1690
1713 575
135 1355
1519 787
798 2001
251 1279
345 1516
102 2
1438 530
140 1704
724 1770
1160 330
1142 1499
1758 1115
1552 28
797 879
443 1626
1202 510
194 62
1437 377
233 1688
187 603
633 1825
824 895
1533 1746
1789 1383
1319 1329
1790 390
161 604
58 253
1437 211
334 1154
385 1354
81 71
83 1353
1211 281
922 239
164 723
589 912
319 1112
224 109
135 162
1257 1525
524 1576
116 66
1249 81
185 604
1034 197
1092 568
782 1605
1443 961
1341 1802
1098 569
1380 763
1228 1115
1320 1070
290 850
1622 78
14 1540
92 95
339 529
1055 911
1151 29
1883 1410
67 1819
815 1230
1246 1973
22 915
670 1219
650 1027
1621 11
1557 1820
266 2005
909 750
725 344
638 680
1359 235
797 526
1714 1556
993 1556
699 1559
1254 405
95 110
489 987
960 1769
1929 1320
1587 1192
535 1869
1388 1810
1460 332
486 1650
788 285
1416 853
582 194
835 1501
1295 213
76 433
1915 1559
817 97
955 825
758 1949
1511 1405
1027 1391
1476 1556
1156 1254
1785 340
933 1945
1365 1381
887 1172
442 1307
1293 1068
1122 218
525 1048
1433 864
831 135
855 628
1365 1866
549 910
804 1013
810 1854
1020 1299
1123 1974
1738 1666
1315 653
37 1700
1680 988
756 1467
1445 1658
1588 304
1864 1194
1874 1061
1080 1637
805 1272
762 1279
930 1989
941 204
1079 393
380 972
1564 820
1128 419
1053 1227
673 687
715 1367
952 1707
1897 2012
1658 964
1760 916
803 950
1596 1327
1777 1068
666 1718
46 1558
1855 536
562 655
1662 960
505 469
1612 1356
20 392
1343 1729
1678 692
1302 564
1740 1148
495 233
1555 1835
972 1403
1808 797
386 433
151 1903
1886 261
1624 519
1103 1345
933 31
978 1884
1576 1287
1106 1358
365 1709
1557 349
1001 932
939 1099
726 1022
700 870
982 865
993 183
1105 142
79 1164
814 1878
1782 1369
721 1537
1926 1207
1640 1294
1479 691
1056 1138
545 48
1908 710
918 1749
835 1381
1780 1409
743 1066
91 917
250 1188
1223 1242
1523 1885
117 1152
130 756
1859 664
409 1168
1793 1688
321 1199
1386 474
944 1546
1503 1118
1218 906
665 359
843 1310
877 620
1825 413
268 372
3 98
1734 1661
143 1937
277 542
534 256
883 1256
1925 1317
1677 774
330 69
1428 1756
415 493
583 1433
1534 146
804 20
1428 1469
1344 1658
1747 723
1901 819
501 1688
1743 1912
1470 1089
1646 1544
1623 362
87 1117
1906 1271
1280 13
1194 1575
802 1917
461 1684
151 1062
729 168
1122 816
833 1632
1086 1814
1422 168
1797 1164
356 1532
890 1174
1806 223
913 998
1758 1067
1817 1196
475 1035
1781 88
1830 1115
1730 589
89 358
1731 639
970 2002
1000 1750
1674 658
1729 1856
872 1580
203 367
1191 757
1279 1943
162 172
1886 706
363 1871
879 1106
1330 1351
1711 593
1751 1456
260 186
422 475
1794 1227
1532 1935
1171 1106
1775 837
1265 1510
257 1276
619 811
238 421
897 906
236 798
1147 244
793 1142
189 940
348 1196
680 1381
1234 1704
1700 92
1768 1212
852 299
870 1906
756 1587
836 1047
554 522
1131 787
1375 1566
1511 1030
1343 1908
556 1691
1401 1525
929 800
723 1623
1285 79
45 1720
1420 1400
42 34
463 586
1673 1206
560 1415
540 976
1670 1788
920 800
533 726
5 1775
1828 1790
98 172
772 1216
82 112
702 889
1067 1911
1082 1922
445 907
1623 1282
838 1808
1610 832
1391 1685
1144 1543
1756 1916
447 1609
695 1340
961 1863
1477 1072
1544 1677
1379 1568
493 668
1917 982
1590 6
172 198
1755 103
475 436
1490 1919
732 925
601 697
1274 1799
871 38
1326 637
1049 1114
1664 1207
1465 1340
814 744
729 63
974 29
318 364
607 1785
314 1210
288 1564
1384 1704
1112 523
1125 1555
1531 1934
1206 60
722 136
733 970
1008 971
849 1524
1847 1418
36 1386
1468 834
492 182
1563 1807
1134 391
334 102
1724 1628
919 1614
1104 1830
638 56
278 391
1898 1211
1600 942
1486 602
749 177
67 2001
59 443
1467 1929

Point Cloud 1168:
54 928
264 709
248 643
230 607
282 662
277 585
206 866
236 777
263 881
337 617
344 820
433 795
592 2018
1535 234
1612 1389
1629 1387
1692 1443
1722 1535
1706 1529
1643 1311
1814 1375
1741 1386
1725 1363
1787 1485
1833 1399

Point Cloud 1169:
68 902
291 638
181 674
246 696
246 591
272 621
207 800
209 746
265 881
314 612
342 818
381 810
570 2014
623 2018
1370 266
1656 1433
1584 1418
1701 1557
1879 1437
1685 1343
1748 1374
1739 1276
1681 1324
1677 1451
1739 1523
1824 1512

Point Cloud 1170:
37 933
253 624
276 740
275 734
224 684
245 696
198 630
220 640
220 678
213 849
214 803
307 886
474 1518
585 2007
1191 167
1633 1405
1721 1372
1655 1332
1654 1365
1722 1328
1645 1382
1818 1387
1697 1540
1705 1497
1763 1500
1824 1487

Point Cloud 1171:
60 910
233 797
293 614
282 607
182 669
200 705
161 685
186 675
306 813
332 1458
299 878
294 886
328 781
1078 121
1801 1376
1743 1291
1678 1351
1650 1455
1640 1428
1743 1352
1737 1373
1737 1523
1676 1447
1748 1507
1793 1471

Point Cloud 1172:
40 881
155 1499
233 650
212 765
211 780
227 633
232 691
256 705
217 843
292 792
307 878
345 687
411 914
1081 144
1617 1468
1650 1404
1623 1548
1643 1311
1822 1457
1808 1500
1882 1433
1760 1309
1737 1342

Point Cloud 1173:
70 1533
49 914
154 678
216 838
221 798
241 626
293 698
234 667
269 712
325 1043
334 873
406 832
957 161
1660 1393
1666 1442
1644 1521
1660 1341
1782 1334
1693 1379
1763 1484
1821 1504
1854 1422

Point Cloud 1174:
69 1574
36 944
149 698
329 632
280 647
341 640
218 633
231 768
251 1185
307 737
346 839
413 874
829 150
1606 1415
1623 1470
1617 1554
1741 1283
1708 1366
1746 1299
1645 1318
1806 1490
1785 1497
1871 1431

Point Cloud 1175:
23 1619
43 902
213 645
158 659
205 841
209 767
306 749
286 606
324 655
324 888
317 1336
370 550
414 988
662 252
1650 1407
1623 1448
1737 1289
1637 1431
1644 1400
1815 1341
1889 1415
1631 1534
1669 1486
1695 1498
1807 1491
1691 1556

Point Cloud 1176:
59 950
183 663
198 838
255 721
285 645
263 645
283 757
332 880
322 1512
340 566
403 978
540 316
1639 1459
1645 1445
1658 1528
1742 1348
1735 1346
1871 1427
1807 1387
1873 1439
1686 1476
1821 1503
1693 1555

Point Cloud 1177:
679 1780
1320 1257
965 312
1485 1618
716 217
1809 1990
844 618
1374 1355
50 199
456 1408
1904 1719
1282 6
1754 277
840 78
875 503
909 261
528 64
1510 1431
1291 1068
773 1050
1654 1475
738 285
1641 652
1512 1398
1722 1845
578 1662
679 1877
1728 1721
1589 367
699 8
1506 1206
1346 1492
1544 369
1009 2005
778 1645
1285 88
955 449
1926 557
769 895
1458 1105
454 622
1878 1404
344 1564
787 33
1498 1161
86 155
190 1008
1442 1674
1729 307
298 11
1286 1368
1691 692
779 883
463 1523
1651 1712
1321 1295
1032 1867
416 1277
1071 753
870 1387
1815 601
1199 1316
682 1243
149 575
1244 749
193 1593
1620 388
210 657
1149 1488
130 1216
1409 1196
17 403
432 1055
461 1719
1153 681
1407 268
1630 37
285 1634
1668 1765
1203 683
230 608
923 1173
192 309
811 1772
1317 1197
139 355
546 1778
235 579
1319 1196
1754 819
556 106
924 1235
1113 1591
1114 376
163 1062
21 365
1424 746
768 706
645 1511
1128 1255
1213 954
780 669
1837 760
1872 241
811 792
1081 1430
208 609
64 1809
1830 1761
1541 381
1395 1800
748 406
278 1638
1194 1216
112 1739
474 1761
1550 1109
148 283
1065 1953
1846 166
751 1316
1859 772
1214 777
1221 1992
415 592
1189 1288
726 1518
502 626
1532 179
1580 648
1188 1215
1411 1849
462 656
1085 1322
1669 1683
772 646
876 677
1482 522
959 1076
1887 1972
1475 1299
1374 838
1051 1810
683 161
855 566
592 548
1094 1639
1120 654
1695 1262
378 436
336 64
1246 163
1634 1348
789 241
462 843
538 1975
588 589
1847 1532
1259 1370
1007 1362
1220 483
878 964
625 432
1597 942
1584 749
450 90
650 1978
18 1553
777 642
581 163
563 466
649 1431
789 651
1693 150
1061 192
1091 55
1382 1848
1320 842
1152 1021
1758 1711
1044 1951
830 889
648 1058
1697 1710
1688 1413
644 1876
1231 954
1795 644
1890 697
1928 834
573 1207
982 1936
1101 1733
105 212
1777 540
1631 828
254 95
560 1859
186 213
1434 1404
1876 502
1671 87
237 148
1015 556
108 1679
1025 1048
1468 1244
1314 1609
1494 1470
1570 1216
387 914
1787 1200
695 213
1709 321
834 233
259 942
1714 1391
1887 1154
1150 296
1667 1035
68 819
700 556
81 1354
871 1706
1105 1247
277 1760
962 249
1924 456
197 826
754 80
256 281
804 975
340 627
317 1965
178 1217
1026 258
639 558
1848 327
907 316
624 785
1651 149
1744 761
950 17
595 1369
48 200
1079 1996
79 6
845 1532
1293 5
1794 816
1907 1971
1107 705
1553 1987
1722 1740
1166 510
1301 851
765 1760
1860 637
1803 640
26 490
1889 1106
1087 379
93 787
555 1319
1067 1747
44 1602
376 1578
1351 721
1899 358
1178 1391
1008 1213
1102 1712
1837 1136
490 1184
323 881
153 937
29 1550
1636 1785
394 1602
585 89
1846 901
11 1802
1259 53
290 539
1691 1959
798 602
1388 504
971 1877
1202 883
1541 1153
1246 1473
638 939
809 640
714 1305
208 1442
445 724
852 145
1490 609
704 700
1801 1748
1575 270
710 1211
1637 1770
1223 1233
1464 1490
1604 1295
319 1982
1305 30
529 269
1861 0
837 569
287 611
815 1850
1485 1273
143 268
515 1814
1063 2
1853 267
1352 803
611 519
1762 1252
320 1524
1929 598
1129 1833
902 810
320 1835
1480 1621
37 794
1886 1640
407 1679
230 1135
60 1460
548 807
643 1618
219 680
1455 1037
1841 1469
597 356
585 1755
80 2004
782 725
1094 669
1906 1944
1590 807
535 429
524 535
1032 1492
1883 1408
219 1413
1904 796
1727 254
1624 481
1018 619
1439 1035
1837 1806
565 1892
1770 524
512 1571
359 1930
1279 1367
1915 842
1740 1964
1123 896
829 52
374 958
272 1653
898 1667
1000 485
393 1522
1806 2
126 818
1853 1780
961 849
1302 1112
237 579
1397 1066
214 789
1859 799
73 285
800 1575
1768 508
723 1594
1747 1305
1053 1305
717 140
156 1700
388 258
11 1996
1608 638
1173 1059
1400 93
1107 477
944 977
1451 676
1602 704
219 1931
1632 1816
1348 901
1785 1565
1474 1619
1802 714
483 1408
1653 1324
819 1469
1452 15
662 457
1300 1388
908 817
1350 737
718 618
1437 921
553 1545
1066 1689
1517 1041
1023 860
1347 1213
213 342
938 1726
1242 1184
1560 1714
1051 307
6 1573
1502 1642
427 488
1186 471
1903 892
359 2006
1568 1557
982 476
1441 489
394 86
1900 626
566 1186
365 752
1871 677
515 752
433 582
669 1570
875 1512
971 713
672 143
150 80
378 1065
1732 1189
77 948
1345 479
1388 1540
1531 1477
1606 1204
797 726
338 1221
1897 1268
477 351
1240 535
1375 419
1807 1516
1669 1440
1853 1607
48 617
777 836
846 1969
1301 434
630 1871
1528 422
1108 1351
1563 198
561 768
224 139
457 1270
1831 205
840 888
249 1131
395 21
1584 1792
352 2003
1292 16
1283 1467
175 269
342 819
574 1017
801 1979
311 1308
191 1862
1871 466
683 1956
727 1115
7 933
1659 1556
1372 49
964 903
1582 751
2 541
1591 168
826 1367
320 532
115 83
1247 628
1629 1986
1425 574
1607 1692
775 70
1345 228
556 1523
1229 1289
831 205
557 1876
1400 683
1117 243
348 963
267 1296
578 1084
50 722
622 991
1721 1202
590 2011
1831 1822
966 1458
1765 1459
836 1270
97 102
110 1311
1671 1590
310 645
947 322
276 379
1533 201
20 805
1411 282
725 889
1853 65
1884 1785
298 711
1034 1823
80 80
1348 115
910 80
1215 195
897 1213
306 61
1019 472
971 1192
415 1829
547 551
287 1501
420 315
1442 1975
825 489
141 1077
1155 1698
655 992
259 1552
639 19
1289 2004
1048 588
639 1905
1354 1380
1761 933
797 854
1891 625
1756 434
1785 223
172 972
1042 1759
40 846
642 738
1932 1719
60 1073
1692 1545
1374 1909
536 203
1207 1697
1066 1374
1396 881
1468 50
1580 1116
576 1772
1539 1701
679 1910
1411 1201
762 1368
1014 1349
1902 1762
363 1609
1288 1247
1816 645
838 597
338 1339
286 1584
639 573
1494 1020
1142 755
863 541
705 1242
1906 504
1499 1937
812 1479
83 1189
1400 726
235 119
1321 960
1106 1034
1344 990
1774 1263
645 504
1667 1619
1562 1148
1692 173
59 1921
1347 1059
1495 397
734 1798
1606 575
655 749
1357 186
1137 227
397 1822
1558 457
43 1743
504 123
1543 692
1800 1639
1468 592
474 339
863 1142
1752 1645
6 621
1221 1393
846 229
333 1605
1419 136
588 1533
563 529
1285 486
1580 147
1093 288
1556 159
1413 1904
75 1866
1344 1606
1756 1494
830 514
1086 1532
1024 601
972 1083
1629 607
703 731
1576 2004
1560 1065
1592 1403
1634 734
1466 1873
688 89
17 1923
165 292
731 1864
259 1171
1249 1503
760 1423
930 294
516 180
1842 380
1162 1312
1921 1183
994 1308
1679 1454
1733 1841
727 1076
730 703
1447 1663
597 943
1376 23
1289 1688
1343 305
1066 1746
1593 457
1216 800
1666 514
55 1890
1539 974
29 1535
1548 281
259 79
1485 1933
1113 1410
1198 1258
28 336
1030 1857
974 1481
1030 466
780 261
1620 1606
993 1411
1117 821
827 1331
1110 153
749 908
364 422
764 1258
1603 1303
1005 1716
14 950
532 1381
596 990
1224 1474
1267 1975
1522 121
1419 142
1865 884
722 583
1788 1483
788 722
1918 1422
415 22
356 1846
138 120
1130 1303
928 786
491 461
952 418
1080 1654
1683 364
1351 1085
517 61
1551 522
1441 449
772 853
1092 500
789 901
1610 800
925 585
1620 1630
1469 1937
848 1412
388 290
1243 1268
1603 1889
1372 1293
1555 519
344 1142
584 1764
1494 1269
1848 897
820 1109
1913 1257
1020 85
489 1521
444 1206
1136 1643
1812 2009
915 500
1831 1121
1303 8
966 1059
1099 264
1350 1944
367 374
1399 291
402 20
1174 724
194 17
1703 191
1544 1898
692 1090
1734 1866
964 454
414 472
1227 478
1738 442
828 1970
1790 194
344 364
1772 412
1473 86
1914 38
1753 1127
1380 1380
329 1999
514 774
1130 349
1425 641
1305 1638
1040 673
1353 1007
623 769
1221 1005
537 391
974 1179
1491 164
896 1239
799 1658
1359 1630
1930 1674
521 610
1303 858
1810 1503
1304 838
1323 1433
519 1451
588 958
756 1863
574 644
267 706
210 1563
1511 1976
837 1964
1506 1560
1054 1335
284 1827
738 850
316 343
1281 948
970 1709
290 199
1134 1276
938 20
320 1317
518 258
1218 1922
501 1164
696 691
1812 943
1606 1
1895 485
1093 483
1207 153
963 1082
1443 487
197 373
98 1596
1219 551
719 78
682 1351
1667 973
1033 1687
885 1235
834 870
1900 1267
1805 329
433 492
872 1136
579 727
810 758
39 1863
195 1996
174 242
489 518
215 1662
1571 539
291 367
92 1581
1522 556
501 606
3 1139
1324 1722
64 114
1063 223
1764 1495
1419 416
370 1150
1409 157
552 2009
849 869
1484 1147
1517 589
269 322
1651 207
693 1663
1352 935
1647 741
1366 572
179 1723
1900 197
709 14
404 1694
839 1449
1013 1595
873 87
609 307
1477 2007
953 224
54 1307
1023 690
716 1856
678 1594
908 1545
308 1439
1048 543
1477 736
1701 1663
1442 466
1345 1634
97 1118
205 1213
1722 897
1084 667
1096 1327
1283 1933
1126 1003
387 1377
1551 1492
128 1748
1606 1876
281 160
1007 412
1593 113
1895 770
1833 141
307 1739
40 1321
1513 380
739 325
1758 1151
657 1496
638 445
1880 805
430 887
1627 40
907 1496
950 896
1038 1934
1337 714
591 516
768 1555
1464 684
1411 677
487 1640
1307 1625
1431 835
1168 1222
1807 1539
904 91
925 1521
633 261
1499 6
1427 684
901 304
1910 1098
1538 1460
1727 345
21 1497
1111 1084
1612 851
1836 1969
1557 553
1196 1820
1133 1970
578 691
109 315
777 1900
1345 1366
1851 1674
1580 1292
1404 666
1522 1795
1772 285
337 832
1372 1408
1571 1350
586 1710
1420 1435
1250 1480
1238 484
1612 1719
181 1053
1887 1374
467 964
1088 963
836 703
1691 1175
506 1901
1147 1549
1671 1839
1431 1128
1220 1536
1784 1838
1360 1946
389 1696
1288 1761
85 1977
193 1575
975 502
1435 209
1569 783
320 1036
550 1544
1758 301
1618 1235
223 1211
1482 1377
666 1259
710 1731
1064 1683
1442 1633
973 1819
704 369
919 1467
527 362
1057 124
78 2011
1767 686
1658 1431
1278 1544
1743 926
455 1456
540 300
168 9
635 1775
862 2013
42 892
362 970
1103 1378
297 790
1456 34
1647 457
1347 452
74 1552
651 896
621 1870
210 1498
706 523
637 1792
898 1830
1543 747
763 952
1258 1931
624 1822
588 1229
532 2012
1622 1489
593 1582
1258 14
1295 350
810 1406
1432 1079
1239 581
1061 290
1100 1978
1503 1187
297 1538
1140 1647
217 394
220 222
767 1487
1075 62
572 487
596 1401
625 627
1768 299
504 860
1622 1017
1176 732
895 1758
940 463
1436 883
1691 1917
1203 1440
1136 71
110 798
45 1296
632 1788
959 568
847 866
470 46
1419 507
64 159
111 883
146 514
1230 1858
1910 1710
633 1375
980 1836
1736 1030
1607 1548
1831 1095
878 1983
757 60
28 1124
160 577
1271 1242
1347 425
1262 815
32 1972
1854 1090
734 738
890 452
738 783
1581 1037
1229 336
897 216
1198 1557
25 482
1776 1893
518 871
1470 1972
1178 1015
809 125
950 1244
157 1928
803 1826
537 783
111 928
1312 28
141 1750
91 783
347 815
1457 1600
1802 294
731 1103
1571 274
1504 541
1884 1312
1237 1302
1300 28
1126 578
239 92
1916 411
1030 989
1882 1560
1334 1778
1618 896
480 603
976 970
770 1675
1159 907
48 960
25 1708
1034 1761
1467 1893
442 887
1010 837
1367 759
73 44
1812 1351
554 628
552 380
1745 1371
189 1735
1058 1521
1110 311
812 716
862 895
1394 870
1095 913
990 966
65 996
736 170
632 883
526 1118
419 4
1761 1514
427 1936
556 734
1806 823
1479 1241
424 209
1203 1235
993 1818
697 1995
1912 1902
1620 664
914 472
1103 928
319 34
1091 242
27 1007
768 1838
528 1643
1782 269
813 1286
1837 260
198 960
731 916
1134 1675
1621 415
316 1835
1237 397
1294 1938
465 611
336 458
704 1504
1033 1239
1188 1814
1876 1475
626 647
440 246
1595 1163
479 1101
841 838
826 727
547 375
337 154
492 1887
94 674
1617 642
1045 1823
897 1605
1653 653
345 753
286 1092
1357 1547
1548 1967
44 1259
1651 1800
1373 1336
32 192
1265 1970
448 1633
668 1300
908 1488
1524 1639
1524 98
804 10
773 347
110 699
644 265
932 1373
1340 304
1665 1858
746 1949
519 1803
1867 967
422 391
1710 790
672 1340
949 832
1551 1373
944 1335
1646 1117
101 1055
295 86
934 1267
698 1866
293 225
1311 233
423 492
313 1952
1791 952
701 1400
1763 883
1769 1353
181 1877
1803 755
1222 1546
929 1667
431 176
229 665
1524 1817
1578 349
1785 592
1198 1179
974 123
1773 722
635 677
779 218
1598 1775
231 856
1291 834
1686 570
1065 1835
408 1200
560 237
71 1886
231 472
167 1300
989 640
1660 1798
1066 1212
1053 924
484 1149
748 839
494 1261
1066 438
1602 354
1429 73
295 1694
1177 1331
304 1831
1710 94
39 839
858 1587
1730 1818
326 1357
379 1010
258 879
1215 1474
256 1117
1497 181
696 1769
829 438
857 442
1191 669
3 506
118 389
1692 1449
1023 1891
1795 1263
1284 1366
116 1831
318 723
1153 1540
1726 939
11 1063
80 1501
1576 1409
517 844
384 1519
389 257
194 326
188 778
1162 541
1370 1790
0 588
816 2009
1397 710
1784 1621
589 725
519 1016
1140 289
899 1616
610 1932
993 1121
1319 1938
1224 1416
36 788
282 985
1807 651
1550 1036
924 742
372 1877
254 1566
1401 1275
696 1376
1823 1662
1239 1791
1421 325
677 1036
1261 1483
1236 1889
205 1121
1792 907
1268 418
73 243
380 1186
645 1682
1210 781
893 1271
1182 96

Point Cloud 1178:
28 1640
54 925
141 678
270 799
203 790
277 710
297 691
283 601
339 859
337 1075
362 520
429 483
545 2003
777 1993
1626 1470
1743 1268
1693 1365
1730 1292
1623 1437
1793 1373
1796 1332
1736 1375
1644 1520
1824 1447
1742 1498
1719 1466
1707 1543

Point Cloud 1179:
7 1559
60 904
194 717
210 778
201 814
231 738
301 582
268 1117
317 680
316 878
363 477
386 604
600 2006
1739 1391
1790 1385
1618 1419
1815 1354
1663 1375
1715 1338
1843 1413
1763 1389
1635 1550
1678 1488
1707 1476
1726 1543
1818 1512

Point Cloud 1180:
41 1635
55 905
131 619
165 662
194 802
230 1173
250 723
257 587
310 703
360 846
380 449
395 736
1635 1372
1677 1321
1697 1329
1684 1342
1642 1533
1723 1534
1770 1485
1761 1500
1711 1333
1735 1377
1813 1379
1854 1434
1828 1487

Point Cloud 1181:
9 1585
48 943
128 650
174 666
188 687
185 1192
210 821
245 571
270 712
285 713
367 827
367 455
369 808
1643 1402
1642 1372
1662 1413
1603 1483
1612 1547
1769 1462
1745 1487
1716 1447
1723 1350
1723 1335
1727 1292
1821 1393
1816 1461

Point Cloud 1182:
40 893
123 1264
117 612
160 735
163 571
190 677
189 801
322 770
280 706
255 709
321 727
295 468
1679 1408
1770 1272
1839 1416
1719 1316
1681 1409
1647 1364
1838 1405
1648 1543
1737 1505
1731 1414
1726 1447
1827 1460

Point Cloud 1183:
14 1503
51 898
72 1296
115 657
162 683
171 571
226 671
186 851
282 691
291 480
289 856
306 706
314 869
1676 1352
1717 1485
1657 1388
1833 1477
1733 1274
1756 1477
1692 1348
1702 1378
1687 1356
1651 1518
1805 1325
1892 1428
1775 1322

Point Cloud 1184:
21 1546
50 1321
54 933
159 712
121 617
172 567
181 996
205 823
168 631
261 504
278 704
315 810
331 868
1762 1466
1641 1398
1773 1470
1663 1318
1714 1494
1675 1384
1820 1464
1628 1431
1631 1534
1838 1302
1818 1310
1833 1318

Point Cloud 1185:
7 1402
0 1592
17 1638
44 920
85 1138
108 588
155 734
183 774
187 568
229 673
243 532
244 706
331 801
334 870
1594 1463
1808 1452
1686 1398
1691 1349
1618 1421
1709 1441
1771 1484
1632 1386
1618 1553
1769 1356
1827 1281
1819 1423

Point Cloud 1186:
36 1552
30 1539
62 916
66 1331
137 613
114 670
183 821
180 564
188 624
247 516
263 759
327 807
351 839
1670 1357
1773 1296
1792 1368
1851 1426
1766 1363
1588 1472
1729 1396
1789 1316
1828 1476
1712 1434
1738 1320
1737 1421
1820 1484
1627 1529

Point Cloud 1187:
4 1552
48 1535
48 885
75 1422
136 646
116 725
184 591
170 777
200 684
246 731
272 485
333 822
336 858
1815 1352
1740 1426
1644 1426
1617 1420
1718 1303
1701 1395
1853 1406
1807 1350
1752 1360
1737 1456
1780 1390
1680 1376
1632 1556
1798 1514

Point Cloud 1188:
27 1628
50 939
82 639
106 1513
125 640
238 703
264 506
174 576
165 795
307 782
337 852
1806 1385
1714 1300
1859 1415
1695 1422
1711 1396
1782 1325
1670 1451
1700 1394
1727 1408
1693 1295
1818 1361
1603 1555
1791 1511

Point Cloud 1189:
34 1591
38 1610
63 923
78 644
140 663
230 541
164 604
164 1707
181 796
245 687
186 626
301 785
366 820
1759 1417
1617 1377
1683 1392
1585 1476
1694 1361
1781 1413
1757 1335
1775 1402
1665 1430
1599 1369
1629 1544
1824 1475
1889 1415

Point Cloud 1190:
24 531
24 1510
40 891
90 1547
66 1847
126 722
179 644
170 619
198 656
252 745
208 761
299 821
339 862
1670 1333
1685 1354
1666 1354
1675 1333
1628 1443
1660 1351
1662 1433
1644 1413
1646 1455
1829 1403
1656 1522
1788 1513

Point Cloud 1191:
20 1435
80 794
45 945
78 1561
152 609
199 615
197 662
217 672
199 774
299 820
343 866
722 1985
1705 1298
1674 1351
1610 1373
1735 1357
1720 1350
1646 1432
1724 1338
1642 1402
1768 1418
1668 1363
1640 1542
1789 1513

Point Cloud 1192:
18 834
12 1443
63 920
63 1582
129 695
231 738
211 714
187 793
194 598
310 753
366 824
695 2010
1633 1388
1778 1442
1681 1366
1631 1444
1672 1407
1727 1428
1647 1328
1736 1353
1658 1442
1610 1560
1819 1504
1831 1400

Point Cloud 1193:
59 940
42 1595
150 698
160 1669
171 772
198 756
219 730
200 594
360 807
344 850
712 1993
1717 1382
1720 1314
1591 1310
1653 1297
1727 1421
1757 1442
1644 1383
1633 1461
1625 1545
1792 1388
1859 1428
1791 1515

Point Cloud 1194:
59 1574
49 878
141 675
200 586
201 656
200 666
251 777
344 771
356 835
1590 1313
1692 1381
1636 1469
1648 1356
1705 1427
1814 1510
1794 1443
1684 1367
1592 1386
1660 1527
1798 1388
1889 1444

Point Cloud 1195:
63 1558
44 943
143 703
227 570
183 647
177 641
219 792
338 783
392 808
443 1990
650 1983
1502 1308
1727 1307
1594 1474
1628 1428
1774 1397
1803 1382
1757 1369
1754 1356
1709 1354
1652 1420
1589 1390
1622 1540
1806 1511

Point Cloud 1196:
24 315
6 1072
52 1582
59 896
140 683
200 686
207 709
219 772
372 778
385 840
515 2008
654 1972
1475 1314
1681 1403
1630 1408
1709 1389
1709 1423
1639 1382
1658 1356
1677 1403
1643 1530
1792 1332
1883 1436
1811 1481

Point Cloud 1197:
16 325
55 1571
54 904
62 1106
120 730
192 751
225 757
203 663
226 613
404 772
371 813
531 1971
1469 1306
1649 1434
1593 1382
1707 1369
1675 1405
1724 1305
1662 1390
1669 1435
1622 1556
1792 1342
1782 1336
1823 1450

Point Cloud 1198:
3 360
66 1568
46 904
138 673
166 1178
248 708
212 727
252 695
228 543
362 782
565 1963
1411 1337
1439 1521
1598 1391
1720 1299
1727 1436
1748 1423
1634 1390
1709 1421
1628 1453
1654 1532
1878 1426
1812 1512

Point Cloud 1199:
14 1618
57 939
117 1257
119 682
171 600
197 692
224 685
231 684
353 845
608 1949
1277 1333
1696 1331
1621 1386
1659 1430
1770 1409
1714 1308
1673 1344
1680 1414
1780 1345
1824 1450

Point Cloud 1200:
83 1574
49 887
160 620
226 758
262 775
132 697
203 669
347 769
1235 1374
1717 1319
1689 1383
1664 1465
1731 1416
1678 1395
1649 1452
1836 1259
1835 1410
1805 1477

Point Cloud 1201:
52 359
12 628
31 1617
41 929
241 746
189 729
260 690
261 796
414 778
609 1961
1143 1399
1641 1477
1718 1423
1613 1408
1730 1324
1625 1447
1615 1467
1688 1407
1625 1557
1854 1403
1848 1402
1854 1425
1813 1481

Point Cloud 1202:
51 641
12 408
60 1577
51 895
143 720
175 668
223 751
274 803
387 815
629 1977
821 2000
1057 1441
1609 1444
1737 1350
1588 1382
1734 1397
1690 1434
1629 1448
1689 1352
1614 1556
1828 1416
1854 1445
1808 1351
1804 1476

Point Cloud 1203:
14 424
15 620
0 1630
47 878
146 722
116 701
189 673
300 793
411 816
387 773
630 1981
1025 1494
1700 1430
1830 1395
1738 1381
1634 1467
1722 1352
1691 1310
1777 1375
1792 1325
1617 1483
1676 1401
1691 1352
1643 1533
1800 1509

Point Cloud 1204:
27 452
55 635
82 1566
48 921
191 720
201 714
212 672
276 802
344 840
382 756
644 1979
1061 1502
1739 1440
1676 1336
1597 1391
1773 1326
1742 1412
1700 1340
1741 1445
1656 1367
1796 1359
1745 1329
1660 1535
1818 1467
1850 1389

Point Cloud 1205:
33 454
27 677
43 947
105 1525
133 1728
146 708
156 736
216 720
256 793
425 802
636 1960
1126 1574
1636 1538
1596 1380
1815 1366
1802 1380
1656 1480
1660 1442
1687 1358
1613 1422
1652 1354
1706 1426
1799 1457
1886 1417

Point Cloud 1206:
11 757
35 902
65 580
118 1516
157 757
217 636
239 764
264 1879
319 798
442 781
499 1998
595 1974
1106 2013
1123 1608
1787 1384
1729 1401
1692 1430
1680 1522
1604 1446
1720 1365
1691 1497
1732 1412
1754 1373
1768 1351
1801 1509
1838 1430

Point Cloud 1207:
18 855
37 902
37 1430
122 555
152 761
198 660
235 735
336 805
1092 1996
1114 1652
1583 1561
1690 1369
1781 1405
1776 1376
1654 1385
1778 1359
1775 1381
1803 1363
1687 1409
1825 1491
1850 1411

Point Cloud 1208:
49 889
107 631
132 770
209 634
240 774
317 808
402 813
1627 1551
1708 1401
1791 1376
1702 1355
1783 1335
1745 1391
1757 1393
1806 1356
1697 1336
1677 1528
1649 1485

Point Cloud 1209:
29 671
13 925
53 882
180 738
196 689
195 749
365 790
406 827
491 2016
583 1949
952 1695
1728 1413
1576 1556
1640 1453
1692 1363
1689 1409
1676 1432
1679 1339
1667 1391
1774 1428
1821 1418
1779 1319
1806 1450

Point Cloud 1210:
6 1057
56 888
109 755
189 690
251 778
341 810
408 832
410 756
583 1995
613 1977
837 1717
1294 1982
1661 1400
1882 1443
1631 1529
1717 1431
1671 1511
1667 1388
1624 1448
1635 1414
1629 1466
1685 1380
1635 1501
1708 1433
1622 1501

Point Cloud 1211:
62 926
100 786
146 1147
203 684
189 670
347 795
411 809
441 733
548 1963
544 1980
807 1733
1335 1989
1537 1980
1613 1402
1653 1538
1626 1448
1690 1441
1812 1474
1767 1401
1623 1489
1705 1502
1659 1380
1666 1417
1664 1401
1795 1345
1863 1409

Point Cloud 1212:
28 537
57 893
82 753
143 1201
226 759
191 702
394 767
325 800
431 823
561 1950
558 1992
588 1940
736 1789
1358 28
1699 1497
1623 1490
1821 1464
1576 1554
1815 1489
1775 1492
1799 1501
1747 1406
1610 1387
1635 1381
1703 1358
1661 1545
1584 1999
1800 1353

Point Cloud 1213:
55 946
103 592
84 1315
103 776
203 737
383 784
407 776
414 824
623 1999
1606 1547
1718 1358
1677 1441
1748 1321
1615 1463
1669 1383
1639 1398
1806 1480
1826 1421

Point Cloud 1214:
46 1388
58 924
93 644
165 770
232 775
298 800
416 752
423 776
593 1980
602 1961
1646 1532
1615 1473
1728 1394
1711 1432
1644 1468
1700 1346
1725 1363
1807 1353
1788 1484
1864 1431

Point Cloud 1215:
193 897
780 874
1235 1937
400 745
1330 1648
1716 1164
850 1830
635 947
454 1439
1573 673
886 565
1090 1809
1234 1473
703 396
792 1860
869 1541
271 1464
579 560
137 79
656 1303
1169 1522
739 147
285 1736
925 1337
542 882
723 1204
1101 1681
110 26
1408 1289
679 998
1042 868
1031 565
89 165
669 911
436 1840
232 377
1928 1224
854 1379
1827 696
861 672
875 853
1595 519
1617 773
610 1683
1542 1591
1762 1289
591 742
395 1122
1828 1352
673 1341
1303 494
953 1571
332 726
324 1374
617 1381
1567 1414
945 444
50 1764
781 2008
874 375
976 1778
1769 239
408 489
659 238
452 628
1578 639
543 1345
300 768
680 1334
1753 1192
1281 781
198 1094
1113 318
764 1660
1159 1575
1729 1602
1587 1128
1733 1241
1848 1157
1845 714
1855 1028
836 1326
102 605
1531 132
512 897
1684 944
1048 859
977 1722
941 928
670 686
180 307
755 2004
1848 500
1848 538
20 744
39 761
165 861
633 1472
1715 914
675 276
664 1457
532 1074
1603 643
1532 695
1032 1951
1714 436
726 483
1835 434
839 1564
286 1785
1607 1180
184 1963
1481 1465
799 1062
1191 1454
1060 93
832 747
617 166
1630 209
374 845
1292 1232
1342 298
64 1584
91 496
436 1411
673 1950
812 644
1291 560
1145 357
1290 178
64 1815
1658 908
1138 1177
948 1050
312 959
1376 1664
651 360
644 376
1409 1134
1447 1949
1871 1276
323 315
945 627
260 1927
67 1470
1269 710
983 1838
244 934
245 553
78 1728
25 328
12 721
851 1329
65 1597
1498 1153
1625 1210
605 1487
472 1388
999 1927
775 1738
634 1684
803 121
1906 262
264 478
155 348
1242 1070
230 1535
520 807
1176 1617
1428 827
839 334
1773 379
536 453
1793 1294
799 226
1831 1386
1162 1008
445 1391
489 1959
1131 735
986 1214
1503 1092
1517 736
775 1005
1385 768
970 1725
1848 1408
1565 1382
1356 1843
531 803
1693 148
1765 704
1067 1532
1664 1097
527 177
1898 789
1643 1053
1337 1232
632 1654
1422 1460
450 123
270 438
290 314
660 1392
1847 518
1852 75
1139 745
1279 445
672 136
506 1976
1465 98
581 1117
1417 1620
983 337
1653 1395
931 1822
1467 1027
65 671
708 382
169 198
300 182
1378 871
674 1362
978 126
323 165
975 1694
1528 705
16 1670
1141 458
1492 760
1187 1940
1115 354
1567 1651
1835 1225
971 1924
1780 1479
296 1454
1556 958
482 1133
1612 214
504 715
868 339
1400 1467
715 663
980 831
160 1515
721 1487
1552 95
111 168
1581 1108
1416 26
1270 856
1748 1066
391 1910
1653 714
1724 1942
61 1339
1196 649
1831 626
169 1278
1845 946
1139 1765
163 930
317 1755
1816 621
1592 256
1545 1155
506 1043
271 90
1020 1683
668 1655
1760 9
1113 371
52 1887
1310 1396
151 124
2 1763
1805 366
997 676
270 1324
1779 633
1859 483
210 439
384 1054
177 166
110 1952
1065 187
62 426
493 209
1385 483
399 561
1637 1126
1245 1867
40 855
1653 560
1226 1603
1755 995
497 1522
345 1681
608 544
1153 1507
1094 1948
2 1886
331 920
643 1492
481 153
875 183
1019 1273
1687 1161
1606 706
1677 1128
284 978
1712 1968
1469 1549
149 1775
1570 822
524 87
1687 273
1789 1958
1569 923
1317 1348
618 431
260 135
1538 1877
359 1587
994 499
1022 1640
420 1439
1038 410
1536 1167
1672 1701
1623 881
124 1900
541 890
1000 1213
527 1942
636 312
523 1089
797 1944
888 530
975 664
1541 1763
1403 373
152 895
1639 910
1546 1709
620 165
87 779
441 1705
1119 1687
1182 48
1303 1457
373 293
1316 1641
804 1948
99 1498
1250 503
1119 1246
1858 680
1884 1730
1485 1322
632 1593
1177 454
761 1474
639 504
25 1944
1592 605
773 756
1103 105
1017 161
1839 914
667 966
1477 349
224 1746
1276 1466
1903 103
1139 658
1741 162
710 1630
290 1034
1918 1207
1867 111
530 929
376 330
1765 1367
587 1249
165 1708
658 170
1285 150
559 1969
330 1701
549 862
858 1733
184 960
263 187
152 1749
553 386
1296 1649
1684 1456
855 1309
1853 971
1825 2005
179 207
1340 1748
1571 475
492 207
709 1405
1157 1248
1815 109
1862 79
71 68
1321 203
1087 532
1492 1070
292 1875
1343 158
291 1335
106 1078
656 1548
915 1202
986 942
1339 1448
1592 753
139 940
150 1805
1443 1958
1326 1926
525 778
600 263
375 1067
226 2006
1268 734
1136 823
1453 144
1222 1359
545 197
765 462
1701 224
1434 158
851 1989
752 1260
1120 1793
357 638
836 1990
929 933
313 970
1898 69
422 1917
125 46
638 1556
713 1399
534 283
880 639
234 1924
1631 1013
917 40
427 151
99 893
1042 663
563 1275
1696 669
1019 1659
370 1441
1349 1951
1260 1243
733 1119
1644 973
1200 1356
286 1521
964 1694
519 1847
1609 1173
1287 1067
1273 770
1432 1745
152 210
18 1067
688 1090
328 1470
788 1367
1630 1749
1774 1267
838 356
938 533
1638 1655
666 1158
1012 1846
1802 1273
726 318
876 1876
1620 1289
72 961
847 1059
1235 5
1357 22
1294 1585
531 502
1509 619
1318 1263
1560 1638
422 1916
798 96
163 1604
1249 601
1841 1986
1430 1361
639 1578
1709 1793
1744 998
1351 426
252 1446
1864 866
740 1792
708 245
953 1337
808 352
1730 1181
1485 606
448 543
1741 995
1893 188
1057 1566
1395 1706
507 577
1836 1676
1190 911
1091 774
1089 1074
649 1799
1291 1875
758 544
512 132
1540 589
545 258
910 451
1806 367
1199 2000
1043 1936
468 2018
1015 1532
196 36
1679 1008
105 238
1358 835
1644 1737
1618 811
1560 270
879 597
1343 628
1906 408
1903 776
684 458
718 1965
1467 1056
1656 1022
1216 1830
434 116
1686 794
1234 463
1038 627
1351 1619
698 1562
450 817
514 733
1017 1149
717 638
9 1544
1626 1020
1236 953
632 1568
1436 1889
1158 1573
1610 383
1780 1884
1703 1404
1081 1614
848 959
1569 619
647 369
1746 322
1845 1774
1172 1402
1746 1210
16 1929
1146 153
1423 1211
213 999
1391 1809
29 1374
112 1748
52 4
1670 330
1260 1541
802 862
661 632
993 1453
1147 1050
992 1984
1898 1346
213 1367
1653 1372
1512 1103
313 464
1816 489
688 1240
1554 988
357 463
1560 1093
814 1183
1869 1096
251 1480
500 483
249 718
699 762
929 689
1213 2004
653 70
575 1264
692 830
1880 440
1052 860
1569 1126
70 1031
392 1364
1203 1960
900 740
957 1455
489 351
831 114
1025 1194
968 1702
1535 23
1625 1582
1371 978
400 1265
109 600
1544 1464
1608 1298
420 709
216 389
1330 1040
626 1035
1331 245
782 1544
1338 1614
1209 203
1413 413
873 1774
1091 408
533 676
1807 795
1119 589
1462 1805
67 359
1541 1396
421 277
524 1379
1865 1444
993 450
361 1694
1328 1949
1882 733
337 777
963 991
1621 1606
1789 132
1158 1590
189 221
922 2006
1234 898
494 1868
1846 464
1152 1292
488 182
1832 330
1557 842
1673 864
23 856
1166 256
39 1574
1778 685
1138 1133
1325 171
1163 39
856 703
757 1840
913 1630
1106 794
1049 1446
726 1069
1396 678
567 59
1774 1033
653 1725
471 1128
319 725
1205 533
955 482
1694 1459
279 290
1471 984
512 1442
1347 1711
324 926
1102 1218
1340 511
1741 1561
1592 221
1293 1873
166 1690
466 722
573 1063
8 1180
1065 216
1136 1745
1704 1409
1877 478
1641 835
767 1372
809 175
989 147
444 353
1075 1903
1218 54
472 907
1866 1322
520 221
255 1899
1221 39
1296 1266
429 888
165 1866
922 975
180 764
1182 622
1500 381
492 1246
1307 1908
1093 1545
104 41
1682 1728
210 2002
1163 1550
653 1914
1762 1539
773 1895
1781 86
91 1630
1925 355
1142 1850
1164 53
1218 1090
1932 1722
1922 1234
1522 1672
387 809
781 435
168 1922
346 1212
331 112
677 1231
578 1682
909 1609
1515 133
1297 690
304 248
676 454
851 793
774 1800
177 80
907 1470
1390 989
618 1508
79 1272
1147 499
1346 1069
1689 429
1522 557
472 1465
1535 1049
1626 1949
420 1276
1785 567
1621 107
1893 618
217 562
1475 317
331 1227
431 881
959 312
1116 578
1873 735
1407 122
1325 1895
679 121
1058 845
845 1733
14 1163
1447 1183
1727 1851
806 1528
1408 1142
542 0
622 903
1154 153
1177 196
1061 853
23 1770
1015 870
321 1077
141 1195
1615 323
298 966
1123 1801
746 446
1639 1437
299 1065
77 1920
275 1
776 183
242 1108
933 599
867 420
44 208
31 486
1082 1170
1734 1042
617 203
776 1046
1274 1052
416 597
1128 1436
221 1858
774 259
1137 1205
1710 519
923 1789
1822 725
86 214
405 432
583 431
26 49
594 1456
1425 1741
907 1756
81 1783
1578 1231
69 734
1149 1544
1857 2012
1434 648
1754 1279
1844 678
1733 120
237 485
1685 622
1359 28
1044 483
439 421
223 648
609 1731
603 1936
997 1123
1250 876
204 1699
285 1121
1485 1611
1317 5
1141 483
1808 144
1550 1340
950 1476
861 1551
162 2000
1588 181
835 405
553 543
181 823
250 1483
1325 1672
271 845
1013 436
1730 1957
524 365
1613 584
198 152
7 20
1659 1835
1915 556
1586 1418
435 540
393 1848
472 1435
863 1750
1584 120
1049 1290
609 1796
1092 1918
1323 151
1164 1490
1685 1479
1613 1219
791 123
1728 424
1598 746
658 662
26 552
472 1393
786 17
707 1514
272 1744
1770 1018
627 872
371 798
768 1192
1628 150
590 283
831 1934
348 818
68 1295
1104 234
1424 239
623 492
561 1701
103 1211
1248 516
504 1117
869 1840
1176 70
1454 495
1869 888
131 1312
1766 1033
683 1580
659 299
1372 1511
1323 1374
1925 344
1867 263
588 663
1069 1653
464 959
1716 386
1801 1717
315 1297
560 892
1000 1365
539 1623
1633 55
1934 918
375 1643
323 1674
1398 1798
1621 1570
1660 114
1451 1564
1490 1604
145 931
1650 775
1323 1235
1828 1355
389 1358
506 1902
1042 598
1215 1971
921 1044
1214 947
1568 337
609 275
601 473
1717 328
1839 936
921 772
1787 283
1832 410
468 1788
1054 556
223 1784
1140 1292
1269 649
218 1804
1246 1587
1345 22
1184 1634
594 144
1832 650
1372 1957
1169 1050
191 261
1419 1750
1023 265
478 1120
1730 926
668 1394
1250 502
229 929
512 1480
1711 1614
272 337
157 1693
1708 20
1178 596
1870 240
632 1926
1783 674
456 363
6 1610
601 397
266 931
650 1312
1522 1134
81 1616
53 243
1368 1026
125 1790
353 1020
1889 170
1536 34
1120 1533
39 731
333 615
1496 1994
467 2015
1134 338
1284 527
691 493
403 1882
446 650
61 928
822 1958
345 1471
1057 1570
23 1744
69 903
118 2004
1819 551
1124 1692
1645 1509
40 1430
1575 588
35 942
75 1441
1253 487
619 1
1372 440
1009 630
282 1118
936 1020
161 270
1317 367
533 1655
1115 910
1516 1262
1375 1630
871 301
228 874
1438 303
1658 435
43 1362
1808 1881
930 784
997 122
1382 1890
1882 200
1579 2012
1797 658
1572 1649
424 1595
1078 1816
1328 326
995 1659
561 372
1591 1158
398 141
599 1768
1926 806
819 1313
1430 668
1791 1958
1041 1041
921 1343
1458 545
783 1744
562 1135
912 1704
312 1557
1522 773
545 1262
260 665
601 1275
862 1024
619 1556
1864 1681
1734 1514
1423 1450
1184 573
1253 1593
1486 957
1187 1315
4 1104
1707 4
646 666
843 207
965 301
1299 1525
1660 1032
257 538
512 523
487 994
573 348
232 1303
1925 297
465 1663
400 1356
1471 120
649 1976
148 1750
612 953
1890 507
1745 1134
194 1027
71 1865
1114 1113
1527 1835
127 1231
1795 1157
1686 394
853 1237
1139 48
226 1042
1299 189
760 622
1765 1673
733 1089
922 1386
1234 143
1290 1800
1700 1940
1487 737
17 1451
1546 773
763 375
908 1350
556 872
1851 1124
1677 1821
1122 772
198 717
1387 1055
1266 220
141 1882
1717 1539
1237 533
1018 184
829 1503
629 1516
1266 79
1090 1233
759 1991
828 798
1158 1418
1191 308
249 191
409 1857
1350 1306
724 1100
447 969
458 1649
1721 1249
1926 778
1840 627
557 832
1623 1723
489 1175
880 672
229 455
1609 1546
1800 841
322 516
1246 454
253 1910
1552 990
474 798
470 647
474 413
1057 593
1797 896
801 1114
1539 1740
1571 1219
1619 500
250 1546
1759 373
1152 556
759 1059
335 342
585 861
1903 1440
1300 1573
968 1620
314 1479
816 869
136 1966
912 1845
657 1049
403 1794
1782 1791
1883 48
1779 1557
153 1060
1491 59
7 408
1208 1918
180 927
1203 1419
1237 1336
507 1425
986 154
163 1229
1250 1615
289 1689
1200 575
129 248
465 248
327 94
1754 190
248 978
1244 1039
1838 469
1657 203
445 1741
423 1404
466 1979
629 1744
1750 230
1286 926
111 219
1738 606
1147 1008
584 665
804 133
1856 1661
1934 1251
1263 1424
94 1204
1153 79
217 1226
688 903
811 1879
486 328
1223 1956
1827 450
308 1700
1458 1169
733 172
667 1392
826 1878
841 347
80 951
843 240
1138 1231
28 164
1662 186
423 1363
126 1304
1922 811
282 255
549 272
1583 221
1228 605
1765 1179
1187 1906
1915 651
988 519
1056 425
1485 1034
128 1213
1509 1002
1211 1203
1463 1007
480 1736
260 1349
670 142
538 1547
991 1202
1222 98
89 1335
1209 334
879 150
1280 1764
1825 850
321 57
881 1771
1186 26
1766 1123
172 550
1487 306
1415 1272
405 10
540 607
1828 1557
600 405
1166 1077
459 708
1196 878
199 1094
565 1047
1534 1538
1795 520
1265 776
1156 708
1570 280
69 1333
791 1377
1188 435
696 661
270 1332
1638 1123
1257 1505
1449 1481
636 410
204 1701
1320 763
1419 459
1309 1806
499 572
1916 1183
429 1861
587 246
1627 1745
169 871
558 502
371 807
1155 56
933 462
841 724
762 1490
1758 89
1640 1831
1392 1944
337 1343
1005 1678
608 712
1019 1859
400 1771
192 67
948 1911

Point Cloud 1216:
47 907
166 738
166 745
365 802
213 724
453 840
433 746
627 1940
601 1886
1616 1559
1709 1479
1688 1495
1669 1467
1690 1531
1752 1429
1640 1410
1737 1334
1765 1797
1788 1353
1802 1514
1806 1454
1868 1438

Point Cloud 1217:
36 1576
51 950
69 829
163 761
234 724
370 796
347 827
415 825
418 718
593 1957
617 1892
682 1876
1743 1412
1688 1441
1737 1336
1658 1478
1679 1428
1672 1425
1709 1358
1681 1406
1681 1367
1794 1324
1797 1503
1776 1510
1801 1601
1825 1415

Point Cloud 1218:
61 1579
53 936
115 769
176 807
376 845
234 716
339 828
428 748
613 1911
658 1958
1690 1383
1746 1347
1629 1555
1659 1468
1626 1375
1627 1537
1632 1395
1643 1429
1819 1357
1837 1527
1822 1519
1802 1570
1874 1428

Point Cloud 1219:
35 1586
37 908
110 769
77 774
270 766
306 834
381 777
336 784
438 812
639 1868
669 1890
1132 1818
1684 1479
1700 1327
1631 1460
1585 1550
1745 1348
1693 1469
1655 1538
1597 1378
1649 1475
1803 1332
1812 1470
1795 1497
1847 1493
1847 1451

Point Cloud 1220:
56 736
35 832
94 1567
52 935
260 828
310 793
302 854
382 818
1612 1541
1657 1493
1629 1416
1653 1412
1696 1438
1608 1382
1740 1404
1869 1493
1821 1498
1843 1431

Point Cloud 1221:
26 799
50 929
54 868
103 1565
277 824
267 747
273 744
341 792
389 812
1621 1540
1652 1485
1703 1378
1739 1328
1673 1412
1685 1413
1717 1328
1851 1511
1807 1519
1880 1498
1834 1429

Point Cloud 1222:
64 908
20 873
5 1639
81 1567
207 832
280 765
272 752
266 740
1653 1540
1722 1384
1706 1439
1724 1384
1708 1329
1743 1391
1662 1396
1790 1350
1851 1439
1874 1457
1898 1425
1822 1467

Point Cloud 1223:
70 858
38 896
72 904
52 1571
14 1664
189 794
416 811
343 783
269 809
710 1854
1604 1546
1684 1324
1723 1427
1616 1399
1734 1321
1607 1386
1605 1390
1728 1439
1782 1327
1833 1431
1808 1453
1812 1464
1825 1547

Point Cloud 1224:
69 1566
38 1732
41 870
69 854
72 992
205 803
257 742
340 801
393 802
688 1902
935 1922
1591 1554
1715 1360
1694 1480
1668 1477
1640 1419
1646 1396
1644 1428
1695 1366
1815 1359
1821 1496
1844 1476
1830 1557
1800 1517

Point Cloud 1225:
64 897
66 865
205 801
172 972
353 807
318 831
316 823
507 1933
679 1938
691 2012
1003 1957
1631 1554
1689 1383
1698 1464
1643 1495
1731 1398
1729 1385
1638 1397
1691 1382
1784 1320
1819 1459
1904 1412
1889 1438
1809 1548

Point Cloud 1226:
33 1865
66 907
51 944
126 825
289 722
256 728
305 768
291 1003
438 2016
1513 1992
1602 1541
1694 1404
1706 1364
1658 1452
1699 1499
1738 1411
1697 1498
1652 1515
1661 1411
1829 1534
1717 1354
1755 1404
1858 1425

Point Cloud 1227:
27 913
33 1906
117 805
358 751
351 787
256 786
358 985
1587 1548
1821 1357
1653 1418
1783 1495
1708 1406
1692 1349
1794 1497
1729 1470
1722 1372
1693 1472
1718 1345
1816 1586
1886 1427

Point Cloud 1228:
59 873
35 908
96 820
219 663
269 753
327 748
329 825
509 977
628 2014
1588 1562
1689 1444
1651 1406
1654 1401
1702 1375
1782 1412
1642 1430
1800 1330
1788 1510
1846 1541
1856 1404

Point Cloud 1229:
42 929
74 903
162 690
333 811
287 791
343 744
651 992
665 1989
1634 1556
1794 1326
1810 1478
1699 1373
1682 1372
1702 1472
1724 1315
1784 1408
1736 1359
1806 1470
1844 1542
1840 1413

Point Cloud 1230:
1646 1102
1848 1878
273 506
1806 109
1529 1121
814 220
1295 287
1593 1659
1864 941
605 1410
1192 421
365 1009
239 1871
841 1457
1690 253
116 537
39 1248
1572 141
1625 1219
192 1577
927 1194
454 251
1687 1564
440 743
1462 42
1290 1970
926 648
747 372
1804 1104
73 1201
800 903
560 1708
883 377
409 1641
83 772
1288 331
1073 1635
436 208
72 545
1297 1935
219 1782
375 1040
25 148
1122 1737
287 1487
120 254
963 1615
572 782
1432 493
814 39
467 1126
268 846
281 1899
328 1343
1607 448
229 1661
1406 485
1788 669
254 1460
341 526
813 1641
68 1068
716 1647
307 644
754 5
877 1850
494 34
456 1831
526 1717
506 1226
1486 2014
108 303
772 1101
1764 1621
1513 263
798 201
734 1874
937 1024
695 350
834 1563
317 454
1798 1042
956 1945
588 1317
1727 126
352 126
337 290
1658 955
238 944
175 40
1191 322
312 1946
1637 250
1042 464
13 1420
334 813
165 296
646 1273
66 1389
683 1818
1788 1967
1631 1891
402 1094
844 645
1800 282
547 1471
77 292
916 144
1086 744
1697 1677
1126 160
1458 1293
121 1195
1590 226
49 390
1825 799
1536 1117
1160 51
490 582
1075 1996
1121 41
724 1870
1290 1583
459 1385
585 1412
272 460
1099 738
577 462
1567 1947
964 351
1603 712
1097 112
1829 1577
1610 1407
1769 96
1920 286
1339 1058
1350 466
14 605
1261 238
125 873
683 702
30 1284
1440 1813
407 1182
1163 387
802 769
420 1141
1707 761
1695 1952
934 1248
793 1154
254 186
188 80
334 1296
751 1984
1421 872
419 650
1353 1243
181 903
385 340
232 695
641 758
725 1786
1629 1813
1508 847
111 219
1765 1167
484 398
1418 1314
644 556
1508 889
1586 298
1903 980
1000 1774
160 1335
262 646
1658 873
452 804
1028 1323
1646 143
1193 23
1624 761
1237 1789
1071 1455
1198 1075
1307 967
193 467
805 261
266 924
1570 1907
897 1869
705 676
15 698
607 869
1023 492
1782 1061
169 629
172 575
583 505
979 1562
814 864
1102 175
1688 27
1790 179
1662 1070
725 1683
432 911
1919 881
1065 706
1319 710
569 61
395 372
707 731
527 142
611 1533
1487 836
344 279
1522 1938
1434 1693
1087 880
1528 679
1155 854
1550 1573
766 852
1901 30
1077 1085
1135 1106
1717 723
1409 1298
1350 485
1364 1647
1790 897
396 1406
723 1402
1448 908
75 104
271 2002
1797 1531
1359 479
1650 723
297 1504
432 1981
1026 609
1692 1260
1141 1086
1115 1630
1628 622
1516 91
1362 1546
1428 606
80 410
141 1288
605 166
931 245
780 342
1566 1052
1621 1923
1241 1206
794 1660
226 531
521 87
735 2015
1055 898
1680 1095
1558 356
278 1987
1294 594
1194 993
431 1413
1335 75
1869 1437
460 505
1901 703
980 1384
412 1260
1879 1063
508 1981
882 1657
82 982
548 773
370 885
1345 192
1884 148
1311 1485
297 196
986 1876
1333 565
168 841
390 72
1214 1141
1503 1592
637 274
1202 121
311 1184
207 1780
836 1930
1900 1701
1144 934
1265 942
184 305
1135 832
484 505
854 195
533 227
1528 1123
853 445
268 1336
1106 1926
1319 1745
127 1608
953 1455
1569 1735
1282 208
356 843
70 683
1859 450
3 1695
1671 1263
1732 1134
584 1114
1714 1713
655 797
463 109
526 819
116 1198
1241 1602
44 137
1594 1225
1680 820
1435 1537
593 613
94 1224
1866 191
1826 833
407 1974
40 33
1627 1457
1914 166
373 454
388 1106
794 1882
862 1282
982 457
989 18
211 1056
1239 1180
418 1860
317 1686
558 375
1589 345
1047 1898
500 934
1198 1091
1498 574
1321 1793
1099 1401
0 838
404 1357
1406 1739
980 604
320 1823
50 1213
1361 681
1183 1011
90 1595
569 349
1226 1170
1461 199
980 783
1754 221
1931 723
1858 617
1109 476
1745 1880
1211 1953
455 222
1449 1519
1163 934
1820 700
822 378
76 1624
1639 723
689 1311
270 1285
801 895
219 450
984 459
1016 1035
1724 1589
1127 382
1576 1098
1564 1965
1355 696
1523 1091
1903 1471
1892 1729
313 493
1195 1515
1375 778
1606 1862
202 920
1793 887
1737 1761
1859 1484
1481 1289
1592 1219
1696 1767
1388 1072
219 1061
733 464
364 298
1740 365
1034 1451
255 2
519 1697
830 234
197 550
437 1238
1822 1220
1632 985
1711 1296
827 1333
583 765
969 1095
1622 1880
1179 1929
763 54
1004 1768
1770 597
471 458
563 201
1358 742
22 1298
1621 317
1839 958
223 1423
1478 1213
851 1814
1920 1286
1829 1893
793 1042
1681 112
1717 1480
886 162
1767 921
10 2002
233 610
1728 1287
703 17
176 457
572 921
5 1574
1321 265
624 1079
1315 903
1273 196
1780 1057
207 237
237 1974
61 214
190 535
415 238
1276 1612
378 614
1401 188
811 1225
1288 1010
377 700
871 1902
879 414
526 681
874 92
477 163
1915 807
1068 795
643 1401
133 1653
1803 1255
1068 1169
1155 1579
1710 962
1602 257
391 1722
1883 718
1161 1057
247 1444
1363 884
1729 1179
1785 1820
979 945
1525 567
16 1574
194 173
200 1445
838 155
913 88
88 1945
631 1913
1643 807
441 722
546 1818
317 1806
196 539
396 1111
746 409
569 330
312 1698
1822 386
617 1255
281 1774
1604 799
107 1990
468 70
1735 963
1898 949
609 1177
211 1457
815 619
728 297
447 1549
963 1410
1829 1192
350 1259
20 492
1815 267
799 1976
605 1597
132 1913
1594 1992
1847 1719
283 887
1507 1135
330 118
126 1746
310 1003
658 1794
117 1526
486 423
967 1166
810 1994
563 832
428 1352
1238 41
1758 236
451 676
1736 1606
377 943
1254 1697
41 1933
1618 1414
1412 1724
1410 1394
1873 202
347 619
1148 205
977 582
1680 1922
1655 748
281 273
930 1227
793 46
472 787
1522 1175
108 1777
981 972
475 756
872 1038
985 766
1269 1872
1637 690
1354 901
427 1885
421 446
1262 93
904 1945
1516 1912
1166 752
162 755
1195 1617
853 1795
1095 817
1055 23
815 1628
911 709
912 1402
1019 1777
1086 749
1838 214
1370 672
1004 239
886 1737
869 863
941 185
1107 979
272 1304
1625 654
1516 501
1043 1211
1220 1799
212 754
1520 1659
1433 1912
539 1338
153 1437
1370 735
795 830
424 1400
1257 1819
600 1850
1169 1923
607 1333
1284 767
508 413
854 1947
427 865
1881 558
969 1926
309 258
1274 90
589 350
404 466
1691 139
875 398
1110 1497
752 1773
1370 1219
1763 743
677 5
704 270
1559 1307
1544 1857
22 373
104 1852
1003 618
541 1312
663 314
257 332
100 837
448 73
1492 915
530 1990
1649 1550
264 194
250 1991
1092 1110
618 926
60 670
90 1651
1127 93
1648 103
900 1144
1410 130
1258 627
100 39
1477 1199
997 1131
1179 1255
43 2002
1452 487
917 868
365 590
1720 1354
805 1650
1788 949
1488 123
201 367
1885 491
771 1105
1569 625
1364 260
1009 1233
1222 410
1706 1661
1675 1947
68 86
85 1869
1823 660
1868 1476
687 653
731 1443
1343 1195
1676 1994
1929 679
281 1590
1366 1193
615 128
1771 534
854 411
321 1923
270 1411
1917 1197
582 863
1507 87
28 1861
1798 933
789 225
413 436
1475 1842
1232 417
1371 1480
1629 371
1535 1176
224 1045
559 448
139 214
1674 642
1842 344
683 1065
89 175
296 1187
249 856
943 734
1440 328
1382 110
899 1694
1687 1028
1822 1184
956 1263
871 679
4 1172
1063 2005
1576 1208
595 764
614 1894
814 313
1524 52
1116 116
1282 1879
387 905
357 135
1476 801
1784 885
1678 1051
1864 1413
25 1219
1873 1721
383 1615
227 1027
278 1294
1419 1880
1158 803
474 649
147 1586
1271 593
1287 775
117 1110
1212 24
1800 1478
1526 1131
647 1720
1251 1741
470 1898
1082 531
912 1147
1047 1317
726 1058
539 982
1691 1929
1391 1509
1809 1351
1571 1595
93 471
743 1997
1348 679
191 887
1843 1089
1786 1025
773 783
172 660
1772 1947
701 773
1668 1982
822 1041
1639 1124
219 460
1370 184
1867 738
1788 1360
1182 11
1233 1020
1913 1732
420 1011
1843 1848
743 194
943 12
1323 1429
1699 1952
56 816
43 822
692 96
1512 1250
424 1766
1145 732
940 540
1157 436
789 1323
1234 1564
1499 1215
875 458
1533 1983
735 1667
367 106
762 409
909 1938
454 1650
897 66
1002 822
817 140
958 741
50 1361
545 1946
300 293
1148 33
1001 1052
252 869
1919 911
1142 444
1079 1238
1726 67
1747 95
441 403
560 857
216 101
1590 599
1651 1970
1754 114
169 1086
1469 1148
605 450
81 1052
865 1498
1565 1635
522 1549
162 710
994 649
1737 1574
1190 250
1276 1948
751 1564
1904 355
244 261
1042 831
1870 867
1869 606
1436 84
315 1588
1648 1918
80 866
1631 78
251 1103
1172 1433
422 1357
1702 776
927 1832
1728 1633
1003 568
1896 1762
978 1773
442 1128
1767 1154
1595 1835
68 950
1491 176
1835 1874
1771 1008
1468 1945
1268 169
1539 370
604 1648
1308 1621
863 1837
1589 1717
1386 1342
290 1315
473 601
664 387
495 626
1746 612
512 310
825 83
604 1362
1601 1129
994 266
116 78
707 1478
461 315
185 1297
233 1642
1507 1444
142 985
846 151
1341 419
872 1250
1421 45
1540 1650
414 1662
1047 1033
304 507
782 1665
331 59
1627 1814
934 1471
391 1416
614 1519
1277 1295
1926 1373
577 1941
1925 1955
1416 310
1299 1925
606 269
499 1679
615 1327
149 1304
1057 723
1318 716
1909 531
1495 1208
898 1741
1833 679
1140 304
153 1390
7 1961
32 106
425 1799
755 1622
1139 1075
1648 1513
1678 1536
306 397
464 772
956 957
641 223
1021 1598
152 1355
290 1275
1904 1205
1494 149
1620 372
214 1290
1584 1419
867 98
211 1698
1112 1861
238 558
719 1563
1604 1689
738 632
90 2014
874 1493
1443 1146
1788 564
1108 872
287 1245
1248 1003
1853 185
1096 433
1571 1425
48 1284
1241 1896
1114 42
384 952
1491 1637
1135 1295
1554 1956
1821 1923
152 1491
158 186
329 158
157 1552
1075 761
374 316
214 743
822 2011
1693 934
1431 143
1462 207
1831 1342
1320 1752
1324 1784
229 752
27 539
1548 590
482 783
1247 1002
728 1134
1442 1155
1851 1260
61 750
1746 1935
948 264
1571 409
349 1418
1305 1404
198 1764
1005 219
801 640
635 1485
1722 346
1774 1843
1851 659
276 1066
1363 1587
1725 434
200 1104
1312 468
922 1711
1374 431
783 1306
1034 1138
616 1607
346 474
610 1193
1825 447
274 1603
1532 1748
859 661
1649 491
1558 857
1148 676
1215 696
787 97
1546 696
1639 953
1517 342
630 1826
1574 766
846 1465
1215 1957
588 1433
568 1405
384 1842
123 788
1582 1533
1446 1776
780 1974
203 1634
883 476
240 1969
949 702
1627 1402
337 655
1166 2005
477 1466
1329 52
990 338
1263 96
688 1604
966 697
1021 1454
1365 630
405 131
1707 1092
1193 458
760 1231
1389 1541
1683 902
293 1547
1711 66
966 1132
1421 1883
1654 1762
1909 796
1321 1849
1507 379
1382 110
1836 457
451 636
909 1126
1664 1934
1047 1065
258 0
996 1269
1632 1348
207 674
1089 85
306 487
239 627
668 579
690 622
776 1164
624 48
1563 408
1381 1396
753 271
84 192
197 173
1190 1416
374 1231
1448 1961
828 506
425 580
425 1637
1101 1612
1183 974
260 222
111 718
1368 118
1415 105
401 1043
1318 1495
69 372
1649 1880
1837 1570
304 963
1653 622
602 1706
1262 1874
41 532
240 495
1314 811
16 1304
620 951
1879 490
1132 1042
937 129
392 1097
1252 1322
429 416
1823 244
1494 1244
1540 1291
1070 332
1821 537
640 1039
1650 220
431 1499
1006 1751
2 643
1709 950
1553 1952
101 1018
257 1889
1320 1863
373 271
1251 1812
647 658
808 1261
213 705
139 1282
151 1347
1425 1702
1309 1359
1808 509
1476 954
20 332
1014 1631
1593 542
1060 1795
838 234
1701 1229
885 112
121 1063
1267 1677
1479 1990
1436 1497
808 1966
1853 165
190 1582
996 1009
689 742
1814 173
1488 668
1493 1310
1554 1935
430 1775
451 879
202 679
984 568
744 368
259 713
567 232
1697 1482
1191 1636
707 37
378 1047
398 1051
1763 1072
1920 304
631 735
1333 639
446 612
1290 457
134 1167
1789 260
397 1558
1212 552
1625 1108
263 1800
400 959
464 126
712 1178
882 1495
83 1941
789 1970
676 1295
189 587
126 716
1115 1982
430 822
292 1870
1925 111
1315 652
925 838
352 151
448 1703
810 1742
1047 893
1148 1824
1201 550
1023 115
1525 502
1341 314
94 151
819 1346
740 773
858 69
1412 1127
1427 611
1157 159
720 1519
645 894
7 442
1008 34
662 53
261 736
1411 826
676 739
1561 318
1186 1613
1221 1577
1683 945
1506 1086
1599 1082
1266 949
835 786
1344 1342
159 118
388 426
442 786
660 874
1435 1034
39 1557
293 1176
1023 1220
1656 1926
979 1113
456 275
1603 597
1276 426
1741 1052
17 704
589 678
1324 1323
1096 908
1225 1323
1579 1114
1578 589
1024 829
221 204
19 1589
650 1346
452 1642
100 460
420 239
1578 1183
786 1725
632 878
1171 1296
1835 560
1472 160
285 1939
948 591
1104 826
694 982
1294 618
1129 515
1115 840
1105 1002
988 1469
1233 1629
476 1150
1872 37
430 1774
927 816
608 906
1418 842
246 1998
469 1690
1603 1187
275 1329
787 252
1810 1719
778 1435
1606 1459
1108 1301
1421 1679
1930 97
1456 440
1497 722
1389 923
494 463
607 919
1424 1723
283 474
1196 200
1332 60
1005 1044
1892 1174
1731 984
868 1324
868 941
1542 498
1133 700
734 650
1160 715
384 2015
1828 335
778 854
1914 648
1042 1191
1329 1200
1057 1329
1579 1537
749 1211
65 879
80 894
696 1944
306 1937
1822 1912
1783 1905
1900 435
1524 1853
612 133
87 1810
1089 1335
1217 583
1292 831
1352 866
1062 1395
257 417
1852 447
1027 708
1657 656
1907 615
979 738

Point Cloud 1231:
1 934
52 887
167 644
275 795
286 763
325 796
527 2010
615 1989
774 907
1617 1552
1720 1391
1741 1346
1807 1367
1769 1358
1735 1400
1745 1381
1704 1474
1688 1314
1716 1370
1781 1520
1834 1562
1875 1422

Point Cloud 1232:
0 915
25 877
13 959
185 654
350 799
336 737
542 1993
683 1970
898 921
1409 1966
1478 1934
1673 1399
1630 1375
1651 1391
1781 1378
1710 1424
1736 1322
1735 1333
1689 1425
1788 1401
1635 1536
1795 1478
1833 1557
1866 1434

Point Cloud 1233:
21 880
54 936
3 1003
197 656
310 812
364 777
336 2011
609 1966
683 1974
923 927
1735 1350
1717 1448
1797 1346
1745 1396
1791 1398
1704 1515
1748 1537
1666 1410
1623 1386
1705 1311
1723 1351
1727 1382
1601 1554
1836 1415

Point Cloud 1234:
17 876
5 940
8 1045
11 1597
207 618
302 829
296 828
481 1978
614 2002
642 1986
962 1004
1448 1909
1645 1406
1634 1524
1766 1548
1796 1527
1721 1432
1722 1430
1798 1410
1671 1393
1685 1386
1701 1318
1703 1455
1728 1361
1855 1423

Point Cloud 1235:
13 925
64 927
1 1048
196 640
261 812
357 780
508 1976
646 2005
1045 996
1397 1976
1606 1387
1653 1534
1717 1390
1735 1355
1706 1433
1775 1525
1724 1473
1794 1523
1824 1359
1704 1291
1712 1399
1698 1485
1767 1971
1839 1400

Point Cloud 1236:
262 1751
738 1094
858 1041
1023 144
421 73
962 699
802 673
1360 1427
1531 1195
1314 119
1189 1727
388 1090
610 1489
1643 1137
988 299
1309 1037
1005 24
729 1905
1860 634
1061 1803
332 313
1911 1100
1891 1285
1802 1462
1015 740
244 1738
357 872
1164 1645
1188 74
1358 1197
509 479
1587 424
1384 116
239 970
1021 247
373 573
8 374
629 1952
1766 1621
1917 1737
571 1538
1449 305
630 326
364 1315
1422 1441
140 1633
1172 279
544 746
1919 1449
1471 268
206 259
820 1912
856 824
1111 1588
557 1682
1140 1098
554 1385
1390 1643
1486 338
796 1230
869 500
1102 160
1063 844
1007 1977
788 1524
1123 612
491 1355
240 614
1853 271
783 748
1398 1036
803 552
754 1250
1756 727
1367 1905
158 1465
125 983
1446 274
339 632
628 660
1347 195
1047 1277
1570 1631
1828 1751
14 1158
701 1918
354 1607
1383 51
1018 1454
176 541
1057 765
155 1624
313 1210
1500 1940
1642 740
607 1448
462 886
250 1439
1457 1201
1567 1687
1583 1421
479 1105
1790 872
594 1469
1129 1461
1242 1939
1358 874
531 1923
1666 1308
962 1926
1374 1121
1604 1526
382 862
773 93
655 296
1182 511
903 824
592 965
362 1603
1915 900
1875 1843
1153 1791
802 1835
1019 1017
1688 863
714 1920
668 1897
23 1139
165 1324
1096 328
520 836
442 1252
514 520
424 1894
129 886
579 931
1229 1491
347 592
764 1229
140 534
903 56
945 1315
725 783
1064 2014
732 1517
469 107
278 215
1784 837
1789 736
382 662
1158 350
1028 533
1583 1930
1784 1254
1619 262
1312 687
149 2007
1205 449
1374 1220
1739 597
1828 1089
873 1062
44 267
786 787
1174 114
877 1672
1798 1247
1377 1577
986 891
24 1895
1569 758
749 1528
1177 214
201 784
1249 489
1867 744
880 307
236 1473
333 567
978 1590
1355 769
1033 558
1620 1584
989 1640
736 1872
1608 1974
847 1041
1482 1956
1316 1567
534 1676
1600 2016
1524 617
38 1788
738 1410
528 1821
366 887
962 1541
790 1304
1015 1896
438 1926
1306 410
241 8
257 74
1928 1838
549 1848
1165 804
647 724
858 249
161 1458
777 217
56 272
1605 1891
527 831
872 520
521 1510
1181 717
163 1818
468 713
99 658
539 1251
1348 189
198 1798
1779 1486
959 977
1216 613
815 199
1103 1415
1150 921
1593 1879
1796 1579
1288 1713
1850 729
939 970
1382 432
869 15
1808 1449
126 1973
179 1463
1381 1094
1304 1064
378 426
720 1925
300 284
787 1878
1385 674
55 637
566 66
169 1733
1903 1270
24 782
1235 882
858 879
712 1713
458 1849
1175 1711
1556 917
540 636
1746 999
412 531
1496 855
101 215
1448 1835
89 1271
1522 1208
43 912
1008 1141
1275 438
270 1943
1779 1589
159 984
18 97
67 84
1089 1394
1013 240
659 1106
1364 1391
1775 1791
1782 1947
1345 1572
1193 961
84 1736
1055 381
959 358
752 1284
881 81
71 1027
60 116
1321 1075
284 1108
1873 978
1438 780
616 703
1746 1969
29 1585
14 1723
891 268
840 873
22 1905
774 993
1074 1448
776 1285
362 599
926 323
1051 527
1048 81
888 1160
515 806
58 876
1775 1405
108 718
1695 993
1904 47
723 1646
1400 844
860 1971
743 1957
1668 1540
524 1571
1165 1353
1709 2015
1666 1088
724 1686
1199 1366
1380 243
498 1183
941 1335
1491 549
382 1764
1738 791
678 1864
1131 874
76 575
1247 735
401 1769
1482 804
841 1972
866 631
970 843
450 647
1762 1521
742 1258
1794 731
284 1250
1917 390
138 707
714 487
361 958
1377 848
182 154
721 1320
476 1501
1057 1593
1392 1105
774 433
1413 611
128 1896
16 981
1313 208
451 259
181 375
1443 1524
1616 1635
1363 1716
804 404
738 1937
547 81
1333 1199
1778 1504
560 492
1821 1899
1568 1743
493 1144
968 1781
509 1834
1216 1857
787 450
1266 655
1931 605
1473 1721
1331 1895
929 383
1845 1438
1920 1979
1328 1264
645 1050
1007 19
1720 594
1322 466
750 1093
959 824
712 1720
335 1127
1649 993
94 1803
1662 850
473 1127
1346 896
31 1702
1543 1182
958 56
796 206
1370 278
812 57
314 370
671 330
896 1173
788 808
1413 1157
1788 520
42 846
1931 424
715 418
366 1396
282 459
1924 1539
1006 851
306 600
1172 1640
1071 613
679 88
399 1186
1792 380
1851 8
1283 257
217 369
331 722
1439 1538
41 1102
1892 346
1412 1048
98 48
1700 640
1649 307
243 1929
175 1690
647 48
831 2004
908 1684
549 131
864 1037
559 1960
1728 526
761 1680
738 354
1423 1888
419 1613
1016 1833
374 1617
689 568
1905 133
717 1249
1143 1103
1433 409
100 257
574 1034
672 1678
42 1781
1292 493
1114 502
1739 989
1754 1390
1193 1743
1184 1046
1924 110
1060 545
662 439
1579 1410
467 1213
1597 543
1166 795
797 14
1331 1530
1469 1995
1112 207
868 352
1448 1662
1887 1515
414 302
238 1359
1825 1512
800 154
552 1358
482 434
1624 1749
135 372
17 624
1865 469
1285 124
179 39
659 1220
1112 29
1405 339
646 1008
649 593
39 715
231 1599
1138 1991
1046 1572
503 1920
1227 334
1445 735
111 1494
1131 8
832 1658
818 61
1605 1227
1195 868
1550 834
1202 563
1285 1149
1384 1835
1495 1050
956 1390
1498 143
741 1524
1422 1627
778 197
417 1990
482 894
587 885
497 675
1810 1691
7 1083
43 1428
335 1539
574 93
1120 311
55 1960
970 55
1069 1829
734 664
1686 916
1877 1426
419 763
482 1337
1350 1149
273 1336
1616 1303
285 1509
1913 892
1906 1794
1593 630
418 726
770 164
1559 524
1237 1853
1913 1638
1649 460
1155 578
1269 253
232 1203
1462 403
1335 1518
1064 1072
1167 1886
521 1599
1252 1541
220 1223
1677 1074
443 708
1376 117
1416 885
333 1938
616 134
505 214
430 1579
1171 1121
707 1619
306 1241
1460 651
1276 863
1109 1488
692 878
1660 1159
642 913
1269 706
1836 347
1548 1775
1493 43
695 766
1656 791
1043 922
1820 780
956 1500
1554 1894
241 229
305 1911
862 16
993 616
104 266
1160 336
1030 133
315 1483
1292 44
679 254
1475 1531
1022 1606
686 1722
272 1685
1737 1118
1904 600
1783 663
1315 775
796 1672
19 741
767 895
156 909
1561 1781
348 508
1344 1261
1737 1924
958 203
257 561
197 1583
1581 1870
662 1294
53 1209
270 1990
271 1096
1421 1001
1736 830
1914 1830
381 122
555 651
174 1910
1785 1696
979 1823
619 1397
557 1524
1017 157
1242 1227
1590 311
497 1701
807 990
572 1094
901 1324
1820 750
986 503
943 1542
96 1471
823 195
85 1839
1206 1590
1816 1471
714 1406
840 1467
552 616
1903 1362
779 1187
647 494
961 1647
1848 239
397 909
775 1328
1338 747
1832 1530
388 1442
331 44
1790 378
370 871
478 704
721 1946
988 531
1655 1867
1109 904
1758 334
1194 1770
1878 8
715 96
1533 1193
1527 1422
582 884
1024 479
357 435
1584 395
1805 733
750 1427
602 1559
443 1011
181 51
1819 1075
540 1356
1284 985
1495 1680
1712 168
437 591
1444 677
647 11
1580 506
300 552
374 1280
1163 785
988 733
910 347
5 216
248 1708
890 1363
443 1221
546 1701
849 762
1816 1144
1063 628
1102 1426
566 1900
1088 977
398 350
169 1452
1327 993
641 1258
1799 1935
1423 916
942 1370
429 298
1321 616
1249 1224
282 414
503 1045
781 1209
251 1955
892 855
1549 635
704 781
688 1316
1231 621
529 1061
584 719
1163 569
1344 309
1713 976
1407 223
1503 359
971 1629
446 2014
975 1699
409 1712
793 253
572 713
517 1617
1033 880
919 1866
414 31
1675 1451
1409 1828
1460 122
475 680
703 561
74 177
1222 868
1321 619
997 1359
865 1801
999 1773
1038 994
1064 638
1403 453
690 1706
1380 1129
448 1129
972 153
78 1493
1916 782
637 1810
323 484
1388 971
839 1401
201 873
630 41
830 1367
808 1323
243 340
1235 1393
1806 147
724 1755
1092 1158
1567 1845
1866 1341
1893 1955
1400 405
304 1013
1410 1079
705 496
1926 1335
560 372
608 657
1518 1574
1250 730
1367 298
440 529
986 364
1743 1317
1737 659
546 537
831 530
337 318
132 1821
264 448
1850 1283
696 1443
637 1785
1816 718
1218 1906
838 1165
1256 797
1129 69
1805 1552
1550 145
1487 1177
560 1453
1103 1766
831 496
291 706
860 409
1205 1219
1742 373
904 1435
983 1650
1558 928
765 1263
802 321
906 924
1863 1286
1384 1375
1100 1294
1906 702
71 507
885 254
360 1879
56 980
519 526
968 1365
615 1146
274 1117
762 804
913 1516
203 1879
1233 290
805 1297
1651 644
792 711
399 1579
587 645
1805 2002
1664 454
736 1749
809 1278
1628 1370
1006 665
1724 1144
1532 1594
494 1433
573 851
930 1728
166 1774
152 850
522 1724
991 1624
433 727
1798 175
469 1722
325 243
1888 585
1499 643
1860 1099
1635 1858
496 646
1412 1793
429 2006
840 1231
1207 1469
1809 1656
1564 478
772 268
830 760
1266 1693
319 890
451 389
972 766
1702 221
150 1413
1233 123
819 1095
845 1701
0 222
1434 1256
1669 477
1042 222
1512 277
574 359
1644 874
441 521
1037 1009
1262 536
1604 178
769 1205
810 1134
1489 1452
129 1065
1122 1804
1677 1896
529 1428
318 1142
734 721
1780 541
248 212
663 951
1389 568
1390 578
1218 278
826 903
1492 916
865 1273
534 1337
159 645
1364 2000
896 616
541 518
399 1935
476 1851
1678 1910
1639 1354
1622 1716
1156 1788
1906 393
1313 1113
1064 1281
747 1625
1727 394
32 633
754 1745
1844 1282
1093 1147
126 1044
1507 43
1515 12
1650 237
967 697
1100 722
120 1796
727 1908
1912 131
734 666
722 455
863 1231
845 1236
567 288
666 1979
1313 468
394 1436
654 1815
498 330
1663 1890
1432 1260
986 637
1560 944
820 737
1379 1828
1293 1156
1645 576
407 625
160 1667
1195 1635
208 1498
1416 240
1058 1965
190 790
757 1839
1120 949
631 1451
712 879
172 123
858 671
963 12
1305 612
772 391
344 1579
1725 888
947 827
1441 112
70 1878
127 546
1768 1522
259 347
57 1404
1476 1858
491 1032
200 172
455 1824
901 1639
1271 14
329 1997
1483 1731
117 1853
1203 1626
693 1100
470 660
325 751
1122 174
172 272
1583 598
957 889
883 934
76 806
763 964
1463 1725
1079 1653
1025 146
214 102
1226 1226
1366 1053
1462 9
1834 1233
53 1964
1517 1650
938 16
847 1953
355 85
102 1459
1449 1310
269 1209
705 764
678 756
1867 1444
28 1763
1449 1710
658 1215
1396 734
1487 1295
1385 267
1117 1123
1735 162
425 52
1386 1629
428 1646
1420 492
1661 1147
927 1447
1725 1378
1119 527
806 1038
311 1716
1929 1067
232 444
506 1688
1635 1792
1368 104
539 1107
1904 801
299 1140
1729 1007
1312 1147
787 1068
536 618
1334 1645
1636 1948
1571 50
416 1002
806 1753
1249 930
1227 863
1686 1890
692 1344
1158 376
976 1183
909 850
1135 777
903 93
1830 757
1076 594
130 1472
1772 607
826 1931
1789 138
1155 170
831 852
132 1747
1341 1291
131 1726
57 319
1800 164
1211 1959
153 1204
780 1615
1016 1540
637 1930
809 311
956 877
633 1525
628 159
1643 936
381 1153
1034 210
571 986
1465 1988
1441 483
555 426
768 473
1085 167
458 1873
196 1147
1086 985
1703 1109
396 630
544 1475
810 1595
1692 2012
615 1117
1931 773
770 1363
1343 981
688 1318
779 1575
1242 373
818 510
785 159
791 1516
1253 284
1115 348
1196 378
524 1184
308 1888
599 70
1120 960
1433 1513
1834 946
1855 811
1461 1217
1080 128
913 726
851 1634
392 1547
340 761
1342 1793
1507 135
1754 604
945 799
230 1569
658 1046
1764 698
938 818
1 1831
1257 695
1256 928
586 267
1473 1138
1846 1905
1767 1715
979 130
1271 150
801 674
1408 186
560 1765
1255 471
565 791
258 1555
1768 1507
971 1867
1815 630
496 714
442 1126
389 1373
1712 1850
890 1199
1333 637
899 911
1158 478
1567 1656
1619 1958
95 1208
1050 1397
1340 113
1422 974
550 418
1626 1604
1830 1942
414 570
1141 1453
783 467
105 1592
1346 1857
1859 682
245 1982
1190 769
1209 174
320 1398
1278 1316
1315 44
1837 351
614 3
1406 544
1427 1705
154 1179
1704 340
1508 190
659 642
625 139
12 1975
1761 1695
91 302
1350 1062
446 1044
1751 285
1525 1350
607 944
1280 274
433 1400
1063 285
1881 1031
754 1195
604 1784
150 1703
792 1598
1754 1983
443 1365
823 1137
1447 950
1291 1979
627 1882
136 1296
124 1693
169 1922
874 1928
1383 1432
885 578
1386 1490
711 1128
1652 26
271 402
787 57
137 333
378 1201
1023 858
1067 454
108 1284
409 1189
789 253
525 1541
972 683
937 1817
1350 1673
1247 1547
642 519
1589 1902
72 698
762 1372
1311 1187
1697 1302
1256 557
1080 959
1482 358
1289 1618
537 1523
452 1424
230 332
1879 1753
738 560
1848 1510
270 1465
1453 1264
8 383
943 1818
189 1358
607 1674
1526 970
244 531
272 665
929 563
344 1080
1144 298
662 88
24 1802
530 358
1273 851
1700 1871
396 1532
1606 724
1362 1823
777 1971
125 504
1816 1218
1432 89
1845 636
972 1022
562 776
1542 1589
1191 1824
1064 1229
711 1455
249 966
603 1031
1762 301
592 1777
721 1630
147 1482
180 866
217 640
943 855
858 1453
705 857
219 125
80 120
1373 1120
1392 239
669 1079
818 1628
1030 1715
1297 1727
1674 480
1258 1239
965 1282
1093 887
1435 1394
1500 1511
120 426
502 1916
1268 243
851 818
1653 1124
638 538
1004 1506
58 1498
1718 473
227 872
1557 998
1387 1202
706 163
1588 633
1271 263
895 334
302 2016
354 270
450 796
927 900
879 988
1199 1092
1009 1354
1313 948
1295 1939
688 1668
1162 483
1672 10
183 304
1174 1259
835 701
1732 1598
1060 837
870 707
44 1471

Point Cloud 1237:
268 1071
293 848
1645 1020
549 1058
408 1430
1726 1240
1778 1998
1222 1244
1360 684
619 698
400 778
383 1041
1291 1051
666 1819
920 1474
521 990
1280 1928
558 64
1358 198
475 1643
380 1319
1691 1173
496 383
1794 1088
1897 1320
1372 1826
1444 1772
1538 857
686 991
1821 834
1403 1769
640 474
432 1490
1491 1436
1689 1569
1379 1104
811 1116
1377 1697
890 907
846 100
1272 1276
346 699
204 88
1663 106
1055 1471
710 1955
1712 925
1829 915
1409 1283
838 1816
1723 4
1118 177
606 317
1252 890
1174 378
974 1477
322 354
82 234
10 872
732 232
1447 287
206 1754
1455 1289
1581 331
518 946
1758 1088
890 383
527 1512
797 1169
1026 4
1766 209
887 1737
1231 1404
1248 1728
1690 767
1442 1219
1274 995
374 1541
394 924
1297 1248
345 1299
1384 836
1323 1700
1136 553
606 1104
1934 784
63 1726
1118 970
704 1100
463 1622
482 209
510 149
44 1633
21 1497
38 1188
1724 1484
1725 570
1365 484
1321 1567
1172 1674
1522 682
974 1250
650 101
197 1103
1508 1492
1920 172
1732 1579
1641 168
1844 296
881 1884
1701 1857
1069 157
147 1370
1061 552
156 559
1751 36
75 497
1398 1517
503 898
161 1675
1067 1930
1930 1352
1714 41
146 1678
1350 215
293 1500
1662 1323
803 579
994 1713
41 929
824 504
1441 1775
505 465
1895 127
629 1941
482 1838
1246 360
116 349
28 198
1887 1864
67 1139
936 929
1137 395
1054 211
717 1834
1445 716
638 1225
1848 1225
989 2017
1084 1789
1188 225
10 1027
1074 625
1895 977
238 1797
228 1797
1825 1084
100 983
410 1505
1073 182
636 867
1218 1065
448 214
556 1656
196 264
547 1909
337 1471
677 699
1216 597
681 1317
1641 971
1452 162
1112 1292
806 871
1886 1676
1132 407
1623 421
1337 442
1503 1433
1199 834
598 1240
1526 440
1874 230
1627 162
960 183
1146 1817
14 1191
1840 1179
1005 996
1510 1728
72 1388
861 440
1830 1363
379 1048
978 664
1556 562
1610 1555
1416 1774
271 562
1758 530
773 854
510 1462
1778 599
1213 1583
567 147
1557 167
45 1400
550 1900
944 1024
1738 865
163 1247
1647 1591
711 1204
770 416
459 224
1600 848
1815 202
338 1561
113 1583
1117 1379
662 1984
979 1887
1846 1448
1346 987
1807 1401
1490 449
422 765
1371 513
129 575
770 435
1846 668
1120 305
904 1868
1491 579
199 446
707 120
803 163
114 1213
898 1220
1197 222
186 408
805 1149
1192 296
614 1794
389 582
1441 1635
1245 90
931 880
931 1638
1651 1237
555 1083
1336 1802
899 1884
1107 213
1354 786
1391 701
1802 218
1667 673
739 220
1454 1213
663 1766
270 392
607 536
1184 1752
1002 1157
795 1429
1697 1427
265 413
1785 1039
662 840
792 16
560 398
1313 1632
1000 61
1303 1054
1074 989
1770 507
933 1555
278 1844
805 933
1855 1947
1774 540
114 79
1812 1414
1279 1517
40 1840
200 1687
853 1918
1924 802
216 1112
842 455
808 336
782 1841
600 1871
1581 1524
1636 561
1501 1702
626 425
1050 1178
609 1951
1113 1831
1361 1912
149 312
644 1302
1855 1073
658 349
423 1863
167 1278
544 1963
90 1930
1416 214
616 1838
545 380
1579 1650
499 1781
1610 98
1356 1370
1196 521
1769 1068
1623 1017
317 377
200 756
845 1163
228 546
1045 1427
807 1507
310 1010
1075 1920
1891 746
714 546
1180 1786
1679 1878
1881 1269
596 659
233 585
1751 211
595 31
1664 386
1282 1846
756 1435
978 1404
1242 1787
861 91
1365 1814
321 1159
481 1226
657 1669
455 1195
679 1756
460 2
1042 1568
660 670
1177 644
1645 23
751 158
1619 328
1371 1132
1239 673
800 1624
364 23
708 1976
299 186
1665 1388
1356 873
1897 113
700 1483
800 634
1088 535
486 2010
1266 1987
1902 581
1684 1051
829 998
711 447
603 1974
778 1623
1416 1884
835 374
1934 360
1254 158
696 1366
1923 994
778 300
1772 834
582 1204
88 844
1170 437
1553 649
620 1296
1241 1290
474 1722
397 1053
606 1113
176 1317
1370 1724
750 1604
671 1930
178 1013
1880 604
1438 1182
962 1842
360 182
1301 1509
321 578
582 1065
657 672
235 1095
316 1033
785 1724
1103 285
1347 309
982 1028
985 550
1475 1721
1493 113
1100 249
711 134
516 434
93 122
760 1649
1895 273
1184 319
589 1933
103 1629
282 454
1322 368
1741 335
152 1424
1409 1902
1431 1282
702 232
705 1215
711 973
508 209
105 980
49 1600
1055 1097
979 1471
642 2001
171 857
664 1113
1243 849
1543 1272
1423 1466
467 67
1899 875
134 164
1750 1460
1357 572
1386 895
1026 849
568 361
450 489
1465 1931
103 251
1698 1174
1472 1722
1200 1074
1384 919
210 1154
1235 1463
1340 1126
1313 352
943 122
1826 1382
186 799
741 508
241 951
1791 19
1103 1270
1452 1216
158 1968
325 1077
1079 1871
1278 1574
570 386
823 650
236 648
759 927
962 540
1240 1331
159 926
1685 880
666 1416
909 1713
1930 259
316 1039
334 1532
571 1035
201 1179
91 1148
1416 445
1583 1671
1926 342
319 1491
1233 471
181 1520
224 1090
1153 1874
1924 890
594 1254
209 1173
894 1496
865 874
524 554
764 1678
1179 845
224 415
615 780
609 1600
1050 1851
0 570
128 1352
27 1105
1322 487
97 1442
876 862
1401 1824
1934 386
251 397
747 1504
186 602
482 1145
67 836
12 1200
1660 427
198 571
1025 802
1602 1901
1153 1424
400 92
1664 256
1718 934
1209 729
1130 1728
1271 837
575 1761
307 1226
157 145
1189 1791
97 1998
1636 1941
1381 1136
1282 1056
259 865
1087 1441
907 1308
1115 470
248 765
90 2008
1420 877
1123 1442
1667 1343
1186 1240
1909 253
1413 1780
1554 1883
269 550
428 1115
1020 1807
648 1705
1748 1636
1109 26
1336 1188
1697 50
451 80
369 1660
1041 1182
1847 281
1351 1602
1194 32
535 987
962 1411
1288 676
995 1106
1314 209
1155 1745
680 727
659 1698
1350 318
1304 1695
61 1341
777 850
414 350
1687 862
677 464
77 1147
1768 1439
1499 1921
387 810
699 354
694 672
1741 280
115 579
684 17
79 900
184 1124
1447 933
610 1002
1209 1629
412 843
497 739
1443 508
823 1079
1503 1328
1059 1536
1638 274
229 1596
1724 434
1382 80
1717 1036
1470 1836
160 244
779 1523
1279 2004
1617 1529
6 1461
919 692
889 99
801 61
1583 309
1893 993
47 1155
680 1195
984 1869
677 1436
1736 159
126 765
631 1478
1573 1535
1431 2011
937 1421
205 33
238 899
1784 1610
869 247
63 1265
315 1795
896 993
1025 1911
321 766
1490 431
433 1008
1059 1422
168 1916
962 759
1660 1987
403 82
1673 610
788 1979
1151 635
1661 2015
859 62
1458 1835
1702 1971
1092 1390
1864 742
1195 642
574 299
950 1887
685 876
1013 1866
1242 1371
1822 41
574 379
378 1060
687 1830
884 339
1561 1980
589 402
1391 415
1538 228
967 1024
1635 1027
644 1991
188 1039
220 1569
1634 1236
778 1210
1294 501
227 1159
1766 429
195 1768
1909 1726
1279 788
1610 334
1143 846
512 1991
257 1442
439 335
1869 116
750 1320
1628 1885
193 515
701 1583
1690 173
1768 365
1591 1561
375 585
794 469
1112 232
473 679
1010 1340
23 1858
409 1130
582 421
703 1828
503 234
1622 356
1685 24
603 2013
1319 1824
311 30
823 350
451 1429
183 2011
764 1498
453 328
1611 808
1050 1629
1108 1733
1034 1890
456 851
1493 377
1141 424
860 1405
1242 740
872 460
462 646
1806 1181
1736 412
1895 1429
1017 1792
1042 1674
1124 762
499 40
21 730
1253 1415
1015 12
442 1328
323 1333
516 1885
1487 1370
373 1833
1700 142
870 73
1049 1839
269 15
283 1043
30 1774
1026 344
131 1972
1139 1841
534 1521
562 1050
1771 1696
1564 1339
1559 40
411 1415
430 1125
912 1654
93 1660
988 640
303 892
937 1956
476 1340
1315 114
1104 840
841 1565
1890 1134
1580 1142
1842 1814
730 133
1761 1340
962 452
738 1169
1212 536
1472 15
1318 1147
1292 1883
765 1782
696 1191
577 184
1128 19
378 607
1367 74
336 221
160 1092
866 478
643 54
84 1121
1344 1599
1040 635
1620 1328
735 1348
546 799
553 438
1394 184
387 772
596 1730
1090 582
1892 48
460 1040
1160 1889
1298 477
883 661
907 1908
983 1144
692 1332
1174 335
1343 432
47 29
1348 1842
1340 459
592 1150
575 190
451 1771
379 254
377 332
914 280
708 1067
1392 660
1594 1905
202 913
1542 1524
720 1740
297 1850
1849 547
71 1649
1040 1528
1135 695
1654 1219
733 1952
1173 1703
1130 500
141 16
169 23
833 647
557 1324
203 719
986 1622
1108 1030
1925 156
1747 1216
354 427
998 1265
202 282
1488 907
334 1692
860 1037
1594 1753
1564 1495
959 527
1097 1399
913 1956
1124 2018
944 42
891 1005
582 1447
65 1198
667 837
1714 573
332 470
479 1217
648 1975
73 872
679 1098
1527 1988
1442 963
948 669
1819 732
1626 1742
1416 1400
341 91
1892 41
401 871
1912 1994
425 824
537 640
648 1117
722 1727
90 235
1404 611
881 551
704 1255
1622 396
1211 1777
25 1496
246 740
1019 1066
1575 859
192 1225
958 397
288 910
1661 313
463 1139
1025 44
1136 1734
488 761
1850 1134
503 430
587 1318
1556 1184
597 1946
307 1777
415 1432
759 2010
729 906
1371 303
1100 233
1432 1059
606 789
365 1363
737 1634
1667 161
1064 1406
1105 234
575 1471
598 1942
1448 1346
1168 1254
833 1756
245 409
482 337
1348 279
346 1730
217 1090
1498 1631
470 1952
1804 1384
1738 600
1131 943
1228 1592
281 1281
89 315
743 336
1350 575
665 949
123 1700
1845 101
1366 1277
1059 1970
1760 1680
1361 436
66 1746
232 1911
870 1626
827 670
696 1276
377 150
940 752
426 1803
188 115
776 862
1583 1546
1672 1006
223 216
1893 1179
1189 84
1560 1279
597 1013
814 91
933 556
826 1730
329 10
373 576
628 547
1046 268
286 1206
1029 1841
646 377
558 199
678 1990
1264 97
1082 1002
346 1784
1198 1993
490 570
145 1905
201 1444
1895 639
354 404
1151 314
938 135
1689 901
1223 1812
1477 1262
631 174
458 1638
735 1093
347 1178
1207 1745
1923 82
1040 970
586 1665
1862 54
1338 1852
1211 1612
326 36
1132 193
372 960
1345 800
1731 1914
1038 582
1857 985
98 58
1876 407
1364 1517
593 1870
811 66
391 320
1678 739
946 900
773 451
562 1338
420 376
322 604
901 1562
470 343
334 1097
1038 248
463 556
1269 1334
1065 1920
1231 1469
1091 445
867 1511
525 1283
921 1275
1548 97
89 467
1264 1668
1255 1788
1168 1986
813 4
33 927
891 1544
1506 443
1345 495
327 1336
1154 1000
1042 112
1653 982
1061 698
985 1358
1858 689
570 1566
1410 1863
142 1291
857 1550
1599 1093
1200 1975
1261 923
1687 1570
433 376
468 250
1080 1996
1316 1768
599 409
51 880
491 1873
1332 1092
1559 739
664 831
546 1414
1592 1710
445 2015
1577 1587
725 996
1679 760
1190 996
1105 1375
452 1520
1776 353
496 1847
213 1300
726 1872
483 1669
1048 254
1345 1277
1790 1246
1371 1539
1074 907
768 503
331 1703
856 98
253 776
992 1370
1904 1867
809 557
783 839
133 1374
717 635
843 1339
681 1258
78 1880
1353 1541
415 1045
865 611
990 1245
537 898
1221 1771
1472 943
787 1149
1807 16
1796 1421
404 132
228 1965
127 236
92 185
927 1648
1339 1359
1276 1508
1556 1149
699 378
170 1169
553 989
640 122
511 1850
1836 79
1652 1144
170 1976
1797 75
600 1713
1444 980
1648 1057
354 1210
911 322
1800 1606
1053 817
43 1066
1232 1255
63 839
710 821
1675 1368
1425 348
1600 1981
201 748
420 661
402 27
874 481
657 1463
1054 85
997 1156
1357 210
1577 474
762 103
1422 648
510 2000
892 970
851 913
1823 44
1836 1
618 1968
1824 335
1635 63
906 738
1509 135
335 1342
1133 23
1430 695
1041 1937
1704 169
362 98
1663 2004
1683 1746
217 530
1256 998
1628 825
164 571
1575 1083
329 844
1898 1214
1088 1641
1425 142
906 1835
1019 447
1720 325
1215 1530
327 1137
546 1892
695 958
1335 1971
864 212
1230 1527
207 1365
719 1512
7 183
949 271
1705 1442
788 1665
1849 549
481 856
410 1921
862 945
1606 1859
699 1039
1450 1413
1351 1642
1667 964
666 730
726 687
1072 677
1623 1510
1382 70
417 70
1181 1765
1282 810
588 673
427 1712
1219 1639
1786 309
755 1507
1044 525
1320 47
890 1737
1820 377
925 925
1599 1725
765 3
1315 347
1706 1490
457 1717
326 5
929 388
510 1104
585 737
487 121
1569 1579
316 2017
372 1550
1346 1619
1889 1369
1226 272
223 638
97 1167
915 546
387 7
1886 1065
1135 1584
994 646
1725 1563
1724 129
50 266
1475 1320
5 903
1707 121
1218 328
1494 1277
1457 1492
1784 953
1680 1965
926 1938
577 1095
406 660
876 1927
80 718
750 1710
1179 371
1573 651
790 338
259 75
309 687
311 1239
616 1182
645 841
522 462
675 1705
1069 927
1533 1459
1080 1171
896 379
547 71
1369 1979
741 1093
12 785
1723 314
549 788
204 207
1285 1703
478 1479
1160 525
1217 321
1353 327
703 1677
805 1066
993 225
1255 751
416 260
124 341
1901 1734
1354 978
1645 805
229 951
1473 1680
496 600
445 1182
1024 1812
771 216
938 216
773 159
336 1110
585 1121
1635 1258
728 516
337 1592
1852 179
948 1603
1890 679
1762 1254
263 1374
1367 720
1745 1653
1659 1078
1475 1311
82 1609
1585 592
1572 856
240 720
948 3
1738 518
1105 1030
1620 630
811 1056
38 1308
1932 1590
1164 1034
1640 1747
1216 848
527 1428
441 1951
1033 1947
1789 294
812 448
215 832
1449 1806
320 377
374 695
699 1998
886 266
1910 1920
1462 969
1204 752
1128 1702
1260 1135
540 1723
1263 1986

Point Cloud 1238:
28 898
255 799
295 714
337 820
653 1993
1344 1057
1649 1533
1615 1371
1768 1412
1709 1359
1698 1349
1734 1466
1731 1454
1730 1386
1700 1504
1792 1534
1776 1335
1835 1400
1860 1889

Point Cloud 1239:
63 908
127 872
239 793
325 751
361 797
325 824
594 2009
488 1978
605 1995
1426 1026
1632 1389
1785 1454
1663 1355
1745 1372
1755 1363
1769 1379
1729 1485
1786 1329
1801 1329
1692 1521
1640 1387
1770 1572
1659 1535
1797 1944
1843 1806
1880 1442

Point Cloud 1240:
45 907
187 830
232 799
283 726
365 807
334 777
562 1989
496 1976
1518 1003
1693 1311
1699 1503
1714 1433
1682 1355
1736 1365
1732 1478
1617 1397
1690 1523
1741 1434
1648 1366
1799 1503
1642 1526
1772 1930
1814 1755
1868 1429

Point Cloud 1241:
48 941
185 832
251 817
332 814
351 777
493 1970
603 2017
1577 1051
1641 1521
1753 1568
1701 1345
1686 1364
1767 1409
1756 1453
1637 1414
1689 1503
1675 1486
1766 1488
1693 1531
1791 1712
1846 1400

Point Cloud 1242:
67 881
181 844
368 777
368 783
290 713
564 2016
1722 1334
1737 1462
1640 1411
1755 1289
1736 1294
1708 1522
1782 1354
1722 1496
1705 1469
1725 1373
1588 1353
1624 1550
1713 1062
1729 1629
1773 1720
1887 1423

Point Cloud 1243:
67 887
124 1033
162 834
157 844
305 744
288 692
437 1998
587 2013
1649 1545
1672 1404
1806 1498
1724 1405
1725 1428
1705 1377
1697 1509
1767 1378
1756 1321
1728 1398
1677 1430
1805 1504
1742 1628
1769 1679
1793 1022
1842 1404

Point Cloud 1244:
60 923
84 898
244 798
226 812
352 742
312 734
573 2008
1634 1529
1742 1302
1792 1537
1622 1545
1710 1434
1708 1401
1807 1472
1686 1493
1772 1386
1726 1433
1662 1402
1675 1359
1717 1618
1749 1063
1765 1706
1840 1421

Point Cloud 1245:
39 890
59 743
276 814
298 757
374 784
592 2004
1614 1553
1627 1411
1706 1498
1760 1345
1744 1467
1735 1410
1710 1394
1764 1539
1691 1394
1733 1347
1683 1397
1740 1434
1773 1129
1875 1420

Point Cloud 1246:
56 933
78 548
155 848
305 814
338 795
554 2016
693 2001
1604 1558
1736 1467
1771 1455
1709 1568
1808 1375
1665 1399
1744 1534
1805 1485
1701 1595
1768 1509
1698 1530
1764 1501
1742 1532
1797 1488
1742 1124
1748 1675
1847 1420

Point Cloud 1247:
9 970
39 897
282 842
286 734
333 781
525 1974
721 1990
1575 1143
1723 1615
1643 1544
1761 1399
1781 1428
1730 1522
1692 1570
1746 1536
1633 1545
1736 1297
1788 1406
1663 1516
1725 1370
1708 1365
1815 1492
1840 1400

Point Cloud 1248:
17 967
58 888
276 811
340 737
340 749
378 790
578 2018
804 1994
1485 1210
1647 1521
1708 1454
1708 1619
1747 1692
1710 1589
1793 1516
1741 1554
1631 1430
1734 1505
1687 1380
1672 1439
1666 1483
1753 1500
1746 1663
1889 1430

Point Cloud 1249:
8 1060
53 909
225 808
191 821
315 785
356 752
1416 1214
1616 1537
1707 1416
1743 1550
1800 1324
1730 1550
1754 1485
1613 1375
1686 1495
1655 1396
1708 1582
1712 1525
1677 1398
1802 1512
1764 1629
1885 1433

Point Cloud 1250:
8 1045
36 949
206 823
185 813
288 728
332 714
327 798
565 1986
957 842
1345 1072
1624 1523
1794 1331
1771 1366
1757 1388
1654 1407
1774 1337
1685 1399
1746 1529
1636 1428
1761 1457
1704 1384
1718 1376
1691 1418
1719 1445
1858 1402

Point Cloud 1251:
22 1032
66 882
174 837
274 835
318 781
299 727
606 2012
1090 929
1244 1041
1638 1538
1631 1429
1799 1503
1805 1411
1766 1517
1777 1391
1787 1360
1883 1410
1718 1425
1825 1415
1754 1477
1722 1523
1806 1331
1696 1369
1759 1517

Point Cloud 1252:
61 911
167 830
260 821
278 745
312 779
592 1991
666 2008
1121 1055
1146 966
1652 1509
1709 1548
1888 1434
1820 1534
1741 1397
1731 1436
1739 1574
1696 1422
1797 1488
1628 1415
1800 1452
1695 1437
1733 1366
1800 1529
1714 1421
1677 1420

Point Cloud 1253:
54 923
216 834
241 812
357 732
318 733
362 787
599 2014
658 2015
987 1045
1139 984
1630 1541
1731 1531
1656 1399
1727 1396
1729 1497
1706 1526
1749 1420
1682 1463
1764 1416
1828 1582
1810 1404
1824 1553
1701 1557
1706 1529
1809 1450
1818 1364

Point Cloud 1254:
36 909
177 827
241 801
338 809
339 789
316 801
572 1985
830 1001
1642 1522
1751 1482
1760 1538
1759 1500
1748 1509
1763 1523
1647 1392
1821 1570
1622 1370
1736 1518
1825 1453
1744 1469
1720 1563
1686 1483
1813 1363

Point Cloud 1255:
45 945
253 903
208 818
332 726
305 727
268 775
578 2003
823 913
1612 1543
1862 1403
1766 1421
1829 1464
1631 1377
1775 1532
1627 1390
1743 1466
1724 1546
1729 1530
1785 1457
1792 1500
1728 1396
1816 1499
1678 1426

Point Cloud 1256:
52 895
219 815
288 897
360 800
359 793
328 727
599 2016
761 869
1632 1534
1892 1446
1766 1505
1895 1432
1702 1468
1704 1525
1703 1498
1774 1499
1719 1477
1857 1448
1813 1406
1879 1405
1735 1420
1822 1431
1889 1425
1675 1455

Point Cloud 1257:
34 909
233 838
289 748
264 804
362 944
329 795
618 2003
734 1989
873 732
1647 1533
1736 1370
1799 1466
1824 1424
1702 1468
1725 1515
1826 1463
1656 1399
1711 1395
1825 1410
1752 1391
1745 1471
1821 1468
1705 1437
1787 1516
1812 1573

Point Cloud 1258:
72 894
164 1309
245 818
303 758
308 745
322 907
319 800
580 1989
786 1985
887 643
1599 1545
1670 1468
1775 1460
1689 1391
1840 1414
1776 1489
1666 1473
1727 1572
1766 1463
1628 1374
1706 1473
1723 1449
1872 1422
1724 1575
1815 1565
1817 1600
1797 1405

Point Cloud 1259:
58 922
264 790
224 830
284 912
365 789
646 2002
753 1989
880 499
1596 1556
1648 1392
1739 1351
1746 1528
1799 1494
1820 1575
1782 1552
1870 1414
1751 1382
1843 1558
1804 1363
1791 1366
1798 1457
1767 1510
1797 1440
1639 1434
1703 1561

Point Cloud 1260:
35 1180
56 943
288 794
350 737
210 873
326 915
597 2018
717 2001
990 394
1595 1553
1822 1520
1738 1403
1623 1383
1700 1415
1815 1402
1687 1427
1741 1575
1699 1381
1800 1451
1670 1425
1847 1530
1756 1505
1840 1475
1793 1530
1774 1386

Point Cloud 1261:
35 1136
62 915
263 813
306 752
373 780
376 882
613 1967
562 2014
1061 254
1337 39
1686 1424
1650 1486
1609 1399
1726 1428
1683 1480
1687 1401
1761 1337
1774 1311
1840 1410
1752 1474
1762 1447
1783 1419
1760 1519
1887 1420
1649 1480
1827 1502

Point Cloud 1262:
10 1083
51 872
302 756
332 798
231 839
391 849
559 2010
623 1971
1156 171
1835 1558
1635 1502
1733 1491
1725 1414
1754 1369
1815 1429
1666 1415
1651 1503
1694 1472
1721 1456
1732 1544
1684 1419
1638 1424
1679 1432
1739 1377
1734 1430
1757 1384

Point Cloud 1263:
59 905
145 960
302 796
274 779
268 830
455 805
533 2015
573 2018
1236 170
1640 1382
1616 1551
1789 1336
1721 1411
1677 1439
1722 1463
1770 1495
1692 1435
1795 1509
1783 1322
1663 1438
1775 1359
1834 1413
1756 1506
1758 1437
1649 1470

Point Cloud 1264:
61 891
119 859
220 841
304 802
316 812
416 762
528 1985
519 2011
1228 131
1808 1420
1757 1465
1787 1541
1619 1382
1862 1415
1853 1490
1744 1510
1721 1384
1820 1409
1734 1520
1723 1462
1741 1357
1668 1459
1700 1488
1694 1492
1781 1331

Point Cloud 1265:
43 934
316 750
251 794
308 804
305 806
388 745
551 1964
1396 145
1629 1518
1839 1467
1767 1449
1732 1363
1656 1507
1790 1323
1696 1496
1888 1467
1730 1508
1870 1515
1748 1433
1693 1408
1699 1414
1698 1406
1865 1419
1787 1329

Point Cloud 1266:
57 929
236 791
256 796
308 788
383 780
355 692
501 2016
1544 192
1603 1536
1727 1521
1819 1341
1794 1380
1687 1482
1652 1453
1754 1456
1638 1406
1790 1520
1797 1340
1728 1431
1796 1350
1629 1409
1819 1334

Point Cloud 1267:
44 926
185 769
195 787
375 784
321 761
298 731
323 675
582 1954
483 1974
631 1993
1586 1553
1735 1490
1688 1517
1798 1368
1636 1383
1729 1378
1824 1505
1815 1356
1773 1466
1874 1437
1632 1364
1780 1477
1817 1420
1827 1396
1809 1358
1756 263

Point Cloud 1268:
41 940
208 796
185 775
234 780
299 658
340 721
351 795
430 1981
612 2001
578 2003
1642 1547
1913 1376
1828 1363
1653 1409
1720 1427
1829 1366
1764 1387
1775 1491
1805 1436
1778 1378
1809 1329
1774 1352
1790 1355
1785 1388
1822 1388
1708 1410
1922 243

Point Cloud 1269:
50 932
186 804
265 750
206 818
183 703
323 740
343 803
662 1995
559 1998
1618 1554
1788 1323
1756 1425
1865 1410
1850 1398
1778 1498
1774 1484
1690 1502
1616 1385
1741 1428
1666 1500
1851 1392
1823 1337
1767 1480
1791 1537
1871 210

Point Cloud 1270:
67 904
220 809
262 772
194 722
211 832
341 733
367 790
502 2015
497 2007
1648 1552
1626 1431
1789 1535
1684 1360
1683 1520
1604 1384
1689 1463
1713 1322
1712 1461
1643 1390
1780 1490
1601 1419
1678 1467
1798 1473
1664 1386
1790 1344
1866 277

Point Cloud 1271:
58 916
189 701
210 788
284 847
293 719
367 802
550 1989
490 1996
605 2015
1617 1546
1758 1459
1725 1456
1898 1430
1702 1358
1792 1503
1737 1447
1815 1353
1821 1409
1757 1452
1676 1390
1696 1340
1785 1406
1769 1418
1789 1496
1711 212

Point Cloud 1272:
52 914
185 686
239 812
273 770
287 718
352 773
502 2007
652 2004
1645 1548
1660 1403
1652 1440
1694 1469
1825 1427
1675 1362
1659 1437
1787 1475
1652 1440
1725 1364
1645 1390
1697 1452
1651 230
1790 1535
1782 1327

Point Cloud 1273:
54 911
287 769
227 794
184 685
244 804
272 720
362 776
540 1968
588 1946
637 1979
1823 1415
1815 1361
1797 1463
1666 1447
1645 1390
1689 1482
1824 1355
1830 1403
1694 1432
1842 1382
1637 1365
1730 1366
1611 1543
1712 185
1822 1528

Point Cloud 1274:
51 911
173 700
248 773
253 858
248 708
365 765
541 1975
623 2005
1696 1446
1726 1405
1784 1461
1619 1481
1786 1337
1673 1486
1645 1527
1643 1392
1654 1581
1624 1439
1772 1390
1779 1439
1738 229
1772 1541
1886 1428

Point Cloud 1275:
53 930
194 745
248 788
239 820
296 723
326 825
587 1998
1610 1476
1659 1440
1603 1397
1594 1365
1767 1392
1653 1446
1745 1312
1764 1392
1602 1398
1797 1320
1769 1440
1617 1529
1801 1536
1789 331
1875 1406

Point Cloud 1276:
56 912
189 743
245 727
224 726
327 828
592 1976
610 1997
1590 1417
1707 1507
1605 1457
1635 1480
1750 1368
1757 1426
1666 1446
1635 1459
1690 1439
1682 1487
1694 1294
1830 1352
1801 1534
1806 505
1890 1429

Point Cloud 1277:
40 901
186 746
262 715
252 772
240 862
610 1965
617 1971
1625 1517
1645 1575
1721 1438
1641 1422
1754 1378
1712 1490
1615 1480
1707 1480
1635 1427
1689 1487
1656 1605
1681 1299
1732 512
1829 1523
1783 1331
1875 1411

Point Cloud 1278:
55 908
164 753
259 710
221 783
251 859
353 761
602 2009
549 2004
553 1937
463 1965
1684 1527
1777 1479
1717 1382
1599 1400
1759 1424
1776 1500
1711 1466
1640 1482
1653 1438
1714 1378
1639 1487
1772 1443
1701 1471
1649 1603
1648 452
1775 1536
1770 1320
1885 1406

Point Cloud 1279:
56 934
172 776
191 730
262 833
240 838
352 757
511 1919
540 1934
1634 1330
1632 1566
1761 1384
1629 1554
1748 1428
1806 1458
1674 1494
1684 1497
1693 1419
1650 1508
1603 1419
1580 315
1809 1526
1812 1355
1843 1390

Point Cloud 1280:
59 874
151 815
206 720
277 761
279 756
350 770
542 1900
503 1970
1507 196
1643 1317
1663 1428
1706 1365
1693 1400
1718 1534
1705 1361
1671 1544
1702 1546
1745 1467
1724 1498
1745 1434
1653 1595
1816 1512
1792 1323
1864 1417

Point Cloud 1281:
805 1840
1146 706
570 653
68 142
467 1308
677 883
109 1643
497 1157
1124 420
1780 858
1406 893
92 440
1863 1276
439 511
163 273
635 253
552 1619
41 1564
1646 913
48 1823
1808 1883
464 902
732 328
596 39
329 1950
406 8
95 1421
1720 1305
1429 1395
1565 443
1857 14
1697 621
1485 1224
341 1355
1275 982
1254 1464
1666 1669
106 766
1462 939
1177 6
1589 1827
1243 1239
1661 839
1012 1544
244 957
223 547
936 740
1031 193
47 1646
1410 1256
82 656
1858 821
350 1962
990 783
155 91
601 1743
1900 483
358 1083
1928 736
792 877
1465 1942
541 838
1672 1062
1092 4
1871 477
119 1528
22 1964
1913 589
318 1808
1000 396
1910 95
119 1281
95 1869
422 184
283 874
453 8
1496 870
513 850
723 921
695 909
486 1783
1684 549
1454 276
1378 621
623 51
343 522
1243 1785
160 929
1638 255
995 170
316 1946
1367 982
1294 1982
69 1247
1525 130
1721 410
1914 1472
583 1808
1082 476
1399 1173
490 1698
7 583
1135 386
1334 892
1624 381
1750 1454
1066 1559
1831 1860
1461 1832
1103 1084
343 1696
1716 1055
347 937
258 125
1152 1843
915 284
1372 271
1033 38
698 1182
446 615
1018 1681
444 1319
672 1189
865 1861
899 1544
1820 435
1533 1998
69 501
1450 1072
1155 89
1421 1887
1650 476
1359 1066
1372 652
522 1999
64 1495
365 21
1514 1465
1182 695
1032 1525
355 1033
1023 1294
113 428
1028 1664
896 1433
1333 1481
1802 1816
94 1180
1701 43
801 217
697 198
1836 1821
1365 1
264 1709
865 1978
32 894
872 794
812 221
716 610
296 697
288 1401
670 1950
1486 1936
1026 782
948 1573
101 1377
125 278
1775 7
906 1777
508 827
1647 456
1385 1050
649 1382
309 592
520 833
1129 1593
695 1425
1454 748
930 2011
1877 922
1659 895
964 274
272 1499
894 1323
896 637
1286 1465
357 1539
857 429
1101 1241
812 1356
1336 1133
411 1722
1566 1872
1138 1560
1909 1190
73 322
508 2018
880 1015
1416 678
681 550
983 671
1834 1416
125 1086
1051 666
1512 531
1243 1995
1135 849
598 1917
156 1209
1713 1474
238 1294
1625 1632
1217 783
745 1915
702 1562
745 1968
853 1480
1360 1973
1660 663
1690 1760
1798 1518
1425 1518
645 48
1607 240
1016 766
1610 1496
710 20
1396 1127
646 1866
1895 1379
588 942
565 646
1418 24
1185 751
787 1924
1272 1578
1544 1028
1487 349
1471 567
55 1870
300 320
602 703
360 992
869 650
1531 430
58 1219
824 1049
1806 559
173 366
1873 328
1288 564
1416 273
1897 777
154 192
1926 989
1095 1492
1499 410
1417 403
1675 871
1242 291
1119 504
1062 782
1157 504
821 239
1437 966
1930 1534
1319 690
38 619
1323 1060
1780 1836
785 973
755 118
704 1662
336 902
1613 1139
497 91
1372 888
655 1546
1362 887
408 36
1532 1545
979 1687
908 376
1071 202
1901 754
1436 405
1931 427
1864 1030
138 474
1844 933
1458 482
1218 854
1835 129
1287 276
201 516
215 569
1585 1159
292 1951
1450 66
1398 167
1479 1094
85 1638
1708 1212
557 1527
1810 1046
691 1690
1522 1241
946 1054
1477 1444
1419 219
1427 383
456 1580
1358 1402
685 1800
1493 338
408 1304
1048 469
1192 593
1590 455
845 1119
15 748
118 1071
1172 134
702 578
1563 399
1742 877
472 398
1877 599
101 199
424 554
1907 1881
537 1893
287 255
1338 1354
992 607
63 1808
1182 1157
530 1757
174 113
698 1430
712 1482
1192 192
363 1041
1012 94
1350 580
1844 670
1515 1358
1164 888
1260 1007
1769 2001
1576 1265
661 1355
1115 1351
374 502
550 413
1460 236
598 1311
236 654
1105 189
1627 1777
744 686
1726 553
150 502
1844 1042
1253 646
1333 244
132 1917
792 1380
622 653
1578 1439
83 1023
533 1950
529 1218
326 1112
1114 10
1932 253
1101 519
1019 1156
9 24
1363 648
1559 1992
1667 1824
814 1868
689 1072
750 92
1067 509
511 1920
815 491
978 754
1918 946
1679 1276
376 697
1654 980
166 954
1319 804
1776 521
244 1361
1374 1489
1165 1294
629 504
1730 1061
460 1572
1777 1045
1111 1934
1908 420
1436 579
1761 1858
1317 1262
734 761
751 236
601 1801
1228 1501
2 1004
1803 1281
1121 1065
133 580
1606 1782
1632 877
1362 449
711 1554
257 1115
675 1348
1342 1747
356 1704
975 630
654 1411
1678 114
604 1554
1917 1073
875 1692
1008 1286
867 588
829 1501
1681 1919
235 943
181 420
670 1658
444 1754
1375 1675
809 678
750 233
852 899
745 1803
374 131
1098 294
1315 1149
520 1919
1531 541
568 1612
1372 1260
1907 1120
1308 1307
1559 456
1020 847
563 1282
1117 1345
1447 1365
1622 1503
1700 1649
340 925
995 1306
798 731
838 1618
751 1189
894 1359
572 1780
1561 1084
1310 341
1477 1039
1132 1283
1000 1680
828 1128
690 1101
600 1650
1602 1657
525 885
891 705
1628 1052
1820 754
1417 1493
208 1986
1872 1383
1235 1119
1338 219
1516 350
504 1718
381 1083
938 415
1929 673
1934 697
1365 313
983 1290
852 1132
1516 501
1030 823
1357 1121
1049 955
1144 1764
1238 1626
1180 303
771 1240
1861 1911
636 1462
931 1662
19 1775
683 207
1119 577
1707 511
619 1542
1718 1497
1523 81
55 1172
1691 105
767 847
1439 969
1487 219
174 1418
385 1889
1347 160
1756 631
825 34
1728 418
760 696
1380 1645
168 1231
852 745
1038 1111
4 1598
1255 601
30 647
1350 1668
494 509
1107 358
1462 1811
1480 1404
1640 1930
329 1681
1731 631
347 1039
1924 1104
271 1895
74 1616
262 97
1859 770
805 268
1507 45
896 1230
1002 862
612 1208
750 1968
1404 1620
1205 456
1887 65
258 133
1206 719
1304 980
1641 583
1331 1743
422 337
1919 1834
1568 1816
440 738
1209 473
1800 237
440 417
1551 1928
603 1708
1329 1145
1416 994
629 1132
1380 1567
745 1917
1645 1399
1805 355
317 970
1329 671
932 308
790 76
1168 1349
1678 503
198 1541
376 1288
1010 616
624 106
1034 62
725 426
1910 1667
679 1041
113 845
625 270
661 1762
632 321
899 224
307 1102
203 1067
24 301
1782 960
1581 1684
616 1146
1606 1264
1142 1406
648 359
609 688
241 118
1122 1458
645 439
1628 219
347 1146
139 747
1914 144
286 194
1487 377
1287 756
429 141
1507 12
1722 685
1661 61
720 560
228 1524
18 1439
870 19
1450 1160
854 832
1460 775
1452 1820
793 1730
1128 990
830 703
1166 1765
1689 1528
1677 1711
1103 642
1095 338
1822 754
46 272
721 1957
1282 899
1090 938
1571 166
208 559
56 550
773 126
1928 130
1782 582
180 195
1506 326
487 1095
553 1285
1895 1695
395 1182
373 913
814 1331
1343 792
1754 1792
1927 674
1211 126
1059 1601
32 1971
737 1574
1842 1820
785 1602
1427 467
1286 673
455 61
940 653
445 27
1647 1599
443 1071
1555 473
175 1519
1823 892
240 1301
1620 1818
1096 804
990 824
122 972
1054 544
1866 25
1613 1007
1281 631
951 1218
821 1905
198 131
1442 121
1733 1230
1389 1179
908 109
204 554
407 1564
408 1477
472 1461
1752 1433
578 216
1597 380
740 1224
276 1026
686 771
1241 1051
300 1014
340 1855
1500 684
944 807
397 1051
939 1484
1912 1809
73 874
863 1676
1324 445
414 711
1294 393
1158 1793
1196 42
324 1568
58 1594
427 1096
182 4
851 1214
428 835
1483 508
63 214
453 1090
989 1698
1857 317
697 196
1919 888
676 1808
491 761
1052 254
493 288
1368 358
819 600
90 1008
542 252
833 1230
1369 414
1201 1931
326 1085
1764 993
1668 1130
688 1683
787 1314
186 829
826 304
362 1154
486 677
994 1604
1861 1877
1203 1972
1287 1039
1236 1167
794 792
291 547
1452 1841
94 1819
1309 679
597 1294
1606 732
727 1321
32 1358
1824 383
1014 1468
530 1448
628 1181
1754 1172
1531 97
916 353
708 1064
1666 737
1087 1571
1871 1163
150 625
884 1897
1455 1371
797 1548
1907 253
121 1425
920 200
1764 1193
1361 1233
1424 866
376 1666
496 863
1305 259
1279 53
1433 822
755 1986
1883 928
1019 196
1716 1173
1527 382
115 392
1080 642
1333 78
998 1127
635 359
1476 201
1481 1384
1903 976
971 1076
1464 1935
775 1159
159 618
1576 124
273 851
185 721
474 1913
1080 1546
44 1682
428 476
1783 782
1258 727
1934 1124
1317 338
493 1377
461 329
672 1949
920 1554
1234 669
53 994
1211 1548
1242 1017
1506 549
1725 1895
242 695
1569 479
757 568
1286 1063
391 417
985 255
1460 422
1372 1102
455 711
1302 517
691 940
1849 743
1542 139
1431 177
1050 1724
1646 1826
1628 56
1438 1925
402 1789
933 918
817 676
377 1750
222 629
167 619
1439 269
1034 755
864 1268
280 934
971 1978
449 1973
850 1837
1595 110
1594 290
989 377
562 1754
553 1282
1029 1079
1222 1206
613 916
1141 602
117 1234
1404 297
1259 416
1251 52
1651 240
1380 29
435 763
1575 655
1041 2017
525 612
1079 1337
1535 1286
444 206
1364 222
811 1584
1916 1824
1521 1156
375 1461
64 1931
1880 1521
286 974
2 1866
1286 1680
1626 645
696 1235
1426 1358
182 1542
1416 1648
1676 491
944 373
8 916
963 129
877 330
573 596
1182 493
1621 1918
1279 567
471 1964
370 1019
797 260
1122 938
1380 382
1448 1852
1785 680
272 296
843 1623
911 435
186 1826
422 1184
997 564
861 26
798 1944
282 382
1158 652
86 1755
1569 77
1098 1820
991 1454
1863 1258
1726 1110
898 443
625 67
1758 961
1831 810
995 202
1389 183
1750 1927
1802 891
1572 1442
1080 1241
683 1035
207 1348
413 1108
1226 661
1746 1562
1928 1399
1476 95
510 903
86 984
59 1941
1780 1867
1277 1392
985 1429
884 685
575 1966
1016 254
1636 1143
588 347
1344 962
1479 182
647 1737
667 929
1137 766
1865 780
1645 1296
1018 213
1852 1882
1868 843
782 107
1358 978
1401 965
426 1231
831 31
59 1087
420 1453
1800 1619
343 1784
1562 1574
1348 327
682 504
520 530
150 1551
1652 134
713 598
721 1497
297 1941
1537 876
753 660
229 914
713 292
1170 1002
880 1068
1103 1166
475 1319
1095 1245
671 1731
809 1825
1269 44
1621 347
1086 1260
1048 429
260 66
1756 1252
793 1560
1167 607
266 632
1795 7
553 1495
793 1933
1119 1217
1222 44
403 1003
681 1803
912 1805
764 1444
1103 465
1648 606
65 1308
1222 748
429 747
941 1197
1349 1581
431 1898
1515 1497
1283 1273
1156 240
1223 325
468 1058
646 1990
726 904
1727 132
1848 1683
263 803
989 522
570 1566
526 1862
1483 1705
1264 470
951 1974
988 1385
1167 10
829 829
418 193
118 1088
1145 1256
1403 1780
1240 1188
1674 1318
61 1900
975 806
968 732
1569 54
1001 1795
1422 1955
1802 1619
998 1558
1629 1076
1109 1654
1580 940
175 298
971 439
1126 504
1916 555
1216 1355
1458 737
923 1240
737 1439
1857 488
1476 1255
1890 295
658 98
706 626
1403 1257
1811 1157
643 338
712 1021
670 1211
1897 881
1425 1795
598 24
1788 257
1178 275
1733 440
1320 436
259 144
530 2001
1782 1181
433 781
1889 185
498 1779
1379 15
1378 839
1518 254
954 1636
580 1036
1337 1387
1096 1481
169 1838
485 114
693 1823
88 245
622 713
131 977
299 1789
1405 1136
1780 1937
1315 1524
24 725
1262 794
1010 1367
1219 631
84 134
815 578
978 165
1054 135
541 725
1206 1593
1526 48
17 1029
778 1267
907 125
730 302
1737 1978
512 1221
1872 179
1650 1165
1884 550
1727 1518
1287 265
1125 946
714 1988
297 458
1245 1408
585 1675
570 1389
445 1115
700 825
457 1949
1170 1001
45 893
1265 1523
1037 1444
7 851
653 668
784 1020
1395 1622
1149 1228
79 1026
1877 1845
1038 1690
379 27
760 858
1012 1705
1153 1993
6 1905
1808 1478
1890 205
665 1464
607 1987
1098 1920
175 1591
1077 914
955 443
754 722
1013 1803
1208 1456
1013 1028
943 199
1807 1656
331 1059
580 209
1351 179
86 124
589 1625
502 430
863 1325
1888 1421
678 1470
1914 394
689 1229
1894 1344
425 780
1309 607
1925 1965
369 1375
1127 1756
811 80
381 289
650 898
1101 939
1703 726
456 91
1521 278
241 782
606 760
180 1610
1531 1935
1902 1456
1143 1101
64 1751
202 636
1191 1206
1841 575
485 1234
433 1515
41 1835
1396 305
1332 721
582 1869
175 1123
948 754
1289 1223
542 400
1192 1514
1184 1504
596 1883
192 426
148 712
1418 875
394 1029
1425 617
1410 859
129 76
1576 377
1699 1688
476 732
662 323
654 310
1488 1850
563 1341
1801 1638
460 1995
1590 1047
1864 1106
503 1017
455 338
1402 2016
404 128
194 1956
1153 170
818 821
1658 437
1783 1944
48 269
964 1764
1335 1079
1668 1682
636 95
645 634
1221 197
1677 1458
636 1935
1591 989
291 1675
611 516
1741 294
1106 170
224 1687
1120 721
1624 1950
1641 278
1551 1117
1350 110
1498 846
1385 1812
354 1832
1853 1643
653 469
1638 790
312 1882
556 410
918 703
1329 91
1707 1701
482 658
805 1744
702 703
237 539
873 1567
368 1922
1496 88
723 175
1373 1935
693 1387
820 1669
1633 1770
1924 765
682 385
1571 1075
57 632
115 137
1924 1803
1615 156
878 454
340 992
239 466
1622 56
483 1754
211 1977
1264 1689
534 90
1126 1340
496 1369
1806 1197
1550 544
533 1137
367 1303
446 1162
611 387
317 1672
833 427
871 1900
1283 1033
228 1385
230 1335
768 732
91 1348
1093 1452
1595 629
1506 1755
244 880
1646 1122
612 1483
310 716
1085 538
1483 1234
156 663
417 1675
1406 918
279 1574
987 949
671 181
1470 681
1275 321
1905 1472
1538 1879
1766 429
691 90
839 485
1829 184
1198 613
1631 858
597 244
150 1661
368 93
1508 665
258 1472
965 702
1564 1445
1320 113
17 1646
1032 1284
1887 644
1620 1923

Point Cloud 1282:
1473 1532
649 593
163 1361
1269 1310
1711 134
166 1936
429 1114
1784 190
23 113
1727 450
938 1337
1421 198
1868 283
1229 1762
0 1423
1764 1490
1783 1643
1667 1829
1820 183
1863 1939
261 778
754 1266
40 1700
1327 1527
421 1996
1684 1429
667 565
1072 575
689 1839
598 1201
199 1272
682 861
834 78
1512 165
296 1086
815 624
1292 174
1627 1480
32 1151
1604 692
266 325
1724 934
1111 331
954 275
1906 1917
1501 228
1807 16
286 1433
34 269
513 963
508 817
175 113
923 1791
136 1000
671 1463
693 1187
751 1806
550 93
1875 1338
569 1397
442 1720
1623 404
163 326
2 1730
1126 1645
145 779
1654 1589
1092 558
494 360
502 660
1921 837
908 1098
465 1340
1819 1890
967 942
571 1790
807 1824
1013 1954
1351 1417
770 855
1764 793
260 172
900 630
1902 600
1589 1991
1194 1574
1491 1164
735 20
1365 341
1444 998
1567 1941
154 880
589 454
598 434
1425 1213
256 288
1266 484
438 874
1355 1255
1002 1851
77 119
1017 732
856 1391
563 593
408 670
766 100
589 1583
1336 989
872 1262
590 1406
800 1028
1786 1604
1931 193
33 1263
833 197
874 1779
1167 854
345 120
439 971
1751 475
1798 841
965 1259
483 1878
567 1793
967 159
197 405
290 943
1386 451
621 2015
1515 529
973 1448
10 1276
920 1482
254 1404
1155 728
813 812
1308 376
1555 1594
410 375
627 719
33 1689
983 845
1473 154
807 286
8 1121
173 1478
1644 170
672 459
566 551
1845 1151
283 1932
383 960
1776 657
1852 1209
305 575
952 460
1172 1955
660 846
1639 1942
999 625
397 1292
1098 1691
813 992
1039 546
657 522
50 271
1059 1836
423 1626
555 594
1161 1544
999 672
1008 1458
1682 1841
1100 585
1714 129
1689 1013
1775 1720
841 1232
120 866
1636 762
26 752
1587 1218
468 998
1791 496
1412 510
178 1541
84 1095
1458 1372
436 1605
1129 1675
1334 710
1046 856
1462 726
685 1255
620 1623
1027 1199
1449 1405
568 1706
1565 1261
1 547
1895 1426
529 913
122 1839
1781 960
780 1646
364 1844
1324 139
1680 479
1259 1228
437 1055
1769 1768
1921 731
1084 193
1683 1981
845 1226
903 1788
773 1482
412 393
218 451
1310 308
386 111
28 906
1248 1269
1167 1703
1461 1363
717 1155
284 1577
1587 969
832 1775
628 644
1387 1214
237 296
1010 219
1023 1021
916 1251
1031 1066
463 825
1383 681
1298 1230
534 2002
397 1382
529 840
936 301
1450 1353
439 29
677 1884
905 1219
1332 1067
891 972
1372 1185
1188 309
1462 111
520 1402
808 250
1503 1551
770 636
1686 1445
1643 1602
781 1642
1662 108
1496 1534
752 1467
253 1839
483 1060
906 841
765 1287
232 855
58 0
1876 839
1869 1431
210 219
1413 275
979 297
1502 491
258 447
1359 748
818 1489
1494 2004
728 1442
1167 1547
517 783
1675 686
167 685
79 2002
1428 1611
595 1214
696 450
1723 537
513 852
1096 2016
551 1128
802 1081
732 1890
1388 1172
1761 1199
1880 1836
1223 767
1070 1220
993 123
891 1936
1229 1074
823 826
784 394
1055 473
28 14
815 59
1090 1912
1723 214
645 347
1705 1496
1268 473
1337 1508
986 1836
115 479
653 1393
1579 924
899 1834
1138 1323
309 410
314 754
1395 1751
1227 2015
135 1262
1061 513
1525 1400
1542 507
1689 1531
1472 55
1548 1395
1665 1307
798 458
91 862
243 109
1523 357
1179 1931
1318 2013
46 1548
226 790
1199 100
960 1689
1492 1407
1604 1381
857 584
1627 284
1196 111
1131 1793
1403 905
471 988
971 1041
620 1862
942 806
1051 1217
974 1039
237 1552
1096 191
835 1449
1797 289
1224 1126
5 1065
1101 1374
386 1096
1750 71
1712 182
1917 7
748 998
1030 459
46 381
1092 1517
1208 43
965 536
605 871
446 240
265 1769
1358 194
1321 622
1584 100
1402 16
1701 469
121 630
557 1663
1242 568
97 689
1583 440
450 764
1214 1592
849 1991
760 1793
1478 310
942 1121
1564 1454
1182 105
1655 1022
1741 1100
948 1506
1039 1642
1864 380
662 27
1398 399
1476 347
1127 1000
757 666
1440 1610
1323 278
1189 884
419 1047
516 885
1595 1985
1243 600
1738 1897
851 245
886 1555
1266 1268
1844 821
1527 1762
1148 957
1418 984
1707 651
1079 1401
1623 625
767 919
1522 645
1791 197
446 318
1275 303
581 663
1790 189
565 633
1306 1157
900 1204
1171 1235
1915 940
1346 596
1073 652
323 1864
1468 1445
1405 679
1747 302
857 158
789 974
240 307
1717 1337
990 840
1550 164
1518 1926
607 922
1640 979
1534 1258
1789 106
723 1979
1246 85
1911 616
1200 1135
1790 1632
1885 187
1392 1952
208 1019
1114 1711
1219 1497
790 1842
1645 661
814 1192
329 593
849 670
287 1273
181 1871
42 1329
1418 1348
764 664
118 1235
922 804
454 1706
175 1449
226 1176
1012 1015
1228 1836
811 58
1366 987
1597 406
1158 1582
942 750
238 498
1587 1090
173 458
881 492
137 1073
606 1154
997 1802
566 817
202 1127
143 1078
507 883
1569 1541
1557 1840
415 904
1222 1355
1902 824
1854 815
1609 1910
853 1834
1254 1736
1933 1238
729 1393
209 988
823 489
429 424
1264 1953
893 345
420 883
1200 355
577 1393
838 772
135 1599
1412 275
1855 540
629 558
1205 809
333 1708
443 1388
258 615
1586 586
948 930
158 1887
1139 367
1584 554
1632 938
1754 1875
620 1476
1402 158
505 156
1508 1546
392 530
1773 2006
235 542
1591 245
1930 1104
1439 1213
1692 1031
638 528
1067 685
213 171
90 643
1069 1886
396 89
1395 1634
973 386
1545 69
705 1368
523 1014
527 1535
989 1580
1592 264
439 80
452 239
966 1251
1548 601
1625 310
408 595
1012 1330
1442 404
813 1976
113 1252
803 1530
103 928
81 756
1632 2003
744 1513
1368 1399
272 776
1879 1645
1410 1851
1026 834
392 929
175 940
1362 1142
1525 573
1865 1140
1654 400
235 929
931 437
391 1431
1117 124
1908 1142
141 1802
41 1516
797 922
302 1107
1115 1822
1890 1022
205 1734
1360 1026
619 509
3 1810
541 1244
1112 604
1258 881
1570 799
1606 1921
1149 503
519 1544
771 242
1082 1640
145 315
833 1697
119 771
34 103
1028 704
1864 1798
1020 1483
1764 1504
1409 629
1891 681
1928 1834
1351 1752
389 721
1589 1811
801 965
572 729
187 1636
1920 0
1537 1427
1149 206
841 601
226 702
305 1451
401 639
1565 755
914 1214
1085 1303
1825 1671
152 887
1450 1566
217 1578
991 1819
774 516
514 879
687 1810
582 358
1330 819
770 750
1581 582
887 679
585 1466
1752 1407
1869 458
571 944
65 162
706 1877
439 508
892 265
772 1648
1792 137
275 195
838 1460
752 1516
643 1604
238 453
1589 1477
1727 149
769 491
495 1018
1777 1914
1278 473
78 2012
309 1616
1846 1635
103 1781
547 1031
1931 1684
599 228
1492 1216
533 1891
257 1688
1760 368
1281 367
10 1063
978 31
1636 1666
1384 812
1030 1575
681 1418
1819 1860
1889 209
1165 1344
198 1980
1211 1872
1812 1862
574 839
1556 739
1572 1977
1374 1017
464 953
1752 92
575 407
388 781
1310 226
1718 1776
345 1350
451 1826
1572 1921
261 926
1273 1044
1465 1458
1134 1355
450 959
707 79
727 229
261 3
346 710
1840 557
1522 247
295 1701
1903 1167
1031 216
91 1649
708 967
1780 348
495 1562
958 1538
1808 969
1368 1753
212 1482
1927 24
1265 1916
1409 422
1665 1327
969 1355
230 909
505 1295
1552 495
129 1504
1366 899
1387 395
1289 1807
1166 524
1140 1499
1595 1232
515 1029
1914 287
896 438
1927 315
516 1185
1611 67
1926 66
1239 1782
1040 964
696 648
1639 1994
177 1539
439 235
920 1508
1933 1655
1291 385
549 10
127 1733
545 490
1777 799
560 1184
481 147
1180 831
1800 1322
646 567
1445 587
1432 1934
1210 187
624 1137
549 1819
1926 1822
357 81
1036 1935
1843 703
950 1270
1737 834
1345 1798
1465 892
591 1736
1879 37
832 888
1751 1247
1516 1250
1075 867
1429 1442
624 1509
913 484
845 1541
1282 1972
1391 1103
1270 709
1805 812
1502 1392
605 1733
925 1005
1493 611
1862 652
239 1918
1319 58
1267 467
799 1245
1457 1254
219 224
714 1055
803 1037
68 53
714 1065
987 1158
1852 598
592 381
1686 1026
1847 1788
1323 1664
1034 165
1674 1826
1012 638
305 1742
335 947
6 28
1852 895
498 923
1742 1165
523 1640
1237 1534
1612 1770
1529 711
252 1102
718 1681
1792 234
475 762
1841 627
1446 1710
1426 1622
958 516
667 27
39 1543
1625 1153
846 1716
1309 1330
285 1971
694 252
239 876
531 1686
1803 127
989 83
1926 1366
1299 1139
215 1609
1055 421
1770 642
1045 1920
3 1312
831 16
270 148
1692 152
449 104
1577 837
85 1936
1810 747
617 829
917 607
1435 127
1491 1835
1290 1091
1028 1583
158 500
155 189
1285 517
1322 1581
856 1480
868 358
383 1646
504 1525
258 1546
1541 1654
38 476
1240 1657
129 1662
576 278
1227 31
823 719
1260 552
1828 1335
1537 1914
28 1295
360 406
1084 1558
1714 342
918 1920
477 1737
1784 1569
1487 916
35 1272
1816 105
937 1288
803 1457
620 889
1273 788
1404 189
570 1007
853 424
20 1070
980 1274
820 1240
1155 645
1337 328
1703 302
1794 1952
1788 1790
170 1345
111 1041
1072 1219
317 338
1778 565
1630 963
104 1564
593 886
831 988
1356 1130
953 926
1644 1939
1267 834
753 1973
1078 1596
747 378
1782 115
1419 521
1014 521
1630 1531
1548 1021
60 135
714 246
1858 1285
687 889
767 1405
1528 315
962 1737
1856 1893
1189 189
327 1849
30 1914
475 494
933 1010
415 65
115 1884
269 1793
107 849
1761 1091
1262 1903
1662 309
1519 304
613 193
166 627
183 858
387 1451
1708 535
746 1529
1843 418
1045 727
1625 678
1812 361
392 1069
213 1210
803 612
1068 805
1660 1512
1383 843
1819 897
1664 1977
660 453
1490 314
1304 1190
191 1975
1336 257
1095 2006
1022 11
216 991
1291 1774
930 1736
1414 1090
1005 1728
1671 619
819 214
1583 240
1521 891
4 792
1429 1255
720 660
672 1390
1755 484
95 1693
349 1946
426 1980
1446 193
1257 952
783 97
1920 1818
1909 83
1772 508
1199 1754
1889 1809
1332 1011
1537 723
1932 856
766 112
429 835
1744 1451
1608 115
440 1702
1504 611
565 1027
874 1238
871 337
1350 1818
121 1661
157 1186
81 773
1854 451
1724 1976
657 904
1401 223
773 1252
1844 1078
1381 921
26 1965
1801 191
254 1733
1807 493
1818 1570
604 738
1432 1128
713 54
354 1930
1313 1601
1399 346
1444 1910
449 70
378 137
681 245
548 1322
1711 1196
1281 498
1576 813
1809 1930
1588 1368
1635 203
1063 1991
1453 1005
37 322
1616 667
910 1568
1411 260
1846 221
309 1137
166 195
106 1732
468 1899
475 308
434 1109
1167 212
786 315
524 317
494 224
1874 1376
1401 681
1917 1552
1605 786
317 816
1534 378
459 935
490 315
815 1357
589 220
849 1184
900 1659
1141 1698
994 580
935 623
1080 1630
31 1607
350 1553
1319 839
53 1353
1359 1518
736 383
312 1620
658 928
1715 1804
300 1554
1396 1892
1386 312
326 277
67 1034
1476 1979
1248 589
1419 289
42 1992
1787 97
1101 329
744 1089
1583 1084
1763 1590
165 1997
441 1803
964 451
773 290
1177 996
1408 516
1669 1940
51 1407
798 1226
75 1982
40 1183
1071 1332
70 1858
1372 91
1021 595
1597 438
1385 1539
1439 1561
1437 144
1349 377
1183 1794
635 7
81 753
1731 474
834 1058
34 1154
1088 34
1895 95
448 437
1532 1886
567 767
332 1035
1319 796
331 1213
213 848
967 1870
1022 172
1816 349
1730 1573
216 1110
603 1853
1029 1970
1614 1931
1572 1661
992 41
1555 1304
1270 398
883 814
1364 909
1476 1566
1894 179
1018 1599
256 1913
1286 1836
725 1965
1348 1971
119 165
1586 825
893 161
1395 1281
246 1918
318 1769
1378 1876
1876 1952
124 1828
269 1582
1797 1081
1178 1330
1913 1882
702 1095
280 811
1826 67
368 1857
1559 1280
1790 1079
1633 1298
862 599
163 1489
731 722
475 958
733 1515
1201 1133
1391 1284
1302 332
1345 886
633 308
284 1043
699 33
1607 1145
1670 1740
1261 1841
454 377
463 1632
677 907
1597 1126
1934 926
80 483
691 1107
249 1683
86 1012
568 1232
1846 838
1499 1039
174 575
947 728
1838 1132
1814 1426
1890 1865
1559 508
1054 1767
52 1050
1853 1072
75 1951
619 1220
497 377
1591 865
1681 1992
133 1203
304 1097
1165 1617
703 1908
1298 869
1257 1435
1732 1454
576 1268
1601 1500
1088 894
437 1050
168 1530
232 628
1736 1405
1485 785
1346 409
1148 448
904 1773
28 1706
1529 1860
1907 1575
1665 675
1333 1124
1843 1166
533 1791
88 812
463 1813
672 516
412 755
407 1800
1231 1552
694 181
612 1660
1496 565
1613 1350
586 1820
731 1724
750 1781
937 49
1510 22
1708 917
1427 1468
469 645
1424 1068
705 1440
1297 1725
1764 0
1510 151
898 1099
277 1567
1149 303
519 1689
628 1909
1798 74
132 772
1796 154
1667 166
1182 1998
356 684
1717 1965
1753 710
1909 1800
930 1382
964 992
780 728
1659 944
792 419
1847 1402
809 1367
1542 1302
932 1397
1597 696
1331 1359
1144 2000
1399 750
938 1406
1185 973
1556 1963
1269 668
532 1320
393 1449
866 612
48 1803
451 320
1851 739
1842 1894
1734 401
896 614
618 1236
234 1858
890 457
1181 478
744 303
111 1201
653 1317
1770 1910
532 571
1917 1040
1281 269
1526 1924
722 1272
195 762
1113 122
1660 1136
1230 638
1189 393
1587 1202
1564 737
1565 1294
1724 111
1641 1831
1653 350
372 1820
1924 921
1888 1038
1186 535
249 1569
1577 563
1432 1651
978 1481
753 271
1759 1203
624 659
1754 29
924 505
1860 1363
1156 906
1810 189
1665 237
1098 1336
434 312
1854 287

Point Cloud 1283:
1678 559
1417 1073
279 839
478 326
1172 1925
584 969
1620 1838
12 1129
785 388
466 1336
1772 1438
1015 583
418 766
1582 202
542 1293
1620 1272
424 333
867 219
1914 1887
1039 1088
1553 1170
1153 227
1548 123
1501 1096
142 290
966 75
894 222
1159 737
112 746
1905 974
1264 855
1163 152
541 487
1755 144
1163 139
1502 201
1532 1369
207 1098
595 158
165 581
1075 1275
477 924
137 2003
1483 1160
103 1135
1243 31
551 217
587 2009
1534 1114
740 567
533 1393
978 974
296 328
1502 1924
941 176
1673 1238
1546 1995
507 1400
432 685
289 1749
1780 841
311 627
1806 294
1684 1426
60 839
1826 639
116 164
301 1409
1194 923
633 941
1652 812
1649 125
4 75
162 978
1007 1985
1795 791
973 1706
561 1086
237 1686
148 1904
1783 1569
1424 1846
1612 1253
408 1650
1203 1636
1048 692
638 644
277 1666
1034 127
947 1511
106 901
98 1300
1145 1562
1689 1213
502 1863
100 1754
1057 881
609 1865
1140 509
310 1789
537 644
1115 106
1046 1870
1041 1074
1114 72
235 1016
1246 1830
800 1912
640 513
1753 1480
1168 1464
718 1180
592 1610
746 1971
1846 1311
1658 1579
1195 1925
1805 1217
700 639
911 1722
151 1862
1756 1260
197 821
244 1386
345 475
993 1341
522 1259
1912 75
1473 1896
1625 325
1903 1478
574 328
1702 1699
1700 1006
835 1367
1472 470
666 930
326 1463
219 1053
607 1367
1164 1151
1493 270
1027 482
1622 1462
519 1645
1538 1881
1861 342
1407 1561
614 112
406 1353
1318 310
721 357
1398 705
753 337
873 481
605 1042
1331 1380
61 1679
40 120
1385 190
302 608
1471 888
1151 934
281 892
1017 509
223 801
382 1498
638 489
1421 1850
1204 84
1236 133
1677 1001
1062 1834
531 1279
1805 36
262 1367
1587 263
1112 122
931 1401
13 1943
1596 1228
1099 514
696 973
1288 64
1635 539
491 1959
420 514
1887 1607
767 1654
1158 355
1116 1312
500 1983
1621 1886
1635 1015
628 1968
671 470
1355 1249
92 233
196 136
1016 1832
1423 1394
1247 910
797 1124
1502 1447
1190 171
238 392
1627 249
1423 554
326 1687
948 207
634 1260
427 102
122 571
783 1453
1124 1702
236 1618
637 1323
1006 869
1682 134
1 1148
1812 1268
1287 89
303 1889
247 1161
818 1012
56 1646
126 645
672 1682
1601 441
779 796
1909 972
935 150
584 1790
1222 913
1463 1340
1620 1981
1854 1230
595 171
39 480
264 72
1471 794
83 1264
0 151
1592 525
1741 779
1241 1130
1616 10
1692 1480
1423 1202
1051 943
868 1867
1024 860
252 362
1731 657
110 1243
1649 1191
1532 1373
1022 1193
674 1528
695 1855
447 458
368 142
1286 336
1624 1653
82 1778
1462 863
1840 1038
555 171
600 1959
794 867
742 99
1436 786
1141 1098
1734 486
455 1983
1431 958
1004 556
252 1601
1303 617
774 345
69 115
741 1867
1881 1621
854 1351
1023 171
336 783
35 414
693 1274
218 226
533 483
287 61
57 1423
830 1782
1904 1369
243 1365
517 790
718 1447
1764 735
356 703
1738 1458
579 1148
1421 259
472 1743
163 419
1920 9
1319 502
1332 530
1312 1448
489 701
579 1943
1087 380
1177 1114
451 728
501 1680
1188 837
861 931
1519 819
1348 455
1361 561
1880 882
744 52
1512 1402
1851 1040
319 1287
1248 1698
1584 735
1613 1328
83 902
308 1464
1471 491
1709 176
1568 176
356 771
943 1735
289 1533
283 1281
132 1674
1721 1446
1583 1846
1269 265
1077 91
1871 1065
1474 944
526 62
1645 658
194 390
1038 1077
1095 1668
1531 1430
1678 1320
1649 18
525 224
1610 148
1811 1611
743 1146
1126 74
1894 35
575 476
63 1551
1630 1525
462 992
1323 1721
1061 4
1132 1643
206 393
1315 1790
1778 1387
1195 1767
944 467
802 834
96 541
496 393
1135 400
1768 45
1644 234
196 769
241 840
169 1511
1297 662
1156 1173
608 970
1237 622
1140 1585
1732 1179
1562 1405
1339 705
480 1186
50 1811
1105 1658
416 258
1750 1245
1089 668
225 517
1571 1964
1099 1010
1071 302
583 682
1080 55
288 1388
1605 649
1341 2016
1416 1420
1304 300
837 1493
1597 1364
1369 1484
709 408
1798 1066
744 1632
415 1005
832 1758
1890 861
1929 798
1560 436
613 1260
1233 688
461 701
1799 1419
1716 1318
795 1767
1926 1728
766 1477
1458 72
702 128
802 337
174 1103
1108 957
880 1725
1333 69
1268 926
127 1295
1445 1066
537 1565
7 668
496 1417
4 1432
1204 615
1484 1036
1078 1511
1119 1467
12 1904
820 1401
1058 1421
1200 1233
1133 1759
731 1517
665 414
328 1939
1608 1942
87 433
1639 920
1168 1665
736 1271
288 580
1214 1115
1881 1739
407 1628
226 779
931 932
1201 313
1802 654
1377 1936
1197 1562
239 1729
179 1201
1183 1856
351 1505
1820 1795
252 1235
162 1094
404 727
47 641
1801 836
1560 453
728 294
1229 1414
89 840
243 1431
1386 473
1870 1673
1520 969
231 1410
1629 508
13 78
298 797
1762 65
1908 346
241 1495
729 87
413 224
635 964
413 578
1244 478
1725 1660
1075 548
548 1329
360 1521
36 678
864 1950
1368 1284
1147 1604
347 1161
138 1956
608 1359
1447 287
183 179
1186 1757
1803 1188
757 1584
872 1514
714 37
1400 63
1044 1316
1003 1168
221 790
646 968
1859 1208
904 788
134 1771
1342 118
1857 1001
1098 275
1474 430
1797 865
760 1998
358 324
1432 1681
1151 1246
1282 721
394 967
1860 1166
1243 886
1296 675
1650 1022
419 77
860 199
529 591
638 133
949 1909
406 1844
120 502
690 342
1073 1508
508 1089
691 1894
353 215
1115 1211
1549 157
1227 687
383 77
1846 396
1291 926
1836 1922
1348 1934
1377 4
946 520
720 791
992 1869
41 1001
249 874
791 1333
1302 1312
1415 936
991 1833
355 1489
973 1405
482 303
621 962
323 12
141 1281
1012 1341
1876 1293
996 559
1708 1915
1522 1233
1845 1674
434 22
1575 1379
481 211
233 1365
8 718
515 471
130 2
232 201
89 1073
1392 1797
1889 1310
248 146
1621 806
170 1046
1466 1270
66 1650
400 258
91 893
261 731
1084 609
697 1421
1836 1606
1298 678
192 392
1471 1581
402 1903
900 696
1821 1733
547 541
1754 1731
1656 897
949 1040
228 65
125 1040
328 1455
355 813
703 90
1067 1055
1764 1638
1884 891
229 1389
257 949
1117 1367
1426 575
1239 952
1293 170
124 1838
1241 1422
146 1148
280 1890
406 366
826 280
460 1557
1184 1818
113 676
1919 996
1081 731
838 621
1613 1954
1694 1476
1279 1066
320 1641
1838 1543
601 1725
30 1354
916 236
573 277
1186 1403
703 694
1284 1748
825 1297
1496 170
1807 1140
513 905
1513 1851
1088 655
599 461
1026 1947
719 1630
1741 1880
1006 1128
1000 1589
593 558
569 399
915 1432
1540 483
668 1920
1823 601
1498 251
1712 1541
1915 1068
423 429
944 1155
1857 614
1643 1887
1250 1342
1350 516
1869 428
898 1862
997 498
336 333
1855 1459
1712 1833
1126 1911
1154 936
1908 70
1055 1651
680 475
1441 1944
603 1204
1270 603
1353 895
1167 1731
56 1823
1238 743
728 1224
458 1706
1169 1179
196 1157
1753 497
628 1468
317 1085
494 336
1631 1838
295 1896
1222 1052
1414 200
342 1795
1913 1134
538 1914
1065 1304
486 24
1601 1860
990 618
1402 983
1294 1687
1157 1589
1459 1051
1848 1427
518 88
1408 1028
1343 772
1050 1360
1464 937
1815 281
124 729
1691 998
1869 647
581 1468
1591 346
446 478
581 735
1583 1713
38 602
1788 227
340 1356
631 467
238 1032
133 60
284 162
959 397
1688 1951
679 433
138 1929
1293 1858
157 314
954 1777
1899 1803
1473 412
1263 612
1800 104
1 1094
1641 1721
858 720
1050 1246
598 1222
1433 790
178 382
1895 884
514 1841
583 834
465 1516
1756 1314
421 394
838 1012
1600 936
1535 1918
293 1619
695 737
1019 489
427 1443
1288 331
735 884
477 1004
1215 528
572 395
545 399
1297 448
1230 1457
918 1065
910 137
511 1408
1522 729
883 2013
415 727
1854 428
1764 1057
328 1571
1388 1082
1056 1420
832 1791
49 1702
1228 898
1527 416
1842 1225
271 502
56 1581
1093 688
583 280
663 1724
474 1481
1248 1038
1248 376
584 982
509 786
1839 1367
1596 1784
745 983
1595 781
877 314
1827 1508
603 585
956 1082
552 632
316 563
369 844
1724 626
341 873
1222 551
151 1014
241 1423
1480 1830
696 1040
1024 645
675 97
1424 1449
222 1819
1748 1581
476 794
1327 1003
108 1141
1306 448
1297 491
939 680
1501 1935
243 537
1441 836
593 789
1666 1089
200 392
1724 1314
1541 610
1711 1600
446 1001
1480 129
494 221
396 1095
1518 958
1451 137
167 100
1122 1992
1001 1029
1908 1668
1613 623
1412 577
727 1164
414 1779
1927 1753
1630 326
1080 1382
1871 1976
1145 1055
1781 492
628 104
275 894
190 2015
221 956
1501 1947
1118 1079
1646 670
1255 686
1397 1580
584 95
107 686
1783 1860
1007 1554
1280 544
1097 302
866 919
978 404
1238 784
1082 1576
1273 1450
1729 573
1234 1379
178 1660
1340 915
1371 631
1043 103
188 760
1071 1776
158 505
1866 673
913 1441
742 1296
1925 1040
1483 1563
1909 562
719 392
714 1216
1570 1507
1826 115
1885 1373
620 701
615 1920
1112 1581
320 231
1774 1045
53 927
919 52
773 1488
1819 470
324 617
634 194
1115 1959
604 940
1603 753
688 1189
1702 1459
669 1741
52 360
1251 314
24 1521
1180 1189
1916 1759
399 1494
1555 1929
567 532
1246 112
1724 186
1402 328
691 1992
251 2010
773 1595
1643 1341
1524 1546
363 838
851 396
819 699
1868 1111
505 521
1220 954
305 771
1268 200
653 9
1369 439
1308 422
1278 1720
579 1033
1909 1690
1189 1910
484 1370
1588 529
761 1628
72 797
1200 470
809 1389
478 1388
1401 784
923 182
1031 9
1613 285
1429 653
1856 339
1205 458
1613 1105
1225 126
523 1664
1006 518
1603 351
175 1187
229 697
880 1551
195 108
487 1701
1048 1865
340 474
1919 983
585 1733
1580 846
205 1073
1705 1718
1915 254
1525 1269
954 210
919 672
1852 960
803 1419
1604 1420
317 1188
1062 1136
12 21
1180 1159
1915 1041
1327 314
182 1303
1189 1410
322 408
1190 1310
1177 135
1191 1053
725 293
1928 431
1725 816
48 732
1883 668
227 671
387 1353
1368 957
933 913
1631 991
1022 1862
1685 794
568 2005
1723 201
1611 1255
637 1274
290 537
985 1
969 599
102 1623
1116 796
1921 1113
1262 177
353 1167
961 34
133 1336
1385 39
479 1957
1685 50
1226 949
240 452
716 896
1268 516
175 402
84 354
1816 1607
466 917
407 1090
1880 1261
1727 730
1842 988
1382 393
248 965
728 221
925 867
525 57
636 1700
1148 722
32 1482
654 81
1268 15
177 878
1478 1912
1638 207
1152 101
310 256
111 975
805 691
564 99
1048 988
1656 1920
1235 1710
230 625
1255 723
191 2016
307 1805
1178 1952
617 1391
896 690
1506 1972
610 1018
1435 549
762 335
1306 1370
1065 1773
473 1465
700 1570
801 68
826 770
1123 236
1229 1763
1758 1367
244 26
373 773
1440 441
930 713
1586 492
1680 1804
1126 242
141 499
1146 432
1243 1829
166 450
1209 57
1884 1479
159 1915
1632 1578
870 1050
606 859
1927 476
1453 544
351 1373
1371 562
1729 1251
1918 342
897 1770
942 972
379 1853
1490 1577
667 126
1353 245
1405 318
1008 1094
152 878
639 903
1584 981
1416 1599
962 1875
1407 1193
2 136
639 162
459 851
887 1486
1608 221
1920 592
1780 1743
622 920
894 701
560 1204
1105 1255
494 421
1025 1696
1622 1607
1243 965
374 1516
1364 147
1850 1085
1770 256
259 315
640 1777
1876 398
1819 439
1165 455
395 1785
148 107
861 1720
1465 1667
1037 1837
571 1883
1397 178
410 1429
1145 1184
373 2008
73 1831
1369 703
1122 449
550 1500
1846 1122
421 1288
1207 1887
495 1866
1848 467
725 1763
1930 120
602 1245
12 208
1796 857
286 1670
100 1737
288 1934
845 334
245 176
1337 294
1843 881
685 699
503 1838
7 713
1890 390
1761 1581
1374 947
1882 997
1739 779
791 1679
1424 1631
688 946
1769 953
1109 1880
1639 1653
765 164
1303 114
854 807
1389 1229
367 620
477 1538
641 552
1190 379
1563 614
983 263
1518 1275
1125 1048
1243 890
993 1655
85 304
1049 942
180 365
1313 1875
1536 1839
1625 1451
67 1106
659 1557
1562 762
552 773
1460 851
1080 1169
1292 1147
331 1300
299 1903
1363 1298
854 1098
1186 828
1397 162
1567 1765
1117 46
1462 871
30 1606
1274 1883
116 1172
1690 1278
1745 830
573 1433
54 1037
309 352
1629 1948
197 829
59 1036
1868 560
492 1348
73 299
1732 1237
749 1255
860 787
1190 1726
1494 1057
933 1600
278 1630
862 1207
1704 554
1558 918
54 956
912 817
1085 1075
637 119
1435 1840
1707 1813
294 2017
778 1815
1796 837
1755 398
1067 880
327 1234
633 1375
986 1442
1394 269
1896 1376
1320 896
1073 129
766 65
362 127
1772 519
160 1938
85 1829
556 510
100 518
1591 1059
241 1452
1283 1931
1931 1961
232 1124
1568 347
1756 1833
1602 826
1539 677
901 1252
1601 107
498 2014
1229 1504
897 2003
1486 239
1279 1581
1129 796
1088 1137
1111 1684
533 625
465 1982
479 1705
1418 1481
77 451
1454 1239
1737 1754
503 1815
1711 1664
85 754
408 1539
1770 1788
1291 1464
1144 1513
220 1598
265 1600
323 453
1749 1629
629 609
781 730
441 873
1891 1537
1213 958
1018 679
1800 1086
834 1011
457 115
437 654
93 1315
1257 1027
804 1778
1842 1050
142 1461
1914 677
1075 1938
967 1575
1367 1990
29 1438
1581 910
1919 818
548 1869
729 934
1731 1617
811 1757
1061 268
1455 602
394 1058
148 638
28 615
282 1843
870 244
959 327
170 911
642 1493
1689 1630
1045 1013
1155 1002
626 1633

Point Cloud 1284:
97 859
179 745
216 782
238 859
356 768
545 1922
502 1890
489 1871
568 1959
1315 1357
1339 1363
1567 515
1592 1481
1792 1475
1890 1432
1879 1428
1660 1460
1638 1447
1702 1447
1762 1371
1666 1436
1720 1420
1816 1437
1855 1397
1663 1587
1772 1525
1793 1316

Point Cloud 1285:
59 902
124 767
222 792
250 870
363 755
423 1893
533 1991
404 1906
1327 1360
1392 1348
1471 693
1681 1383
1683 1486
1686 1396
1730 1372
1864 1374
1824 1402
1698 1444
1790 1477
1756 1402
1691 1495
1847 1473
1782 1398
1622 1556
1792 1516
1781 1321

Point Cloud 1286:
16 1004
17 982
115 785
285 770
243 841
360 775
482 1878
544 1890
501 1923
527 1976
1355 1374
1398 1426
1512 810
1586 1488
1800 1477
1578 1369
1601 1383
1648 1416
1603 1375
1718 1508
1612 1413
1639 1562
1802 1522
1799 1349
1823 1430
1851 1457

Point Cloud 1287:
15 1004
55 895
140 770
229 808
339 805
436 1964
527 1958
549 1865
1423 1451
1510 1375
1582 918
1610 1457
1668 1403
1775 1415
1723 1375
1739 1400
1711 1498
1700 1406
1676 1417
1679 1591
1829 1517
1801 1329
1828 1454
1873 1417

Point Cloud 1288:
83 343
1419 1135
63 534
969 982
1378 97
1671 1574
1082 1578
1282 1256
1786 928
1114 1503
281 1839
1846 1343
1900 1324
1007 500
1151 1442
860 219
326 1497
13 1174
980 278
813 547
539 1743
1698 2003
709 1487
374 714
477 1040
780 204
975 1170
346 1557
1003 1611
1094 1097
1769 44
1003 1656
1675 1730
288 1325
1248 1693
1120 768
1269 968
1028 1658
1459 1351
1563 1759
892 1637
449 615
950 1148
1252 1954
994 305
1262 1827
227 879
1348 1756
1251 1824
127 413
195 1159
1724 1976
1635 1400
131 218
617 1628
1513 1955
10 1323
15 1347
857 1230
1157 1586
17 1288
933 266
888 9
1729 1858
28 267
1412 1616
232 1681
1027 753
1826 72
259 493
1467 1341
1570 197
1580 1889
1336 674
98 1574
376 12
1518 1455
1716 906
771 1181
1631 1371
207 420
296 482
1785 984
485 1317
820 466
1294 1370
17 459
1424 877
1571 835
62 1510
1071 1240
267 148
1642 182
1915 432
75 1186
1369 999
793 1074
597 586
908 615
1717 956
227 1519
1682 219
1593 157
1439 448
777 958
918 1928
1479 259
1460 693
127 253
1517 37
380 1558
1783 1483
483 1769
782 1754
1123 149
1451 1586
326 1836
286 1218
1114 710
1433 262
390 1046
1507 766
1316 787
1412 945
1928 1090
395 533
82 180
133 1628
1413 1462
405 988
719 1127
977 1653
147 719
483 598
579 347
184 1838
1259 34
1670 288
1870 1000
1165 1432
1451 393
800 761
1714 746
1470 326
148 853
705 149
488 877
141 364
846 1189
943 1280
1507 15
1769 1109
851 545
788 1231
1069 779
1853 1742
1925 1655
1285 760
1901 381
1269 1047
46 1271
1803 959
519 1272
1732 1167
875 253
310 707
1071 19
2 622
1581 1860
175 1879
1815 1563
1454 1700
1884 423
1933 917
17 242
20 1823
649 904
1696 620
1504 886
404 1022
408 1550
1340 804
1110 1014
1689 722
998 1879
579 1250
967 230
1843 693
288 100
440 168
731 1182
1060 1802
1315 1810
966 1366
1652 1598
237 1922
792 1953
1442 832
273 1354
588 1829
1019 808
695 474
1740 1642
412 1710
426 1628
942 1207
795 1270
749 468
637 1986
935 658
1737 848
1407 1114
1272 200
1400 958
574 191
406 1955
651 257
1614 1298
1668 1239
377 1324
824 1664
508 226
1640 667
274 1293
1803 576
541 298
1588 197
1385 214
1123 1342
1248 279
138 368
978 1058
1875 1846
1798 898
1319 259
757 1100
716 463
1142 1291
430 1510
1250 857
1425 1828
849 345
1615 258
1868 1455
1401 666
1508 1001
1367 1324
1341 319
473 619
1532 1761
930 1099
1412 682
763 1078
1256 781
546 985
1512 1640
947 595
1854 534
0 1279
1409 171
1418 343
616 1325
302 480
1916 469
707 19
419 1144
1079 1577
535 8
1930 19
1783 668
1120 295
679 1312
470 0
1744 295
695 899
455 1640
1577 1176
329 1582
174 1819
621 336
1650 1524
1543 1552
112 566
640 567
968 1781
439 1149
554 837
1140 24
1373 629
425 1198
863 1385
1883 278
45 1488
1709 124
659 589
114 1640
1229 466
473 487
1056 1312
1119 1567
884 1330
1843 1479
694 1605
845 859
1146 221
229 499
1485 1152
818 1519
141 1290
1912 986
1822 1420
703 2004
191 19
540 369
1756 592
695 1555
493 755
46 1328
300 2011
1279 765
172 343
691 946
50 1198
976 1499
1235 401
1463 299
1561 1445
1848 1610
436 1615
1826 962
995 164
1836 285
1379 838
1567 453
708 277
1254 686
1915 860
1632 563
1245 461
1296 231
153 745
1180 1333
1634 823
887 1306
1474 365
122 1054
193 1030
208 589
1850 957
811 1093
1153 577
1496 577
237 1893
705 717
1757 909
368 436
883 1504
1410 423
1591 499
436 1428
522 1819
457 1988
160 1477
1458 1184
1054 1913
644 882
319 1121
1088 1490
554 40
892 1297
1140 839
756 2015
1700 237
706 318
1492 1982
1499 1426
649 1714
1237 977
1143 1729
1245 855
37 1528
1232 99
1608 1930
1442 1516
404 275
222 1135
583 424
610 843
1179 990
887 901
1868 1826
1545 478
1112 1599
1292 1919
997 1331
1453 1666
1672 1593
1041 1070
1270 1185
1067 757
1351 205
1384 1309
1356 601
926 1965
1545 303
160 349
110 1456
255 1100
616 2003
865 774
134 1094
1623 178
211 1257
1116 34
682 921
252 1441
175 711
555 1857
1050 1915
254 224
1036 146
1030 872
466 1101
621 1366
236 18
1538 778
144 72
1114 279
392 1266
315 1572
1321 1560
1183 1555
23 1809
1928 1490
1310 770
585 1863
548 618
1571 321
1477 825
546 1331
733 287
554 1183
1597 983
757 1031
28 1184
82 768
1333 1569
1017 865
1444 529
1097 1372
110 1521
676 196
791 1977
787 1486
698 73
1545 675
897 170
688 323
574 1688
1563 845
446 1273
1914 1336
1790 299
972 484
364 2014
1527 1447
996 863
292 538
432 393
1305 763
1157 1365
664 822
393 1202
1398 438
350 1816
378 1950
1714 797
1924 230
1771 472
1688 912
405 772
1904 1675
1501 738
1036 1576
1359 1818
918 1099
738 365
214 1320
669 1386
948 1919
1622 1796
1623 1668
230 156
1286 1103
1259 1955
1508 831
1247 1597
72 169
1350 327
1248 1614
803 1450
877 1572
1662 535
497 1536
642 548
259 88
131 1246
624 1881
1399 83
888 1658
341 999
889 1010
324 1423
1652 367
782 1273
1654 1764
1519 93
1400 1192
333 1511
1672 1538
1035 110
1148 1137
1053 421
625 693
62 1454
1635 1436
1374 543
1510 1997
1106 1168
1887 1732
1192 533
295 1895
1854 33
1555 1457
1574 439
47 2016
788 737
1478 626
1617 936
285 813
79 841
447 1447
590 136
762 1257
385 963
1426 1440
744 459
1093 1729
1316 134
877 263
797 955
1745 81
1136 1880
220 1469
1656 365
1824 459
1145 1001
1395 1985
1684 216
545 1115
1165 92
1629 900
1453 125
740 1627
383 148
1927 1514
246 1373
173 822
1470 1370
1706 1612
573 1284
1652 1670
1226 891
1505 477
1626 1031
1451 1385
685 1725
1819 240
683 1966
797 385
563 79
1180 401
106 218
1638 1028
116 1267
177 1556
804 75
1492 1714
311 1815
216 1941
731 1875
533 136
627 1121
1746 1337
701 336
1711 945
56 1857
671 1729
1296 1402
904 1804
571 160
1005 1244
1724 320
1242 539
1378 795
43 1782
194 1076
1590 676
555 1919
1043 174
1299 1676
435 574
170 618
1841 444
1688 1591
1093 1433
1113 1145
1634 1822
40 1370
847 353
255 131
1787 1881
1006 1071
1745 176
1607 1355
783 871
1828 469
1492 112
308 1529
81 1430
1581 961
909 314
166 902
416 1171
1058 294
499 297
633 69
1421 1279
643 2018
439 1060
759 1147
129 1169
1279 541
1476 1876
264 441
554 746
396 4
1046 434
1305 457
299 441
1930 635
1160 408
1523 150
716 962
382 1909
975 487
1427 1085
1233 400
1917 849
1810 500
714 1139
960 485
322 1772
372 1280
1036 1536
1403 345
1258 899
1919 1423
1433 1167
237 930
1586 239
1019 1243
17 1013
1095 867
1559 424
1358 454
794 655
508 425
570 959
1070 1980
135 286
1800 911
1534 1017
401 805
668 1715
301 1212
263 1827
870 1261
1609 249
1740 1900
1907 1238
1686 930
1728 1727
1873 1221
355 721
643 144
542 869
386 1040
1102 78
108 15
213 437
983 1944
156 1862
178 1272
1682 1519
1268 492
1827 1474
1781 240
1293 1640
548 635
734 385
1391 1026
50 485
406 1798
1444 1374
535 1400
1241 1319
1923 481
635 1218
1689 756
1338 347
1790 1476
413 422
1026 1114
230 4
1462 1768
1539 651
1861 270
552 1059
772 150
1810 492
379 958
85 1335
1324 1234
920 1959
1405 166
1063 123
1273 1966
1440 278
430 725
1891 1072
495 447
803 741
1838 6
1474 1817
996 865
807 1481
699 559
588 1433
1407 1838
246 1008
934 1813
1795 953
1480 581
1726 1975
870 1536
693 1642
1257 406
348 483
403 302
678 1148
760 738
1888 1062
1631 243
1226 1659
1202 32
626 1434
898 210
1339 1985
440 978
169 293
554 772
205 691
435 1791
489 1960
1077 1931
508 725
1670 1409
1719 1391
224 582
25 2009
1284 1013
183 1216
1499 528
332 981
335 1886
831 473
1037 47
1355 297
943 149
501 1017
1183 1825
1411 1071
826 425
550 1210
350 918
1796 1619
1179 1921
638 1050
329 1226
1157 1717
1588 300
261 16
65 1726
800 365
1522 592
1733 751
1233 1647
448 158
928 1560
1067 1924
1536 58
590 926
371 1769
1369 1194
713 909
474 1098
766 602
709 1714
1182 611
100 1137
1068 729
1078 1959
386 218
307 652
1704 1660
364 1404
403 1198
1538 1031
1760 1675
983 97
804 468
1691 1082
201 820
1065 1348
785 1580
797 1113
68 428
543 911
1596 1387
1796 1219
1207 1163
698 114
1914 1817
652 1290
623 1623
329 584
1265 568
792 108
320 1587
1813 1684
1149 612
1732 924
1634 801
1865 1302
378 1875
3 1236
1475 1788
1664 1851
749 1568
1245 2004
702 1974
1643 321
204 1573
1085 493
124 1021
1589 496
734 1638
1388 111
1764 1250
993 1723
1077 1368
1855 885
210 792
1380 1472
472 743
1391 1399
1323 334
171 1663
982 2000
365 392
20 1109
705 855
60 1723
280 697
291 1158
1875 1913
1770 63
745 251
1389 1836
1071 1998
27 854
1129 293
1238 1022
906 84
1306 511
131 1656
406 1034
188 1804
1744 1071
1284 49
1655 926
1237 1494
900 1679
1930 855
1484 947
256 1140
1278 928
1366 1243
1721 1733
1548 554
34 1865
265 1227
1252 286
622 267
1427 869
1546 991
94 967
1287 1459
1808 1358
479 1554
969 211
949 1106
208 1106
1433 1633
773 1964
333 1094
692 219
507 1442
1852 703
1817 392
1086 1266
1342 586
513 1247
784 1118
802 34
1332 1211
1901 536
1806 1105
1796 46
1565 590
1513 1643
1081 1209
1169 653
1478 913
37 1886
963 629
352 1119
1069 682
1008 477
1228 1939
195 1252
1337 1207
1545 500
707 939
569 1790
1918 1480
1613 1495
190 911
715 933
1158 1413
367 1032
277 1269
477 1938
1127 988
1576 874
28 543
61 1330
1686 270
1079 164
196 1774
179 1081
202 1530
1681 1113
931 1156
910 1598
813 1502
1746 1237
101 1072
196 650
519 1543
1765 551
365 1461
256 736
1314 1677
16 1603
1413 839
757 512
802 1053
1570 1804
1014 1846
1067 1888
844 1449
1450 38
114 1169
1320 873
670 1762
1061 527
62 552
781 1844
1621 1011
422 1349
478 1840
1747 322
1256 697
840 1169
1602 1894
1094 1000
841 253
602 1557
996 506
905 1014
264 97
1585 392
1077 657
871 145
339 1910
1620 1594
1588 488
321 881
1874 215
1912 519
432 1699
797 1617
27 595
1513 1348
1633 899
1789 362
988 949
1855 451
427 311
1678 1091
1556 1213
1907 1749
1749 1653
967 1123
1605 287
1654 294
1523 634
276 1711
373 770
360 269
985 1096
657 1571
822 894
603 1441
948 432
206 772
25 1828
239 1934
1784 251
1524 1890
1656 773
1118 75
279 588
1443 1347
1763 186
707 890
1807 162
214 1664
1858 1498
549 1670
1118 1450
355 1651
1126 1742
1336 128
1552 232
840 1656
1242 688
748 1282
1711 484
75 1590
1672 1930
1174 1161
1200 418
163 1633
160 1164
1900 1243
648 903
526 1853
284 769
260 1465
982 1488
301 1214
1891 968
1839 1788
1635 1936
1374 1031
1492 1904
1504 1320
1669 1806
748 1860
743 1312
556 218
662 216
12 403
1817 1063
433 1773
1816 805
1017 128
1027 574
1102 422
775 1908
1490 32
10 1111
1641 1222
1888 845
400 406
405 1866
1518 1976
1432 1669
811 229
1891 256
1304 912
1764 1874
1727 461
194 845
866 1873
44 962
1518 572
1119 1268
1269 1882
85 1639
1881 812
1772 859
1271 1466
402 843
1205 1521
622 360
115 1730
1397 1336
405 49
418 1048
425 1880
1574 254
678 1385
1020 597
381 1616
1339 1367
346 1800
766 552
1241 161
1192 1071
685 1515
1519 231
819 1125
875 961
786 1671
357 1711
426 1711
1286 675
370 816
390 977
1450 1799
88 1891
1167 1018
782 1759
1463 1352
1286 222
978 790
1851 1411
1277 1450
940 183
770 1891
1777 1274
1590 12
1464 1960
934 663
1201 1020
254 1386
1068 413
1506 605
509 961
1552 1395
1925 1072
1664 972
422 845
236 577
970 1666
1838 936
551 880
869 851
1540 1549
81 1181
717 1206
839 2012
462 1407
217 1984
1890 579
229 1558
1558 1207
19 115
1324 836
1672 1920
1515 935
1225 1819
1176 1153
1316 1289
319 169
1567 970
1156 896
587 869
606 827
1208 584
293 1366
1662 273
484 1738
263 1793
893 489
1821 363
1459 710
257 1399
1211 1734
1670 1602
616 540
1115 495
1636 937
1412 1564
1055 344
71 1319
428 1995
1327 1470
1225 328
1083 215
1422 734
1050 590
827 1445
1533 1600
1356 432
288 1912
1329 194
544 1812
666 862
212 128
1446 1137
170 1555
673 385
1885 942
545 1277
529 122
175 904
551 585
238 2001
1247 1031
1117 653
1136 753
1058 1687
525 154
1079 1325
107 1075
1622 483
1546 505
1838 549
976 1636
423 1148
1436 851
204 115
1384 1777
1474 1554
353 1882
194 1925
182 1581
419 483
59 1358
601 1748
1760 1191
322 177
1463 180
474 1723
922 1590
1301 1394
1291 801
1872 437
1326 434
244 1070
1821 148
511 644
459 1563
88 1749
700 1178
76 1884
1511 1077
473 281
140 1779
1522 622
197 775
403 970
1757 1731
1725 1948
614 1029
27 1907
1100 1998
1718 1611
16 1582
454 44
445 629
380 117
433 637
407 204
977 1439
1675 97
108 183
675 922
532 971
1650 1251
1153 5
1644 1491
1119 804
154 1938
1288 1639
1789 250
324 565
291 155
1259 506
1517 1769
651 837
1649 1487
1475 684
1554 1630
809 34
1440 362
254 1236
1481 1930
3 1940
232 78
453 832
1282 329
1038 235
1147 1044
1694 763
414 1055
1391 960
1786 459
1463 1505
1560 180
585 601
622 193
618 604
823 962
1851 54
1046 2006
559 53
1573 511
66 1978
1693 1851
1874 379
786 366

Point Cloud 1289:
1092 151
957 1505
488 595
1600 603
1854 1181
1547 329
1319 815
661 307
1350 1943
1296 1699
494 74
322 197
227 1447
480 263
1783 1607
93 1421
366 1227
100 1685
1498 378
1547 1047
528 1779
1202 221
1455 1767
555 882
1316 1558
1612 705
1462 1779
412 946
973 673
1023 1782
1099 1544
20 1626
867 1063
157 1674
1560 1647
164 1152
501 617
467 1675
895 666
292 1311
1899 924
1926 30
1622 355
1849 1461
441 693
55 232
493 1116
1175 1106
1426 1006
1425 1379
890 849
207 1500
1607 935
33 645
1327 686
239 1953
1154 731
1276 674
782 92
291 1758
333 780
1300 573
880 217
1513 927
1657 1876
586 1727
1303 497
1046 586
649 1083
1872 1019
1324 15
678 252
1649 1304
296 1159
357 1594
340 515
1 778
324 1167
869 1725
1878 976
1298 1321
1549 1464
593 879
653 1127
1001 1666
1467 1988
1242 893
692 457
1564 1306
919 217
388 1806
203 968
1335 1268
1152 315
1131 757
1666 591
1504 1001
1084 1403
548 548
1892 855
210 1752
34 350
1807 353
1412 676
1445 465
1695 1714
1218 1946
80 1525
1387 256
1723 1862
1090 731
640 86
1337 1537
250 1660
618 363
352 118
1728 401
1773 804
443 467
458 1512
665 1407
797 1933
1350 1828
476 379
818 1206
756 1652
1338 561
1352 1481
1492 278
1473 939
1369 1020
408 1055
455 1192
388 1338
579 408
470 343
664 1515
1170 1559
1408 1718
546 249
420 1334
1011 941
1682 1634
1209 1667
1492 1215
853 378
1005 1455
779 1784
606 1312
617 1843
1870 467
403 841
973 2013
1903 760
1277 1230
1729 254
440 783
1169 604
1376 699
1516 1452
930 101
1525 1296
873 896
735 122
938 89
1423 902
878 1344
776 581
1130 1596
1290 120
1374 2006
233 1578
720 578
1377 1372
1770 81
999 193
1307 1855
1391 266
659 1385
1789 1345
1233 1608
1448 1503
938 1894
1068 1839
1105 64
1276 1158
1308 927
374 604
1811 1164
1026 1465
1641 31
454 1064
1870 376
1809 1433
1110 106
441 1304
624 608
1843 383
730 132
1451 780
148 11
1347 1566
1336 390
441 386
376 917
932 1521
1830 1278
565 1059
337 921
736 443
904 298
768 1911
734 1066
1146 1678
462 192
665 630
1366 1804
1414 1271
438 1054
341 1292
437 1513
1768 1407
1458 1331
1734 1103
1699 1899
39 1172
1554 1666
154 1183
1614 1574
70 1844
1875 1423
1483 973
77 1121
1487 1103
1651 828
133 869
1044 1795
1879 374
499 1506
303 454
990 79
1005 1666
518 601
944 280
342 375
1687 1399
131 666
1302 42
1150 1023
649 1346
1555 459
901 171
1740 1104
1379 304
1241 918
783 1499
866 292
1140 501
88 541
1758 675
920 1797
1677 1658
812 1626
601 517
696 553
931 841
77 1604
1413 655
628 785
980 1627
1359 496
1414 1770
1209 775
145 31
1882 1732
1072 1771
1409 1203
1263 913
341 636
1845 249
1730 264
737 1131
1456 148
722 673
1625 1739
484 1397
1603 771
407 1289
1809 1508
1738 1060
263 1746
687 1124
923 748
667 1821
1213 282
4 1644
1500 1117
1348 854
1497 448
659 1493
1112 1717
745 819
729 258
321 437
209 1875
1064 34
1193 1977
597 1171
761 1638
1444 16
402 501
726 506
418 561
576 1933
1906 1356
793 1470
1837 772
251 1874
1425 1919
344 143
1571 1233
368 1476
975 392
1416 709
1609 1996
1871 41
47 473
1676 1123
1825 827
124 1940
930 911
511 1009
833 1828
194 1071
932 2000
653 323
718 1895
1398 145
1353 1617
1417 48
1823 1938
175 439
838 376
251 582
1437 1009
45 1304
66 1192
653 2010
835 252
1276 295
1588 470
462 79
281 864
583 743
1600 644
1883 1746
658 759
1214 1553
1303 107
324 12
832 1287
1064 1378
437 1928
497 808
1327 1193
76 233
1031 165
1498 302
732 1443
1269 1013
519 1387
1073 904
43 1615
960 652
947 1688
1769 1068
776 2
885 454
987 1193
297 1381
627 329
193 813
16 1972
1301 1764
1210 410
1078 1216
875 597
1259 940
1736 74
275 937
1881 1850
1355 351
959 1190
1053 508
881 295
1700 1763
1326 1817
57 413
793 990
1049 1684
525 474
73 389
379 922
1433 1288
104 528
1260 142
309 1925
227 149
1629 1868
1568 722
1694 1210
1153 1962
1554 1162
314 827
1508 344
1588 828
811 1501
732 658
1425 1476
184 104
820 1397
1197 1667
522 1174
798 96
1311 1088
481 903
1386 1513
280 1514
1361 1040
1709 469
134 798
1080 1056
1204 814
1837 1099
198 1235
1473 1292
1742 1138
1795 1690
112 1699
22 1479
579 988
1467 202
799 1692
73 279
1224 407
1185 733
598 291
739 668
209 1881
1356 1873
823 1795
873 1571
635 1660
75 532
1350 1176
847 107
1547 913
1654 350
754 38
889 1506
1382 66
1332 707
1378 451
1875 784
1232 100
701 1197
1314 1402
1336 1678
384 1717
1854 1002
796 397
48 351
88 252
1109 1859
1288 881
1296 771
888 1836
141 234
567 292
1496 748
1285 252
1534 690
492 387
1815 1577
423 524
1762 66
1708 132
1684 1010
1437 1221
1061 583
1682 756
774 160
346 1654
1478 1564
1565 684
1349 1213
24 613
1135 733
1375 1441
122 809
7 1372
999 863
912 909
1196 215
393 1890
671 1049
469 745
988 1086
1080 894
459 282
1165 567
1058 1447
815 538
178 948
961 447
133 1741
1613 606
920 1845
1217 1544
1570 1569
1436 112
437 1181
1714 492
265 1002
1564 859
426 647
1878 1671
307 195
653 1580
1721 1049
1465 855
1645 1170
797 502
1676 474
635 1194
883 492
308 752
161 1567
283 1619
1499 190
604 287
621 1904
1281 976
1793 535
1402 200
1860 745
1573 352
449 1290
219 232
1796 532
1583 1237
1469 1786
1603 147
674 2006
1912 1784
1803 324
1346 1060
1758 1835
365 1891
953 1897
285 429
1203 1187
1281 1025
1293 120
1032 703
1376 1171
976 914
58 809
1511 1352
584 1489
708 1812
1106 661
23 1542
1516 68
275 514
370 419
870 1827
1697 167
1069 822
1195 1695
1179 1319
343 1135
1326 140
166 1425
1542 893
131 531
1774 1789
867 1661
1169 384
1350 99
1792 773
1378 843
756 1457
1911 1886
436 7
501 572
1549 1244
993 1286
1556 1207
403 395
1502 1367
1295 5
598 710
1308 1045
1488 987
1890 517
1163 209
1515 1418
858 1591
351 1622
1406 50
1094 253
1611 1151
1328 1439
1773 104
1319 1377
1622 600
631 850
991 891
1176 169
1330 1939
1022 563
1369 1334
352 1126
1237 1033
176 791
1266 936
127 1268
1716 1792
865 1680
406 785
919 818
1460 34
65 434
997 1337
1621 632
1915 627
403 148
632 1463
1090 793
1858 870
564 1920
1305 714
422 326
577 190
1058 1547
1768 1736
1425 1211
1589 657
555 1618
587 559
1582 1242
897 1368
610 1114
1717 1273
551 893
1406 324
692 486
672 1315
214 1323
136 404
170 1400
296 271
407 87
1560 884
1546 354
955 792
704 1022
1006 1320
1554 831
1742 191
1825 1788
1609 255
1304 538
814 55
177 709
836 780
1394 42
72 1307
1021 859
70 1750
868 845
1775 811
1879 487
639 365
1149 1095
113 348
226 1033
986 1841
920 591
1903 1293
1813 403
891 1423
533 878
1302 1111
1691 309
667 314
1266 1913
1396 1649
933 1842
1930 1598
878 360
599 1144
1209 858
282 1261
1386 1230
200 621
31 1566
974 598
1207 841
1364 954
182 327
311 1224
95 657
1212 1486
112 449
452 1490
1048 68
323 1886
439 420
784 42
172 408
1893 800
1413 1805
78 1922
1280 1048
1111 1981
848 1118
1645 261
421 1943
197 604
221 1026
816 1525
1581 573
1048 236
1180 1587
899 1783
1237 1103
80 350
1546 1623
240 304
730 1203
117 1407
1458 2004
463 1402
317 394
1257 636
993 427
1643 78
17 708
1071 1465
1779 588
1538 1817
958 338
753 1550
419 396
55 696
1727 150
1820 184
1177 1501
112 1163
792 81
1212 133
1019 698
675 1579
1797 986
1095 722
412 785
1011 789
931 1425
913 1289
507 1634
19 1753
1421 97
1437 1924
193 1337
1461 50
42 992
57 1653
1474 1742
452 1160
802 1451
1041 468
1778 342
285 732
643 1974
617 72
533 1928
382 15
1159 1563
941 1891
576 1292
1728 1341
647 893
1508 419
1280 561
1856 1184
161 127
892 1990
1808 673
282 439
1617 89
1116 1448
632 1447
678 817
956 1569
402 1597
529 315
1932 568
713 1099
163 1914
1206 1895
784 1750
401 1091
835 1055
515 223
1354 1352
1865 1999
1440 679
1506 1819
183 693
1797 1586
278 1481
284 685
1035 1269
1243 1892
557 1264
1490 456
1531 874
580 1380
1346 661
1555 375
1691 54
47 1847
1342 252
1446 1196
946 511
1332 1405
133 153
1098 909
1782 976
39 1620
1929 1368
1468 507
1644 537
964 388
1890 1219
1456 1781
1290 1309
1074 1435
1397 1580
1419 1406
926 1568
913 1401
228 284
13 80
230 107
1784 508
511 1953
786 1642
670 1036
1207 1767
266 746
532 303
697 423
752 1079
879 1338
243 1497
1130 500
313 992
90 811
1740 575
1518 984
1061 446
412 891
1069 1144
1481 1629
1083 1653
1564 638
944 1427
881 1444
1099 294
1525 1826
1720 2001
1113 753
55 525
1763 1621
686 805
663 1726
786 629
453 1673
83 1754
1320 1757
1194 979
336 1755
1207 1240
1895 1709
51 286
728 936
1724 397
1594 379
564 1223
1679 1698
1594 228
509 399
727 1778
812 1574
1505 1995
1787 224
1851 1148
1686 1883
483 1054
1462 1130
955 48
462 1249
162 639
1534 1742
1845 1320
1272 714
1591 1951
1341 621
671 104
244 698
525 1064
959 1199
631 774
1422 683
1602 1079
1081 318
1092 727
332 657
501 168
1644 1
1208 1684
17 1580
852 408
914 594
601 1446
760 545
1118 236
1053 111
537 375
232 1074
749 1346
846 219
122 52
530 1053
1000 69
155 1928
634 356
1830 284
770 1663
1029 912
903 1027
1911 492
1922 1110
1525 413
596 1550
443 1835
244 944
1483 1495
174 19
736 1988
160 865
1165 466
136 1036
1106 1426
543 1572
258 964
783 521
1485 648
741 1367
1275 1061
1402 1454
1682 127
1189 1406
1720 1241
539 219
291 399
1060 1072
29 512
1009 1145
154 110
769 1582
183 947
58 192
892 1084
1609 646
286 929
1856 1795
958 724
1864 53
388 1949
1322 438
1665 141
1289 699
782 1847
1102 1678
562 1964
14 1833
418 664
761 1204
1610 1190
138 1760
285 1292
1188 190
122 399
279 1069
1920 1806
225 521
718 1464
1471 1283
401 1682
1376 613
375 1256
68 891
1930 219
1609 1470
1055 713
143 58
904 1980
152 1735
1496 1834
851 259
1823 409
1811 1081
569 1035
521 442
407 1359
854 268
435 756
546 1970
636 1068
506 1495
982 441
538 262
174 1764
1716 548
1450 1777
1500 1020
418 1591
1415 480
353 1908
1900 814
1324 1306
1498 987
1871 1383
301 1877
106 1535
1329 1274
1033 572
1000 1563
1912 9
1190 2010
1894 1317
182 1016
616 1741
276 1673
39 168
883 967
700 1922
473 1684
1459 2005
36 1099
598 1075
1293 42
1790 514
263 943
590 488
465 1653
67 1537
481 103
923 456
900 697
1749 1690
379 1597
811 1472
1904 1059
1263 167
1048 1246
1466 149
954 1546
1064 1210
1327 1373
1509 1576
904 57
1324 1676
1813 224
756 1309
719 1625
769 569
697 1588
716 1791
1866 1406
1138 1337
962 370
1464 954
1434 766
1647 1737
428 1794
784 737
903 1455
544 1032
1611 1545
1362 1552
1324 103
972 818
1647 38
959 316
121 1569
1745 1904
569 317
230 1072
1431 2
276 1368
1299 667
459 1883
1019 498
1795 613
625 1189
606 1763
1568 610
1664 992
1675 1752
1188 776
1225 776
1084 1728
211 1934
1351 1676
257 1254
829 596
1837 1443
1783 328
741 1533
1109 6
1458 1589
1000 1434
757 1044
1829 961
1352 265
1525 477
1344 974
1211 1697
874 1416
544 356
1486 1325
1311 578
1181 1113
158 1406
458 191
349 471
65 1155
1641 676
1151 648
212 1277
368 269
780 114
1076 50
1726 1952
22 220
886 57
1187 869
1080 771
1079 1054
1551 266
1923 753
22 1213
617 594
202 1147
554 1372
290 1784
1069 1652
748 894
1695 1884
302 277
35 478
383 1017
104 1288
717 961
26 1901
550 524
1181 1013
1188 1833
1411 1815
1638 1407
1468 962
823 410
1171 1414
560 484
1305 988
1185 16
84 18
122 1886
456 460
1049 1432
63 1346
1697 1351
1089 379
591 54
1650 41
363 71
551 1219
1830 1295
1925 842
559 1177
413 482
205 1681
903 422
164 338
63 565
697 580
1149 504
1054 257
408 844
229 1764
1808 85
236 416
349 1866
1784 137
1724 1241
671 1156
377 1089
1331 317
1160 1978
1187 1896
301 1149
1137 376
872 911
1725 368
200 1861
290 1690
904 1853
1115 1755
1164 372
925 1604
1601 480
1923 311
194 462
1648 117
536 870
819 210
442 1853
1671 185
26 1563
1858 394
46 1274
1728 1043
1381 786
1702 136
911 1466
605 355
536 1425
313 88
514 502
801 640
989 1650
1534 1512
1134 1692
804 588
1624 1985
1606 1852
322 1689
556 247
1356 789
1360 1229
685 1131
764 854
791 1943
432 944
864 1473
1103 6
499 1669
1783 627
196 1354
949 1192
92 1627
1750 14
1835 1136
962 458
1073 905
950 833
101 1417
771 1781
636 682
396 1242
1764 586
1546 6
262 411
1902 766
694 745
724 1569
648 568
1622 1534
859 186
1386 1769
389 71
1234 610
1302 753
1802 150
1567 1335
1450 1321
1357 53
1763 780
75 279
115 1594
1353 1011
1144 1958
1910 282
908 1318
686 1064
1478 305
597 1885
1539 319
91 1861
1496 483
386 303
1864 457
1217 1073
699 1831
592 1838
628 10
467 2004
700 175
529 1893
1462 1212
1073 1648
1486 1409
1926 1811
1690 538
963 365
997 805
773 1601
1260 1921
1865 222
1189 1440
255 1063
1698 1340
365 1779
1763 288
1744 748
918 1217
149 90
642 1997
835 1421
492 1221
40 577
311 1655

Point Cloud 1290:
1719 935
1208 908
1694 488
1866 1601
1002 825
891 1219
1778 663
495 1285
265 1439
1420 1589
1151 856
808 1001
1409 1562
1105 1569
923 245
847 1343
1166 382
604 1630
319 1541
369 1917
1789 1771
582 1687
1642 1497
1660 264
520 132
1812 1279
273 272
1259 1888
1019 111
1077 1034
1080 1044
867 567
965 1888
626 107
117 1078
1887 1126
1851 920
852 430
552 601
1885 952
1477 1618
553 702
234 973
1906 1003
705 534
951 1898
1891 130
1617 787
446 293
1178 80
1067 1965
702 1460
1197 1384
1032 624
178 1151
1647 1198
565 853
1645 1183
1198 747
720 1406
1578 675
165 1318
1337 1267
1086 1524
535 1101
1881 921
600 1634
1494 1306
1292 181
1930 844
321 1644
1359 1846
196 1354
162 1916
284 1541
641 220
1571 1825
1426 1968
501 870
1841 1253
1378 1320
854 419
1104 1884
628 1087
973 911
404 1273
384 658
512 1722
293 776
867 1326
1294 1613
687 1578
1001 1887
1847 142
162 1140
486 1407
1788 1499
868 336
1346 1560
1869 279
776 1075
133 173
1184 1003
692 659
59 1560
1317 1131
170 820
699 1626
1142 512
1530 1606
0 941
746 474
1793 1252
966 210
888 1019
548 666
1359 1703
1168 279
1596 25
1403 345
1011 1492
334 1383
1005 1750
738 991
284 1060
156 1518
1039 516
1272 508
1853 1889
737 1685
1673 277
564 902
212 1274
484 874
464 338
702 1113
1607 1585
1015 950
359 1782
911 1046
1792 1160
604 1683
834 224
1369 1609
1359 1632
791 520
520 518
1047 1160
280 1037
1150 1244
1761 467
1094 693
330 1065
796 1348
322 1733
329 1079
955 571
204 287
1207 932
675 203
687 1292
133 203
13 55
1575 1449
12 895
1339 1796
1715 662
1707 1725
926 944
1088 637
516 132
1555 641
423 532
1874 1277
78 1010
1494 107
132 976
218 325
1917 529
1758 834
1869 1094
470 969
99 1661
1609 1508
744 439
770 1969
88 1944
449 1637
1918 398
996 1670
272 21
1484 298
1251 1932
1832 1721
1292 1606
1229 1173
1397 783
1859 1539
515 1876
514 881
49 614
364 1357
1586 106
148 1122
1658 314
475 717
1822 1197
753 324
619 313
1049 1928
1060 833
1434 113
396 1152
199 843
1685 907
488 1964
1607 1961
1104 1767
1235 1878
106 564
1028 25
648 1810
239 649
620 531
1387 1876
565 457
473 1141
1101 1358
500 1839
1202 193
1839 1296
1841 638
980 62
286 1698
1377 442
1700 889
60 931
1061 146
278 879
1460 234
1640 392
581 1980
547 1846
1831 1159
737 487
1144 2004
39 1041
1791 1062
1006 366
1182 378
787 1800
1275 407
1052 1071
307 1
470 778
1190 593
1538 1574
1399 952
104 977
1171 1609
313 1888
341 473
259 612
1105 495
1711 1700
866 725
1858 1207
669 1970
1199 1959
1613 1301
839 1391
776 430
1113 1533
542 1091
1008 1059
789 908
1643 1833
101 658
1076 1220
1190 1316
182 1861
1678 1262
599 1985
250 522
1026 65
1312 1212
1923 87
1803 1986
1348 901
714 1083
25 286
483 570
990 1222
1415 1269
1007 1239
788 475
753 656
162 1140
1883 1554
68 1206
1599 603
1770 1386
1311 1043
1449 1455
1116 656
1269 1737
1284 1935
280 525
19 467
686 1446
446 1389
449 633
379 202
763 834
1297 623
206 1706
1037 723
1374 1912
461 149
707 219
1761 416
706 2000
1355 1704
1324 261
1492 373
1571 1753
1892 1302
1747 315
333 1087
770 206
1632 596
1136 1122
569 405
1858 1280
1666 778
888 1455
203 634
1772 1077
65 388
1429 178
707 1143
215 997
899 1780
1523 523
396 647
1235 525
1694 87
1474 1913
1363 1169
943 1442
1719 1979
114 185
1131 1360
187 1025
254 803
480 289
1705 888
1258 1484
720 1580
1287 1459
1150 116
1351 1014
1382 1680
1218 1838
675 822
296 464
6 321
165 111
906 1383
279 316
1635 1287
234 1745
294 479
420 1101
702 546
437 22
1071 1457
1271 557
1753 766
10 359
231 401
1021 477
1745 42
1662 795
121 1289
1455 893
1255 173
1066 1646
1805 434
1213 1617
655 1881
292 266
1781 1548
188 729
805 742
795 208
499 966
1038 1210
24 1596
598 1299
633 1404
474 1842
1446 1273
1099 1011
440 133
1250 279
1572 989
1817 1135
1303 736
1011 1555
1876 1762
643 116
208 964
362 1889
1401 778
1093 1555
351 612
243 816
952 1676
531 68
930 1774
1621 1191
1682 71
1441 1226
1013 110
1069 690
1061 247
1756 312
194 1451
363 695
247 1688
1601 1338
132 1373
1650 253
519 1841
580 101
1924 494
308 107
1691 697
749 1500
1889 1809
918 1898
1338 376
1194 1336
930 32
268 332
21 391
64 680
1123 1550
1227 1615
917 1156
168 1263
852 372
1315 947
59 1683
151 1728
37 1921
1143 588
1367 233
1212 231
1802 696
370 506
494 1162
1266 873
109 1549
1611 883
542 167
496 1104
1611 1339
264 877
1110 1150
1884 1822
1902 89
711 905
804 1796
1059 107
259 524
833 1289
1380 954
631 839
405 1924
692 20
1797 1055
205 1877
571 424
1118 1304
612 723
1669 1462
271 1178
826 245
1072 1242
992 235
958 485
107 294
1534 1209
312 532
1701 1126
150 1036
460 1963
757 1156
1303 1381
1892 246
1672 322
890 917
1160 791
1303 723
234 1237
268 465
432 951
1256 1654
1523 1661
796 403
978 1283
207 1217
48 464
1336 746
59 261
1359 1264
548 1504
339 1868
1008 1547
252 527
875 1584
1068 1022
1338 437
1464 558
442 1255
1371 1210
54 1723
1543 900
1268 1821
137 1575
1867 1265
1233 1504
320 107
699 1145
997 650
202 1097
1741 268
806 1240
427 123
1623 1681
909 113
1774 587
839 416
1148 1295
443 1408
1476 1262
410 849
338 67
1112 1932
877 181
583 1184
747 393
390 981
1403 1942
714 535
179 1196
420 1296
1549 1895
174 1135
1822 49
511 1993
1886 194
781 996
1524 201
1690 832
1883 1281
1665 1041
1900 1466
1092 1393
591 1152
881 445
820 619
209 375
382 1097
1897 372
902 1442
1748 1647
1688 1919
270 1764
1864 484
787 20
1094 1190
1805 1527
1802 177
868 707
1514 902
1609 912
694 101
1164 293
1501 1415
442 516
1757 605
567 13
845 1474
564 585
495 1590
560 557
103 1932
2 1046
1891 530
388 688
352 735
26 721
1527 610
938 839
149 1072
346 2011
1664 1423
1572 1974
1660 1011
1418 1635
1855 1764
1419 1601
587 1277
1676 1578
225 508
1486 623
248 429
1899 1015
1355 915
0 982
575 1612
1310 1838
1595 1173
844 1280
391 629
1761 128
93 55
966 788
1476 925
329 417
1339 897
1012 997
331 1614
226 659
1100 436
445 1913
1723 1974
419 732
633 1455
657 47
1357 709
128 1554
814 921
1887 1139
443 171
1633 1976
1131 665
805 2015
316 1710
1248 1891
1877 185
1449 1280
1759 1507
2 1723
1107 150
579 1576
561 587
754 1832
576 1604
1739 1556
146 1502
410 1767
1009 1534
654 263
1036 1350
550 523
35 1426
1000 1796
1678 340
399 1613
285 867
942 522
1264 1938
628 1301
1609 1286
1204 194
337 99
1520 263
1216 1406
1254 993
154 795
850 2004
499 1739
934 663
736 407
1367 1478
144 373
740 1367
302 1305
80 1645
1723 1347
1685 945
680 521
1479 1406
417 469
993 639
1137 673
756 1972
1857 1408
1894 1385
1716 500
751 1355
844 1646
1284 56
1502 1457
805 333
1826 737
840 661
1523 260
1417 1275
1466 486
53 194
1821 576
374 391
637 88
1731 588
1015 803
1870 960
1626 1542
387 200
1625 1531
0 84
506 1044
504 1875
89 1517
1436 1765
1022 896
65 646
582 1963
1219 339
1445 535
1098 1469
1111 969
1331 1889
728 1189
513 113
355 723
1524 1249
1590 811
822 712
288 1255
706 1680
1067 546
514 573
1358 1590
1369 501
1684 926
526 1117
1094 1038
774 377
172 1756
714 436
397 6
657 366
154 1896
113 604
330 1331
496 1536
443 557
231 1748
553 1854
379 1690
1803 1978
628 1731
1382 669
817 1553
1621 859
426 932
689 1485
422 465
882 481
1677 201
943 1548
1726 405
558 1008
784 1585
136 1605
733 919
1208 62
654 1179
1916 997
1156 973
1330 718
738 1786
366 692
1621 1681
923 1260
345 1821
32 149
496 1992
1874 250
698 1701
659 1865
361 1339
1224 593
108 1352
84 38
88 1401
803 1214
380 1271
1052 344
86 1195
1090 1293
1479 1888
895 1212
1155 1928
191 1752
1342 1443
533 860
1459 1684
125 634
286 1043
444 1885
329 1311
1497 575
1334 957
1756 1216
808 69
339 1293
1859 729
1532 1865
1911 1593
1207 1804
1133 1487
177 643
1839 1950
1533 1075
1285 1248
509 510
55 2006
780 762
1221 1781
325 1388
43 106
860 1355
665 164
1105 462
1380 1141
1903 1817
472 969
1498 1958
21 1246
1293 1138
1605 1191
22 385
271 1749
192 883
1303 1396
173 386
895 532
1461 1448
1519 1297
229 1446
1441 1889
1597 1294
629 686
1526 1475
162 557
103 576
23 1706
58 805
1017 248
707 1071
1462 377
1397 351
1866 477
466 1384
21 1126
901 68
135 434
1769 1328
443 1853
1174 482
973 684
367 1474
105 479
23 245
1702 737
1689 423
559 1911
111 486
266 1796
685 387
983 235
1632 1444
556 360
618 598
614 219
10 1030
1199 860
1615 11
1122 358
1486 60
1300 1395
172 1047
1880 816
1931 382
295 499
127 555
455 713
1870 204
365 26
1226 1317
1397 501
166 739
564 1622
760 1528
793 280
1043 807
717 1727
1900 1977
361 1642
255 479
771 99
994 441
1884 981
1070 1418
817 752
1370 1772
1421 1924
29 1365
1591 1813
1344 1426
888 1691
1311 1804
790 1088
492 803
146 1466
438 529
1680 1314
1252 472
127 1843
1912 1307
32 676
822 1647
386 1254
1346 1662
271 794
727 1703
220 580
276 1817
1340 1167
1596 576
160 381
484 1518
1795 337
1293 21
920 1296
718 204
204 262
1473 1450
84 43
1129 610
1133 1501
1112 748
1762 371
672 29
903 620
1465 449
829 1631
987 1169
1107 740
1299 1960
860 902
1336 318
1241 1050
567 1745
1818 1346
842 947
1417 88
100 1386
349 203
1898 254
1886 1510
1334 241
35 14
1854 1178
1353 122
959 1582
1088 887
325 1633
247 373
1347 97
1900 1701
967 1320
696 131
1306 1836
1317 652
572 1580
1059 1194
589 1189
1375 1129
624 1442
1711 705
1055 2010
392 1600
1903 1951
98 1760
724 403
1327 1213
901 685
530 41
117 776
490 1616
821 597
796 275
14 1914
1634 1234
1032 1718
5 1954
719 844
1058 996
709 1138
524 1702
203 1160
1092 1130
142 248
823 539
25 242
22 1620
1074 1423
53 1939
602 217
1831 780
1095 1995
65 1840
1311 1790
478 1190
1805 669
1155 518
1489 490
298 1534
1645 956
555 1808
1478 678
957 757
490 45
14 835
454 1820
625 1717
1635 1152
612 1411
649 174
897 1048
1181 1329
508 1549
820 497
1259 769
1052 444
1424 923
1151 990
413 401
1112 1649
355 1054
1178 1497
740 1019
1455 546
1867 1120
1390 778
1860 356
773 48
1576 1625
561 1336
1465 612
1044 205
1709 1907
1869 380
1636 451
1853 905
133 1655
361 1099
456 1738
1409 795
1338 534
600 713
511 975
291 1250
1218 1300
380 995
1333 1851
1408 905
1479 1261
1025 1104
186 1142
252 1983
1068 1922
1153 1996
1238 1957
819 1793
291 11
482 1563
164 1677
1219 693
820 509
1548 942
53 1599
664 1836
1829 1380
302 1262
320 525
1515 1806
785 1573
1739 685
1609 638
1880 1257
87 385
434 203
1639 1982
1799 352
938 161
1434 1027
786 1626
1460 333
1288 1946
1642 660
865 673
586 1977
1508 885
1781 1501
443 99
1498 1981
1783 91
889 1095
579 1155
1183 1710
102 1043
1045 1719
1791 1289
373 1767
1450 1941
1653 70
942 1420
454 535
912 996
1001 757
1322 1492
1728 615
1519 1363
370 1899
1053 1969
1892 1958
36 1951
1588 575
746 490
1225 1974
1135 261
1610 1116
1153 786
504 1435
76 380
1322 86
1806 725
458 1825
792 1510
940 359
1235 723
1870 1555
1409 270
1180 1987
277 619
914 27
956 488
400 848
484 634
1771 246
1164 751
136 628
593 1090
103 728
1457 288
462 819
1569 924
395 1720
1496 1848
431 41
1416 167
1182 182
1166 291
387 1959
559 1559
1149 1457
212 467
461 1059
1415 147
426 1245
426 481
1049 225
1113 1716
1791 1903
1022 1609
1390 1408
405 1048
1286 2016
1848 948
1153 264
1724 1628
65 1657
883 1998
214 1006
1694 1953
788 681
1157 1018
782 364
345 489
1918 505
454 1152
1424 1000
1220 614
1030 729
744 1331
306 1407
1366 1502
1459 1023
1882 1581
564 70
1774 28
1444 1093
1222 1351
462 627
1676 1582
621 1585
1249 402
733 1714
101 317
422 1133
954 1743
1183 1684
1037 978
335 847
183 1518
763 843
1693 809
866 1980
595 1143
1488 1380
26 578
863 1104
439 1240
193 922
1820 1815
962 985
405 1540
1139 177
1697 1947
1037 234
1767 2009
329 602
626 95
1477 60
4 1542
92 799
637 637
1768 1893
228 245
1847 739
624 690
1116 692
731 1655
184 1478
147 409
772 1460
1580 1572
1640 420
801 1640
847 1007
1281 1425
679 971
1525 746
1741 1752
88 1950
576 694
1606 166
1121 1506
1762 1532
840 890
859 494
1038 1558
727 1150
1711 11
1905 665
399 832
694 1703
1050 1879
979 646
436 1289
1907 71
1347 1343
1129 252
1542 1209
1903 1957
793 690
1464 1055
1006 751
1767 1077
146 1215
750 1026
1679 255
313 216
1091 1805
1882 1478
308 686
1550 1431
1803 337
1764 1439
713 986
1379 278
1539 984
39 536
554 1408
866 1163
1905 589
1319 1078
214 1891
970 707
1832 155
328 1305
1280 175
1570 1311
472 1935
806 347
397 47
222 1443
1131 792
35 1477
1189 1929
1335 1447
1594 1412
1367 1260
1487 772
849 1461
162 1986
511 284
1693 977
165 1106
1135 908
966 1123
1573 136
1107 1157
1723 286
1908 1975
137 1882
1099 846
1471 238
915 700

Point Cloud 1291:
16 735
58 911
122 1041
268 749
275 838
314 820
430 1969
399 2017
518 1959
1543 1194
1571 1546
1674 1364
1723 1354
1743 1443
1672 1373
1735 1445
1626 1337
1754 1463
1563 1384
1692 1469
1693 1440
1670 1595
1844 1487
1859 1533
1779 1336
1899 1399

Point Cloud 1292:
60 868
200 1006
266 745
264 813
368 778
464 1999
538 1995
498 1973
1589 1563
1742 1404
1652 1326
1779 1439
1770 1389
1788 1463
1754 1462
1739 1378
1766 1392
1768 1415
1591 1187
1600 1484
1623 1567
1844 1534
1854 1568
1789 1337
1895 1410

Point Cloud 1293:
51 900
237 839
274 924
348 779
482 1999
513 1945
573 2000
1594 1558
1701 1484
1758 1485
1724 1483
1643 1337
1580 1381
1586 1372
1657 1378
1698 1465
1695 1515
1695 1350
1596 1146
1661 1567
1794 1530
1775 1326
1856 1414
1863 1580

Point Cloud 1294:
33 898
286 845
284 921
348 816
500 1946
498 1959
461 1992
1575 1565
1639 1486
1732 1428
1680 1436
1641 1405
1703 1416
1661 1484
1680 1419
1650 1400
1660 1460
1753 1418
1644 1238
1682 1580
1801 1530
1796 1331
1848 1662
1878 1406

Point Cloud 1295:
54 904
279 740
249 844
284 904
348 782
481 1970
473 1971
583 1973
1687 1406
1675 1436
1677 1452
1710 1433
1701 1517
1694 1492
1666 1420
1694 1449
1695 1477
1607 1640
1653 1524
1685 1596
1677 1201
1801 1527
1780 1825
1805 1355
1854 1410

Point Cloud 1296:
17 646
40 910
297 828
247 838
277 870
345 800
457 2016
1757 1416
1787 1445
1729 1401
1770 1368
1706 1382
1689 1406
1679 1432
1766 1375
1594 1629
1648 1519
1651 1560
1712 1230
1788 1337
1846 1388

Point Cloud 1297:
41 886
276 811
278 901
361 781
486 2018
1688 1385
1738 1379
1697 1387
1756 1394
1769 1494
1651 1377
1777 1403
1595 1579
1668 1493
1609 1494
1686 1583
1754 1214
1807 1516
1808 1349
1828 1395

Point Cloud 1298:
64 914
345 821
266 809
277 751
529 1985
1595 1372
1585 1618
1609 1472
1733 1474
1721 1523
1724 1427
1666 1490
1784 1441
1809 1453
1753 1387
1763 1431
1749 1506
1775 1228
1796 1523
1827 1354
1869 1392

Point Cloud 1299:
6 557
58 925
265 831
330 851
328 822
532 1931
1623 1379
1636 1655
1778 1399
1658 1501
1652 1403
1692 1360
1705 1373
1702 1448
1697 1408
1713 1488
1718 1550
1784 1532
1796 1322
1857 1251
1866 1415

Point Cloud 1300:
1402 749
1566 406
630 1703
1186 1620
1002 981
1523 1433
1737 55
940 1877
73 1520
1406 402
1164 1437
1245 868
1359 980
1258 78
1921 973
470 668
1298 1782
1271 1546
1499 51
403 1665
1917 1582
195 716
665 1222
171 1997
1108 757
600 577
1283 294
1494 1954
589 1466
1625 434
1603 1583
970 808
459 1470
325 1209
1746 481
1839 256
453 356
910 574
1784 582
970 212
370 156
1282 630
197 1997
1512 926
1551 1979
645 1870
1049 286
767 1146
851 1729
1741 66
1229 26
541 694
928 891
1247 958
27 189
723 452
493 1561
1163 153
252 1282
241 136
157 1128
681 1483
1640 1851
343 1193
1392 296
1144 1834
86 1142
940 496
792 541
1693 1733
802 1396
1922 1830
1788 1990
692 193
512 1995
1059 1351
1385 1406
1340 598
1194 961
1183 863
658 173
1680 75
958 356
1166 1917
613 1777
169 1584
679 1037
643 620
677 879
1819 1569
1907 855
1145 119
974 641
695 634
798 924
721 1023
908 1304
1673 1448
770 1645
1808 1484
1679 1527
1620 825
82 666
964 1710
1840 2005
1495 1951
715 1032
420 1930
1033 287
1862 805
1412 1637
252 544
503 1079
1017 724
847 165
1321 1705
264 1366
969 1644
1924 12
1844 1270
1772 1589
999 196
736 562
619 1791
1551 1224
1433 1899
782 1074
1812 53
1828 159
1189 1377
513 871
1278 1150
160 1376
1114 550
118 561
793 91
1622 1890
946 356
1662 1930
960 1718
783 1481
1031 528
1520 1204
918 488
1855 1340
1175 1256
1051 312
1014 1988
889 869
60 233
1848 118
1045 436
1691 414
1415 197
1863 1124
1542 1326
1376 853
1610 913
1618 329
1763 758
1459 1975
1616 37
133 940
722 1688
21 737
1393 1665
630 1829
1625 705
1149 52
646 1546
1434 594
1054 1791
1086 1692
1644 987
432 142
649 1787
1318 850
1060 471
700 1738
1233 1945
1666 189
759 417
1884 1194
499 907
695 2018
1266 1443
951 2002
1765 370
1095 147
1145 1640
1779 1096
1631 137
535 1704
1437 1867
556 172
762 803
1538 994
1517 276
330 1651
1335 1064
620 1788
289 1043
1513 1631
1275 943
729 792
1862 1808
1790 1705
1161 94
336 1324
692 687
1838 1812
214 103
74 359
357 233
591 406
568 1786
836 1550
915 60
1151 1442
165 60
168 58
1293 1610
66 1053
1759 755
420 1049
183 380
1413 624
291 1116
99 854
1598 1510
1406 207
659 1389
1749 1486
1415 1052
1027 1345
213 1508
1913 727
1681 339
1539 56
281 1800
1479 1987
488 1008
1169 169
1382 129
1553 738
1769 1843
128 33
1378 797
1115 311
234 650
1009 716
1689 1871
542 1320
642 962
1214 826
922 1058
1900 2004
1516 1649
145 1260
1154 1621
159 260
282 974
168 893
1573 9
1210 773
262 1163
140 1160
579 131
974 120
1043 15
955 1004
1858 1726
403 627
1401 1366
274 1590
1057 975
143 586
1655 961
1370 1123
1178 858
1245 813
731 1141
785 1901
415 1185
220 1651
1710 932
1871 303
909 516
680 1436
1635 377
1106 1000
1899 783
1426 993
904 1347
808 1045
269 1619
1591 1170
922 1807
949 1048
1757 1054
1523 1665
1712 1055
1667 452
1610 113
1774 1370
664 1738
448 688
744 274
982 202
1286 15
1474 974
833 550
1678 1190
181 863
621 1896
1223 1717
1164 1453
1481 564
1496 1686
1375 890
157 276
1883 741
1196 1223
630 782
707 1391
746 1645
1883 1430
1926 1857
852 546
1533 1895
438 1108
1485 749
1180 390
1793 375
1416 1182
1841 1963
262 1788
1126 1251
585 1211
635 420
802 1595
992 1812
1347 1920
1162 1414
394 744
970 666
1519 819
121 412
124 245
69 1740
1466 887
432 1906
1070 842
1311 1970
179 573
480 167
1009 989
1745 1664
86 1818
225 458
393 152
1108 1498
639 601
187 1492
1206 107
1003 846
433 113
1469 1661
1299 930
1360 1543
1628 1955
1184 149
957 1369
1016 1382
1569 1642
1101 1151
1860 1384
967 1848
554 1486
1026 846
1717 459
162 1168
1431 1
682 1099
621 1763
1552 636
1324 327
428 229
983 1715
684 864
1131 1014
999 1453
181 187
371 878
1819 128
437 1247
149 920
1637 1331
845 903
951 1301
865 1277
477 185
229 716
905 1387
789 481
1014 354
1173 975
1466 705
1017 1468
1454 231
710 1964
791 1825
18 1217
141 1775
1574 111
945 1742
1847 711
1015 413
1838 1864
1787 378
1551 1128
168 1103
1181 173
779 813
921 1614
1738 1597
780 702
891 1766
967 1858
481 312
1795 1253
383 1385
1884 358
1666 907
1900 1032
175 838
1844 355
144 1648
1466 1089
302 441
1662 287
520 290
119 5
429 1604
1292 0
265 1596
1065 1573
720 1482
681 707
1154 687
99 1171
1081 791
974 1347
48 921
1883 1658
270 959
1145 768
8 641
356 1061
1018 1248
1229 1453
1304 1806
1492 464
325 1454
1356 1181
1701 94
722 1243
544 654
1196 374
809 1701
1489 58
71 719
1858 1158
799 1263
1738 1389
1812 892
131 555
1895 879
691 483
467 1271
1900 1612
1656 1219
787 924
1707 1992
1220 1299
224 726
1193 316
378 1307
59 1966
1398 130
909 1148
714 1759
1738 379
385 1415
1556 1807
1152 109
132 768
1384 1508
633 670
1040 1030
1190 331
1073 1448
739 541
4 143
855 256
956 535
1014 1553
1042 602
288 204
1390 1290
1899 1967
1497 1552
971 1062
227 1077
709 1252
546 489
215 1737
1852 329
1773 1857
534 1652
292 517
1683 568
1215 275
413 1183
1520 1161
381 1077
869 1584
1785 847
625 1793
188 1634
1819 1229
357 1726
594 1799
198 1212
939 734
1793 1500
979 1537
627 59
575 1505
616 1770
980 1152
1673 201
57 564
1577 1723
1572 1258
1250 45
206 1377
768 1373
518 1765
1889 330
1012 1602
709 1305
603 267
291 1360
947 1775
1582 1158
1311 945
241 555
739 1428
1836 720
1903 1813
1330 1136
576 1864
1230 551
1638 827
1320 681
300 1039
174 1908
1634 797
477 1929
529 668
41 540
336 433
990 754
754 1864
511 1866
1771 458
625 247
1650 1231
1897 2012
323 1380
53 1554
530 990
851 1783
1216 406
1544 1656
303 694
917 1868
606 164
403 961
954 1539
845 1513
1200 1198
478 1158
614 1503
1111 1977
178 610
1462 1579
1592 677
922 1055
47 1999
1504 1819
1683 1373
1397 179
1421 140
905 1912
1436 661
340 1778
294 1958
84 928
1026 1304
1760 873
832 831
1708 499
854 187
238 61
1070 132
551 1632
1040 910
1893 1826
82 9
1799 931
901 318
1415 841
340 1013
667 761
391 261
1610 389
1757 1191
1302 331
1355 1637
131 1084
661 1432
197 724
310 1834
470 1938
276 1768
1092 313
1140 461
94 356
446 1231
566 857
1660 964
1308 89
47 1540
517 1318
1164 1089
813 708
469 1159
549 1704
1309 225
625 1781
17 1501
153 729
1336 339
1260 35
624 886
1666 1956
223 161
1436 820
355 1264
1829 1442
409 485
1657 1767
1811 1505
169 1165
1526 1353
726 1963
40 1401
1293 1830
613 296
1403 1046
101 166
216 974
60 1487
673 1571
1155 69
195 1735
829 556
872 1669
1525 1257
1328 25
227 1482
936 818
1268 1280
809 1126
978 969
1052 478
1460 1065
632 857
846 448
984 1328
1438 1253
1562 1751
381 1734
238 500
176 409
1880 1223
1356 129
1203 1016
1063 1060
669 537
826 1333
1026 795
1493 1038
111 205
799 851
179 1610
450 1324
521 329
189 1252
1165 1066
1816 1455
750 1783
938 1439
1341 1407
401 909
56 80
25 770
1428 1448
309 631
690 193
1433 954
1557 1843
786 1345
1795 1505
1050 314
703 1435
1777 101
326 205
1226 688
1182 1161
415 995
1392 1037
1015 1300
1858 1012
1316 441
1387 681
355 1693
1289 543
19 678
474 1548
189 1647
1759 724
715 1681
1508 549
1635 767
993 721
568 951
154 346
1651 1293
1281 788
575 214
400 543
722 1053
371 1584
160 1494
693 544
1280 1628
44 341
1493 1907
323 1630
768 141
181 777
203 333
949 1252
44 649
537 842
831 1780
673 790
1108 820
1724 1464
813 1976
1495 1528
942 1107
971 1606
1095 588
1595 2016
1264 1148
130 1539
1448 1817
806 1987
1718 1431
1559 1851
671 1183
1520 778
105 1413
547 351
1572 532
1638 1054
1440 272
1248 469
42 218
373 796
743 767
973 1020
531 4
885 548
1555 931
513 1622
1423 263
731 1887
1037 1658
955 1159
1630 60
1572 1917
1405 627
753 1256
1828 1224
1922 957
1394 204
960 1271
1728 692
74 1129
38 1527
1163 1346
535 869
552 1325
1524 1156
404 1634
1331 815
602 569
1234 1062
1262 1656
87 515
723 310
443 1924
802 412
1698 693
1845 78
481 964
1629 1838
455 924
1737 734
172 1555
701 1229
1922 1889
1086 740
1170 1577
1109 308
954 137
1682 317
1653 36
1659 1128
1268 1628
582 764
1258 287
764 828
1037 1052
1306 1787
684 1933
1211 289
1296 683
1638 1100
898 290
1002 1991
1224 1107
1062 854
773 1938
944 1540
537 1022
960 1639
1262 818
236 1042
1299 1333
317 645
1185 996
230 1834
1372 1574
1188 1949
561 504
737 1221
245 670
1218 1660
48 390
595 405
1173 163
1873 1236
381 472
300 1590
428 1527
248 940
1037 69
1563 4
1347 1508
1542 2
456 998
1105 940
782 906
1443 283
654 461
1546 609
1923 724
471 1586
1916 1764
965 1509
1146 763
1771 1409
1780 780
1375 1095
1748 1775
1307 2000
1515 1304
982 528
1452 1666
309 601
1533 693
1128 1379
1685 1974
709 753
1076 2007
392 870
1666 844
566 204
278 620
526 430
225 274
371 1722
414 14
871 1731
1513 780
1757 1636
666 1631
1503 1604
1640 166
1085 667
1222 2002
205 198
205 248
986 1212
1546 1518
1552 1838
293 721
386 1458
1762 912
1665 1289
250 386
495 1203
1835 705
1824 100
163 1726
168 747
50 1060
1170 1203
702 1676
1786 1322
1062 1229
1594 1851
408 85
957 1078
1273 927
734 1772
1252 1606
1558 396
1670 1275
265 924
362 1180
244 2010
516 12
1703 1778
382 1055
1134 315
1131 990
913 336
958 422
1198 1668
485 0
779 1759
604 625
1138 396
1171 931
1037 1523
1381 514
1310 1857
899 1043
531 1395
1378 806
864 1031
609 1511
663 1469
1279 318
1414 677
678 1060
1701 1757
242 1829
1099 873
830 749
110 355
255 946
967 626
1687 1207
477 4
569 1707
1654 247
1388 1862
475 1245
96 1402
411 1795
1522 1755
376 1333
102 497
780 972
575 1324
370 1037
1743 2002
429 558
1137 1895
823 1535
1784 216
169 963
1061 1588
536 1322
455 694
1001 613
1648 1850
502 1861
1146 1949
862 817
1404 954
547 1695
1839 357
207 572
759 1758
1035 323
365 1037
1224 1704
1712 1038
1615 1422
1737 1909
871 5
102 1378
1007 893
37 1238
1048 1664
900 486
1228 1345
1270 342
1750 1673
663 268
187 1407
1179 514
88 748
1289 1023
99 1751
458 1943
918 59
1561 1808
709 1402
90 1042
619 1833
981 1478
1850 2004
1250 1969
815 854
1153 1509
676 1194
1776 946
109 764
1710 414
1052 922
1549 1906
1270 1365
1467 85
1498 803
548 1784
1462 1044
1622 1194
1823 1346
499 410
502 442
774 975
586 1421
1782 1185
286 562
1639 899
922 1813
1487 71
842 1530
963 1728
763 1803
1737 1403
956 1305
520 1733
329 177
1276 1148
687 548
63 687
1742 767
859 535
407 705
834 394
317 1081
469 1292
1554 821
224 530
1349 332
593 853
750 297
60 722
1165 1720
1852 64
1907 1735
1191 834
1758 1813
1507 983
1114 852
1396 1734
1403 937
34 1123
1057 404
1542 674
1126 1190
1917 26
1466 1907
1299 1831
1587 1212
204 910
1127 1075
1409 198
991 1845
280 613
984 177
200 385
43 919
361 930
419 201
660 848
1875 1486
1366 1164
806 910
1100 209
912 684
867 536
739 1361
437 902
1728 1297
1931 555
762 357
1243 1736
340 182
1561 1652
858 1030
985 1240
1096 1332
894 1657
1897 848
302 1696
632 954
698 1562
1052 208
1843 669
340 1045
1488 1356
1110 480
1725 1007
1573 1661
1451 1759
1051 549
1383 554
1224 831
1508 425
754 1827
180 1215
1493 225
46 48
311 1051
1268 1898
1132 1194
1478 1794
1449 361
1797 1097
621 132
862 1734
1185 841
1592 1426
672 1887
1712 2000
1658 1730
657 1409
153 858
601 1286
469 1064
1289 864
1088 201
378 1898
869 1541
155 8
872 1531
377 1375
1433 1559
251 648
160 319
1542 919
643 1441
85 1839
659 1359
1888 1294
36 809
474 706
12 925
508 68
1230 946
425 1085
532 778
619 971
15 1971
1738 149
1179 452
458 1355
631 1980
928 649
366 1099
1662 504
824 1831
140 1831
848 1465
232 1069
1437 1026
1044 837
677 1312
1336 868
671 292
273 1654
272 660
73 1858
336 1662
11 1884
1513 433
1298 838
136 66
1421 1541
1533 1322
1656 1602
508 1559
1853 866
487 1057
1534 1803
691 1270
1159 1429
856 1839
1108 623
1852 531
850 1507
284 972
736 48
1814 1578
1536 556
193 1
369 974
1750 349
1592 78
725 937
1855 1349
1125 1531
1046 1996
1273 1199
1929 1839
918 1210
707 1176
1124 1023
579 330
1597 148
1033 1892
1020 726
1325 965
1832 50
301 39
66 1131
1438 1677
316 882
1219 1807
583 896
1036 1513
1533 1936
1829 1612
711 1205
1604 1274
89 190
873 1335
459 2015
605 1355
87 24
485 835
993 1909
788 1000
1304 1807
936 683
1580 1453
1066 142
1841 408
646 835
470 1219
160 340
545 999
389 1829
1794 576
1045 1055
73 710
1114 1182
722 918
409 1063
80 1689
538 400
1054 1730
1595 1948
1216 470
1463 602
1737 1914
1827 1085
1350 1225
1505 629
1747 1166
429 1620
1820 359
851 764
1531 1535
880 1197
518 457
362 1456
826 245
1696 1901
1014 1067
1463 1580
1456 1672
1848 206
1868 1170
1462 695
366 1847
1838 1004
1602 1751
431 175
1848 141
1146 636
964 1039
1333 158
403 393
859 445
903 382
164 971
740 1947
1080 564
107 339
748 1803
29 1446
416 1133
82 163
1513 104

Point Cloud 1301:
9 540
49 909
317 858
269 823
328 798
528 1945
565 1993
1608 1396
1601 1646
1754 1370
1621 1486
1829 1476
1700 1440
1630 1465
1726 1590
1773 1396
1748 1351
1672 1493
1599 1509
1787 1314
1819 1156
1878 1392

Point Cloud 1302:
45 949
274 840
293 879
332 786
465 2006
538 1959
485 1960
1569 1468
1653 1511
1673 1472
1696 1478
1649 1468
1760 1476
1721 1356
1745 1427
1846 1464
1711 1415
1642 1483
1748 1387
1593 1574
1770 1532
1809 1318
1855 1226

Point Cloud 1303:
47 905
268 778
298 824
328 837
304 784
438 2017
558 1952
535 1901
510 1948
1491 1482
1625 1383
1626 1545
1752 1416
1713 1441
1771 1419
1807 1438
1688 1478
1771 1376
1712 1369
1673 1427
1668 1397
1757 1463
1823 1527
1877 1235

Point Cloud 1304:
60 886
260 752
247 830
333 833
319 758
511 1932
577 1988
500 1995
1434 1507
1774 1486
1771 1498
1807 1339
1833 1379
1849 1379
1708 1462
1879 1401
1706 1554
1700 1446
1813 1361
1571 1368
1772 1352
1583 1628
1621 1529
1785 1523
1908 1284
1899 1349

Point Cloud 1305:
32 894
256 812
284 895
242 852
441 1978
530 1923
543 1869
579 1974
1513 1619
1753 1361
1843 1428
1799 1425
1855 1449
1677 1460
1729 1402
1811 1379
1779 1301
1857 1380
1855 1423
1727 1381
1876 1330
1630 1702
1629 1568
1792 1535

Point Cloud 1306:
47 909
262 754
320 803
296 837
539 1898
557 1838
543 1984
1590 1645
1776 1335
1752 1464
1762 1460
1725 1351
1750 1435
1786 1384
1675 1425
1715 1514
1574 1362
1639 1520
1675 1753
1713 1543
1820 1524
1886 1364
1866 1319

Point Cloud 1307:
43 903
256 845
319 851
257 801
553 1855
1777 1336
1723 1498
1719 1550
1753 1335
1733 1446
1772 1414
1658 1398
1747 1344
1681 1428
1612 1503
1726 1645
1861 1419
1867 1377

Point Cloud 1308:
14 679
65 906
251 795
283 747
308 778
497 1910
1666 1444
1661 1430
1668 1564
1667 1501
1765 1502
1738 1395
1785 1478
1871 1307
1769 1348
1779 1489
1813 1340
1791 1435
1789 1540
1863 1648

Point Cloud 1309:
46 948
261 852
243 814
286 740
316 803
489 1944
1830 1365
1737 1471
1701 1453
1700 1475
1811 1424
1568 1379
1836 1469
1704 1478
1593 1388
1849 1435
1785 1413
1770 1487
1737 1592
1806 1523
1817 1725
1873 1524

Point Cloud 1310:
41 880
290 715
266 849
273 867
324 797
536 1916
546 1998
1811 1513
1722 1499
1750 1480
1746 1395
1826 1506
1753 1392
1808 1384
1592 1384
1654 1396
1858 1447
1772 1414
1725 1418
1805 1413
1744 1425
1727 1473
1700 1564
1728 1554
1825 1664

Point Cloud 1311:
52 875
214 701
276 858
339 785
558 1871
571 1983
1810 1352
1895 1330
1815 1425
1646 1373
1806 1424
1680 1374
1859 1320
1694 1430
1769 1313
1598 1385
1792 1526
1811 1356
1749 1418
1804 1533
1776 1443
1659 1425
1843 1600

Point Cloud 1312:
59 945
189 679
239 846
251 780
320 777
547 1936
528 1879
594 2016
673 1976
1834 1355
1606 1404
1878 1363
1752 1593
1850 1381
1737 1409
1736 1473
1669 1336
1677 1343
1664 1415
1805 1376
1812 1607
1836 1445
1818 1386
1802 1528
1816 1527
1863 1335
1754 1503
1707 1523

Point Cloud 1313:
52 921
157 715
246 878
238 775
312 755
521 1888
540 1936
549 1978
608 1910
653 1962
1762 1527
1844 1442
1762 1516
1706 1389
1786 1306
1844 1584
1720 1366
1662 1337
1674 1376
1869 1337
1625 1421
1791 1342
1783 1490
1633 1424
1652 1386
1855 1454
1810 1383
1701 1380
1679 1600

Point Cloud 1314:
37 608
52 889
116 783
213 888
246 811
327 771
487 1955
566 1866
561 2003
651 1936
1787 1396
1753 1417
1753 1466
1702 1427
1675 1501
1651 1365
1739 1558
1801 1345
1735 1342
1764 1331
1660 1457
1697 1309
1722 1493
1649 1470
1648 1414
1871 1316
1724 1464
1845 1507
1656 1629

Point Cloud 1315:
66 650
72 816
69 919
266 820
322 740
246 800
514 1858
565 1903
543 1936
584 2003
578 1977
649 1936
1376 26
1861 1446
1828 1460
1653 1362
1679 1532
1619 1463
1720 1380
1656 1449
1795 1412
1850 1464
1733 1518
1669 1454
1681 1320
1846 1340
1742 1571
1596 1366
1865 1385
1741 1333
1678 1461
1894 1344
1807 1519
1659 1594

Point Cloud 1316:
67 824
34 917
85 656
252 765
238 873
304 750
498 1923
561 1899
515 1852
593 1948
605 1913
1366 61
1672 1415
1801 1505
1721 1514
1648 1361
1668 1458
1771 1472
1706 1416
1697 1286
1711 1533
1718 1382
1738 1582
1667 1597
1698 1287
1881 1404
1822 1396
1797 1331
1851 1314
1862 1327
1828 1412
1781 1353

Point Cloud 1317:
42 863
52 891
116 693
245 795
240 865
304 781
558 1894
590 1959
481 1854
559 1946
636 1941
1362 64
1631 1390
1649 1421
1802 1529
1747 1590
1733 1402
1648 1443
1673 1295
1659 1582
1699 1283
1700 1458
1662 1517
1705 1324
1902 1330
1892 1380
1808 1309
1857 1425
1814 1320
1799 1330

Point Cloud 1318:
7 996
7 940
196 878
214 733
225 841
341 749
604 1997
546 1871
539 1922
516 1886
1375 18
1673 1489
1694 1341
1709 1355
1743 1383
1676 1462
1710 1494
1703 1391
1749 1437
1669 1583
1704 1466
1688 1514
1698 1402
1862 1314
1807 1341
1843 1458
1828 1390
1895 1334
1869 1348

Point Cloud 1319:
20 944
56 926
252 805
263 796
226 721
319 763
537 1871
578 1979
520 1907
542 1847
541 1903
1647 1354
1670 1506
1667 1333
1673 1528
1748 1405
1654 1398
1646 1411
1764 1417
1619 1405
1696 1433
1724 1459
1686 1471
1795 1528
1865 1411
1855 1404
1854 1399
1819 1460
1781 1314
1826 1440

Point Cloud 1320:
16 1007
52 923
173 850
245 742
252 820
284 807
494 1923
560 1914
632 1923
601 1931
522 1910
1601 1350
1612 1345
1735 1583
1707 1466
1665 1540
1741 1486
1667 1571
1741 1502
1587 1362
1742 1584
1668 1525
1740 1564
1802 1366
1846 1435
1863 1320
1839 1451
1913 1374
1834 1465

Point Cloud 1321:
27 1085
41 933
146 864
206 848
219 725
574 1934
608 1973
566 2004
549 1943
604 2007
489 1931
1606 1415
1588 1382
1593 1378
1722 1373
1684 1451
1738 1394
1634 1443
1721 1448
1653 1443
1600 1381
1697 1503
1774 1448
1588 1406
1879 1365
1782 1335
1785 1318
1804 1426
1804 1309
1841 1364

Point Cloud 1322:
15 1069
42 878
192 877
223 730
222 850
567 1948
547 1837
545 1957
573 1946
525 1922
1689 1536
1643 1486
1716 1435
1739 1378
1700 1331
1790 1513
1747 1377
1751 1386
1654 1447
1678 1531
1685 1361
1749 1536
1783 1331
1820 1340
1865 1412
1796 1353
1882 1411
1811 1353

Point Cloud 1323:
34 1061
58 879
170 889
250 792
314 752
235 742
498 1934
547 1959
542 1908
556 1964
1704 1503
1690 1366
1695 1334
1685 1536
1605 1438
1658 1374
1736 1437
1722 1491
1649 1402
1681 1333
1729 1581
1802 1536
1822 1312
1817 1450
1779 1300
1799 1381
1817 1417
1787 1412

Point Cloud 1324:
5 1005
45 936
174 875
235 817
323 779
597 1916
540 1863
513 1884
546 1918
504 1958
1595 1390
1623 1506
1710 1411
1701 1479
1690 1404
1720 1395
1685 1336
1688 1374
1739 1474
1658 1316
1801 1533
1787 1383
1785 1317
1855 1343
1802 1324
1846 1412

Point Cloud 1325:
7 1034
16 1478
53 879
151 864
245 792
313 736
548 1860
537 1845
582 1902
582 1973
1563 1362
1645 1403
1728 1503
1650 1337
1735 1380
1683 1498
1639 1517
1654 1475
1721 1429
1771 1495
1847 1291
1858 1359
1816 1329
1785 1344
1808 1384

Point Cloud 1326:
30 1042
65 1489
56 888
156 853
236 812
299 781
371 751
514 1893
566 1973
560 2000
595 1917
1576 1379
1628 1612
1637 1416
1752 1472
1664 1533
1764 1457
1663 1447
1647 1422
1724 1408
1784 1528
1841 1338
1789 1422
1791 1338
1823 1377
1820 1372

Point Cloud 1327:
1 1020
56 936
80 1473
176 865
304 801
426 819
581 1871
572 2006
529 1924
544 1934
612 1909
1572 1369
1726 1380
1695 1344
1677 1441
1716 1458
1755 1415
1654 1530
1787 1529
1692 1425
1787 1511
1776 1732
1788 1417
1859 1363
1841 1403
1847 1383
1857 1328
1850 1356

Point Cloud 1328:
7 1014
0 1410
68 891
255 806
316 732
477 825
538 1993
533 1938
611 1900
611 1869
1567 1393
1852 1427
1647 1416
1699 1335
1768 1320
1876 1377
1815 1403
1776 1509
1814 1531
1675 1367
1657 1399
1811 1380
1795 1330
1771 1422
1671 1526
1726 1241
1849 1803

Point Cloud 1329:
8 1432
56 938
169 877
310 744
514 1912
547 1948
587 827
559 1855
608 1896
580 1929
1592 1405
1681 1364
1745 1489
1708 1503
1705 1493
1662 1452
1763 1469
1663 1356
1754 1378
1646 1282
1656 1539
1810 1402
1849 1334
1842 1398
1795 1328
1862 1877

Point Cloud 1330:
51 1443
64 874
191 861
244 813
303 781
584 1988
596 1879
586 1945
573 2010
534 1883
585 833
1578 1362
1830 1459
1819 1392
1737 1409
1647 1291
1801 1336
1799 1358
1691 1323
1814 1406
1869 1385
1853 1434
1741 1423
1700 1483
1720 1349
1673 1513

Point Cloud 1331:
61 902
152 860
223 809
307 775
629 1921
624 1929
594 1942
553 1970
710 824
1554 1296
1577 1365
1763 1422
1708 1461
1721 1439
1693 1446
1619 1400
1733 1461
1689 1407
1668 1540
1830 1462
1799 1379
1880 1385
1827 1384

Point Cloud 1332:
43 756
64 913
160 891
195 849
328 732
577 1883
524 2005
584 1949
505 2016
761 839
1411 1291
1584 1377
1827 1433
1681 1404
1805 1508
1787 1369
1685 1448
1834 1417
1701 1455
1740 1492
1741 1456
1850 1391
1690 1472
1699 1450
1668 1540

Point Cloud 1333:
28 758
38 902
135 891
218 817
315 750
579 1918
601 1942
543 1840
596 1980
618 1966
757 845
1344 1346
1578 1376
1636 1492
1774 1525
1844 1437
1733 1505
1744 1420
1812 1364
1825 1356
1784 1394
1882 1375
1733 1404
1847 1368
1772 1503
1835 1468
1719 1413

Point Cloud 1334:
24 689
38 893
91 883
238 797
298 790
549 1831
630 1897
547 1931
512 1937
540 1932
791 840
1214 1358
1575 1399
1839 1439
1706 1494
1731 1411
1688 1408
1663 1342
1668 1392
1727 1461
1704 1370
1773 1337
1685 1378
1699 1386
1860 1401
1636 1391
1775 1345
1635 1531

Point Cloud 1335:
62 901
139 892
213 832
305 780
586 1959
583 1943
530 1964
531 1866
535 1833
804 935
1059 1381
1593 1381
1760 1507
1862 1386
1684 1427
1748 1572
1647 1469
1619 1475
1868 1344
1843 1471
1756 1472
1816 1353
1669 1444
1774 1514
1741 1589
1807 1367

Point Cloud 1336:
145 901
122 895
219 841
318 728
442 1941
530 1946
541 1873
628 1925
573 1918
841 950
939 1420
1575 1359
1666 1453
1709 1330
1770 1458
1854 1320
1806 1316
1687 1443
1735 1420
1766 1518
1807 1387
1732 1365
1734 1493
1719 1366
1858 1431

Point Cloud 1337:
50 911
116 894
225 845
321 735
508 2011
539 1943
506 1978
583 1981
524 1857
817 909
822 1425
1199 1814
1346 42
1578 1364
1661 1383
1795 1400
1654 1358
1785 1378
1822 1319
1851 1429
1696 1383
1778 1495
1819 1377
1799 1394
1727 1519
1660 1400
1683 1335
1617 1470

Point Cloud 1338:
55 882
139 913
228 823
305 735
570 1939
605 1927
480 2009
531 1855
730 1411
779 935
1231 1940
1851 1397
1636 1386
1761 1491
1760 1522
1725 1490
1760 1408
1658 1404
1623 1353
1618 1537
1611 1481
1820 1367
1656 1382
1691 1408
1635 1354
1684 1415

Point Cloud 1339:
39 878
148 893
228 804
294 762
505 1989
556 1909
631 1921
620 1423
745 905
1665 1430
1706 1336
1796 1433
1857 1333
1738 1389
1826 1372
1805 1368
1725 1383
1681 1474
1628 1361
1699 1470
1624 1351
1862 1322
1626 1519

Point Cloud 1340:
50 873
149 912
221 829
287 779
470 1434
473 2002
509 1958
498 2004
564 1828
767 915
1568 1376
1693 1420
1820 1356
1711 1514
1631 1383
1571 1370
1802 1370
1836 1395
1743 1425
1655 1442
1768 1466
1750 1457
1851 1403
1786 1392
1655 1360

Point Cloud 1341:
1472 1109
1224 1317
1355 238
857 1036
1363 1501
1729 189
1778 1661
1135 293
588 624
90 1933
700 252
255 300
21 280
26 1861
1508 821
1829 163
1288 1403
1174 1315
984 392
962 622
1260 758
1910 18
248 1814
1644 1864
1358 1348
1358 727
464 48
690 1960
1359 708
1847 245
1224 464
1605 1411
993 660
1490 1228
1796 1706
1629 483
314 945
305 1985
1180 1400
997 577
1420 1679
1848 722
1172 706
1043 1310
1827 1791
1500 67
1752 1859
1009 1703
342 94
1869 1579
664 168
373 557
274 321
567 73
1889 465
456 192
127 199
771 1866
1066 922
862 1768
730 1978
546 60
1317 1598
1116 1247
1228 361
489 598
1906 1203
1043 581
76 1265
833 1037
1188 996
184 46
1722 1013
92 1015
981 232
855 1638
322 1768
1025 1617
890 66
1362 1554
1589 499
683 155
570 226
661 1652
1520 161
1689 1473
1746 225
913 87
987 69
8 744
1489 816
1895 559
1617 412
1137 836
95 836
1649 2010
1787 480
121 837
1037 1675
563 809
1811 1411
1504 1344
1698 324
200 2010
251 1476
1367 502
1673 127
1860 1412
1279 1626
1441 194
605 1686
1119 492
376 812
1243 1870
187 848
405 832
1896 1530
1570 1969
1609 1239
160 267
1779 237
1637 725
944 557
778 1717
388 926
1566 127
183 1337
798 671
969 922
619 1357
634 1593
1077 918
1341 1957
1773 435
293 389
1504 1146
604 1171
1202 492
1504 1985
1349 1706
434 1361
1015 396
1069 270
1886 780
108 486
82 608
68 1457
667 847
1792 1545
125 70
1135 704
1554 627
1003 1016
1790 966
1569 447
1843 1679
640 1905
237 1608
1797 672
1779 1940
1101 482
1665 2008
761 375
659 1818
489 1782
372 1667
500 1062
1180 56
533 723
170 1991
750 1617
1301 679
282 1085
413 1178
1149 1679
1390 1395
1844 906
937 1110
1131 1125
1583 899
285 947
663 291
254 19
205 1282
114 639
1606 1774
1661 1268
1714 1302
960 1705
1884 1505
1542 200
968 40
678 1131
159 778
638 1259
1653 347
845 920
200 1045
1269 1346
893 845
1828 976
1277 148
1487 1748
1485 180
1086 641
915 1839
883 349
1246 607
1109 1453
1187 407
1295 756
988 1604
984 278
853 1998
625 735
1905 1512
891 1542
132 409
1499 1810
446 1297
282 966
486 676
940 1994
1759 1580
392 1011
1733 992
1188 307
1907 1670
678 1410
728 190
537 1742
308 96
1786 1965
1532 108
1124 451
1378 798
1396 98
638 544
1816 273
498 422
468 1357
890 270
973 1568
1301 101
1686 182
789 922
949 739
90 1109
1227 434
895 246
1427 788
1601 1881
329 1829
168 1414
14 1875
1814 1106
1155 1826
1356 28
860 1035
1822 1264
178 1437
1732 1307
481 935
1890 417
1125 380
680 887
360 1247
539 2003
980 1204
1713 982
1603 1188
1264 801
505 1640
72 1640
1534 1595
1174 1266
1300 1191
989 1588
1572 172
638 122
1783 1818
1233 1353
626 1884
429 550
726 1007
1656 875
834 1743
1454 396
1121 1346
485 1578
1624 1260
1806 1329
132 1496
1213 1040
1416 820
1253 143
1774 1498
760 432
872 1790
821 1211
1112 1572
589 1783
1826 956
1392 1163
781 150
46 561
1574 1529
1085 494
1837 1440
1036 1091
41 911
270 68
878 745
1612 1598
1428 1030
987 198
312 488
14 1245
1724 366
1809 1739
169 740
1741 147
135 579
949 826
222 839
1095 1196
547 238
1119 234
1138 1098
1793 469
542 1392
532 686
1254 209
39 1887
1693 1807
1260 51
1145 1515
624 1907
618 1343
1295 53
102 763
278 1465
50 1133
947 462
1766 1267
1054 1286
1315 1891
661 708
619 1708
1489 69
11 611
683 985
394 145
885 773
1851 1051
1044 756
1550 328
873 631
1341 786
1538 249
761 531
1006 993
1278 1672
560 1664
1906 1564
62 1686
1226 1051
626 125
223 1725
285 465
802 1608
1680 793
1846 600
866 1976
1054 994
570 699
872 1345
1736 1091
1714 659
1771 1877
1183 916
155 1910
499 1416
1355 993
1747 1937
1194 1388
68 925
60 2002
1855 1176
522 689
1630 1135
98 147
1080 761
564 1796
977 1693
1397 1323
832 898
1655 778
1694 1369
1862 1196
1182 1266
144 1772
1765 360
711 456
986 1408
1227 1148
418 1295
981 425
479 265
902 91
1322 1079
454 974
1551 1463
1736 2016
1719 360
1704 698
1543 1199
1411 694
355 244
1460 1202
236 1344
303 949
913 1387
705 768
273 602
209 1691
66 24
1033 1285
700 646
44 751
1807 1993
320 185
511 41
610 1024
828 985
897 848
1802 1242
1210 1757
586 1447
1798 1976
246 1382
671 858
1171 367
62 1828
1602 1792
669 176
1204 1731
1328 413
789 2012
64 1846
527 1323
276 695
1292 162
970 907
504 1492
1906 1940
613 845
215 1475
148 1300
1820 455
1646 618
308 1794
1787 1148
1254 293
1060 1953
1769 846
381 724
392 192
403 951
278 55
1081 201
1118 1566
582 1809
1263 1926
1607 1828
750 672
1724 646
877 1268
1762 342
1905 644
579 331
914 31
1443 1781
1440 174
1360 703
1352 928
226 1092
871 394
683 2005
1447 780
455 1680
454 91
462 1731
134 415
1345 40
373 22
475 1422
736 40
1831 1673
521 1322
1010 1624
129 571
1191 1764
1811 1907
244 1698
1352 184
158 954
1198 1342
88 361
292 1200
787 1424
48 650
171 862
1242 1701
1011 32
1844 126
1230 1854
835 1063
365 1656
465 1453
1543 1024
942 1316
1526 1418
1042 1478
1315 1427
1391 551
1333 429
1022 1196
1400 1057
251 1495
1180 200
15 1572
188 5
1552 197
1067 679
959 1316
862 62
782 1834
1290 1913
308 877
1670 1013
660 895
875 949
1208 1288
1340 779
104 1188
536 1194
240 616
873 164
1121 1904
49 1392
1285 1038
1868 1075
774 1947
505 1782
695 108
1370 1781
925 1048
137 761
158 440
968 1575
396 1648
531 1321
1364 397
37 1903
1335 429
1032 626
887 1785
884 1888
1411 117
1120 1457
1273 928
1452 1570
505 1629
697 33
692 423
702 1919
394 117
251 238
889 641
1147 537
1586 2001
1631 1021
879 54
832 1122
127 821
1383 1409
376 226
344 495
424 98
1456 1479
1019 471
902 407
358 837
79 1936
1728 664
948 272
222 998
1837 1054
471 1991
304 1660
497 1571
230 1216
1759 576
464 931
1171 645
1042 1445
1607 1997
1171 1025
1443 1625
1664 1060
1451 57
1025 1831
1621 924
1286 1627
1598 1925
1751 444
1066 732
1245 1295
1511 1684
1862 871
451 222
1857 886
1780 516
784 458
175 605
806 101
1593 1054
712 799
644 1199
1320 1228
1130 1230
693 375
665 1315
469 551
455 857
134 824
393 1292
443 241
1787 1941
310 1607
1595 1765
1745 317
1637 944
1126 560
1639 1176
1786 155
642 1320
1143 540
1256 369
1125 1708
1886 1394
1355 1978
971 672
1284 1739
42 1795
121 1128
1026 471
1178 1836
826 1613
1217 1007
1379 1235
550 647
76 1411
1037 642
558 1487
1660 93
434 1526
1930 659
634 739
1612 426
396 110
891 223
848 482
1205 981
1571 541
1271 931
1238 1217
1611 1214
1467 1822
741 1344
94 1862
1343 1718
1098 806
1448 4
752 731
829 1422
1212 271
1820 1194
1374 1080
166 754
1183 56
278 1886
856 1977
801 981
1161 1255
480 1089
629 1424
242 1465
892 938
1080 108
998 1941
579 1935
842 988
1189 1055
538 1070
255 1504
831 800
77 454
287 1343
1873 1716
752 230
908 1164
1587 85
476 1827
850 1703
1417 1456
1404 223
1231 722
1620 390
99 473
1659 361
1108 252
918 912
1412 574
1864 239
504 1831
789 54
263 293
931 944
534 690
1062 1121
1859 1842
968 1125
977 304
520 1232
190 1846
1908 1981
123 180
1726 78
1413 657
1560 1009
240 1751
844 147
581 382
1383 839
1038 1737
1325 1498
1440 80
857 1991
1455 1103
627 726
942 455
1094 1616
1661 1161
434 98
1639 1255
1504 1046
1310 1566
546 1745
912 241
487 1751
221 1184
1605 1646
1052 75
249 1048
1174 676
503 721
743 1961
1864 553
993 1832
1874 349
1842 233
1313 1571
1766 1407
1718 1372
1526 1340
29 1549
1727 381
1336 223
1746 728
1685 1645
1055 1787
797 572
86 1593
1642 1793
1464 1691
1261 22
293 1000
385 1192
1244 929
892 802
1011 975
1020 99
1594 167
20 1176
1538 1001
1923 1221
1061 24
1779 835
858 1006
285 1598
1053 1562
1159 599
306 1200
453 251
850 911
427 662
484 583
1355 436
1018 1592
1437 270
978 955
577 1048
231 1893
715 616
1754 2000
167 1590
1217 577
255 1327
471 1244
1796 1158
1822 1392
365 1673
47 1849
1448 241
758 891
1073 528
839 425
1304 1779
536 1440
119 1580
703 1867
442 1441
653 38
1853 566
742 1061
1502 458
1232 45
416 1255
918 794
853 415
1592 1012
63 1782
803 105
794 1882
339 1235
1833 1005
1207 1024
713 560
39 1089
640 1382
1720 1076
1480 870
1401 254
218 1852
1516 184
1838 678
1031 1637
96 1655
1820 1048
569 1876
145 532
1893 364
1737 352
444 492
370 1048
1819 1831
1518 374
282 754
620 1888
1346 1505
414 393
915 942
294 560
409 929
1702 1519
1046 1934
718 750
1114 1565
1761 1415
238 1377
1262 1350
1873 1726
477 1433
66 1063
1738 471
743 1027
1361 102
76 1216
908 1205
1523 1209
1162 820
898 1175
1496 922
1094 90
1673 197
833 598
1120 1695
332 514
1917 218
1292 1694
1158 1395
1329 1973
1210 151
915 608
465 794
97 1877
14 1684
978 1825
13 1493
70 15
1016 408
1584 1889
1756 1995
684 1554
313 724
1419 1513
740 753
426 947
287 1571
735 23
1416 865
151 1286
1857 1430
707 1905
1659 1315
1560 705
1741 446
224 485
1868 1826
1375 473
1272 1959
416 434
921 2011
1044 952
1273 1687
429 31
181 5
638 1171
274 1104
1721 1937
695 33
623 1353
1449 1412
1836 1613
876 182
891 924
271 141
1015 1209
796 1002
67 1203
1314 486
321 1
1597 928
273 56
77 1745
1273 716
50 507
1481 356
1045 841
1590 1960
537 1032
755 1994
1316 1261
596 1989
1551 1739
781 127
907 1528
1100 1006
158 51
1276 753
1274 629
118 183
196 281
1694 1702
278 696
1343 548
1237 1994
1219 307
227 1390
1284 2002
338 938
1518 961
307 1471
1828 373
1346 101
717 1503
335 708
1724 1639
241 885
1296 1486
438 110
605 1911
1847 1524
1156 1480
1028 859
463 251
744 1650
197 66
85 243
1153 116
1881 356
1331 1321
732 1892
185 1488
661 604
967 870
170 23
1847 766
777 160
1350 1668
663 202
1183 656
1496 564
1859 258
1815 1723
788 1362
92 1398
1142 1000
1027 530
571 1457
160 411
1411 414
911 1449
152 230
1335 417
515 1032
1024 874
1489 316
530 1020
855 1726
66 986
1120 1634
1283 1095
360 1209
1234 1905
1203 1259
605 1563
1233 1335
1219 1693
1135 1872
358 480
1609 1581
98 260
444 1225
1700 247
644 419
1555 180
1885 1304
725 1865
1329 659
1678 732
802 409
264 275
479 535
1284 521
1012 112
1595 1754
1381 1371
556 1580
929 159
1303 510
619 707
66 556
559 1170
1156 513
1437 543
199 273
487 1229
1757 735
1058 1889
547 1558
1278 1012
1176 588
1364 1781
1778 1562
1636 1431
1328 664
705 983
1013 172
949 805
1874 438
613 873
1289 1568
942 1068
1568 1413
255 1105
899 1172
1600 94
1159 1688
1843 302
1871 183
236 1882
149 96
1750 171
1282 769
70 732
712 1390
294 763
1270 1311
686 549
1216 105
388 1805
886 1191
888 1600
495 698
1170 1428
1477 567
902 997
1042 509
1886 1240
593 1054
1217 1704
1420 1883
1104 1836
405 674
152 604
1563 1487
1057 1933
199 1104
1852 667
1252 700
226 1318
255 803
22 1861
406 1677
587 1341
163 549
1914 1060
1023 1529
834 712
1612 1401
1800 1001
1562 495
262 1529
1104 1462
1596 1869
1363 647
608 53
398 1414
1810 856
1356 1925
1571 1244
27 542
855 1844
1680 1477
156 213
1101 549
1932 1320
1144 490
942 832
171 1451
1249 270
144 414
1501 1307
1876 1103
1516 1961
1052 1537
1067 193
318 21
366 1917
1142 152
854 44
292 1807
6 1794
594 1799
1652 1688
1167 1609
1176 281
1698 2013
706 1960
1326 617
1446 190
1934 802
479 399
66 184
650 1535
1053 827
1741 232
1633 1009
1312 970
210 1631
37 1743
1299 829
1172 1440
1062 1548
1610 170
1832 635
1660 1409
119 1186
1731 1177
979 237
1246 1416
812 1113
1684 46
375 1222
244 95
43 436
1259 686
1758 1448
1236 1971
1305 1336
1865 1171
404 1305
1587 1762
1565 1996
279 106
81 239
924 1701
1545 1686
374 505
1081 1465
1306 889
1418 1554
1177 702
1614 981
1206 1451
857 519
154 1103
1736 980
1331 723
976 262
1875 110
409 1796
264 609
585 82
116 562
266 1834
512 781
1727 1635
370 1712
231 1065
1917 944
779 1312
515 310
479 11
1845 1416
1730 881
17 698
919 1172
1631 1321
1231 372
1162 1953
851 1536
483 984
1921 1125
285 1756
1125 322
1280 1027
1505 1296
1369 1524
1396 1830
1500 832
1494 161
505 860
1313 263
1369 876
1919 320
466 946
634 272
621 375
36 1205
323 52
598 1146
365 370
73 1914
1747 1521
961 1048
387 1654
649 1549
1049 348
908 1486
1538 1673
1898 1712
974 1963
920 1137
1508 812
365 1979
1840 1668
1814 339
348 337
417 308
1209 2009
344 1976
952 1194
389 1309
569 540
1093 1950
1033 990
382 1022
336 134
678 1540
1376 804
1543 1044
314 247
1440 1888
132 594
907 1420
536 649
244 219
264 1309
367 341
1833 1153
734 906
1194 1963
1749 900
793 816
701 565
736 486
1582 1410
1023 1696
1269 67
522 493
1920 828
1468 1418
1374 1729
518 1271
676 1852
503 427
26 1549
980 1844
347 1759
637 838
945 373
803 901
1452 810
940 1547
1355 1689
86 1830
1040 1801
110 42
291 729
780 218
951 1967
718 343
1035 956
217 1921
950 1266
257 1912
555 1249
762 1357
1623 1457
1654 1562
585 1048
247 1396
680 810

Point Cloud 1342:
46 890
95 876
244 792
318 749
386 1344
540 2011
523 1879
570 1934
691 978
1681 1353
1624 1447
1584 1427
1603 1382
1599 1483
1585 1461
1698 1494
1692 1523
1740 1594
1772 1405
1780 1379
1787 1430
1837 1350
1859 1401
1876 1413

Point Cloud 1343:
61 932
105 898
223 841
324 730
343 1325
516 1955
539 1875
600 1935
663 987
1597 1358
1604 1390
1649 1403
1588 1377
1702 1412
1704 1377
1740 1400
1766 1411
1764 1482
1742 1604
1815 1348
1821 1316
1858 1418
1796 1430

Point Cloud 1344:
52 939
160 918
221 807
214 1302
305 742
467 1997
509 1890
554 1907
651 992
1672 1425
1598 1380
1666 1476
1651 1440
1567 1378
1645 1396
1652 1443
1769 1521
1663 1510
1757 1520
1772 1464
1801 1401
1797 1370
1803 1371
1778 1357

Point Cloud 1345:
18 315
71 912
124 919
146 1303
255 807
301 766
430 1993
518 1987
543 1854
642 1942
692 949
1354 43
1637 1462
1624 1432
1752 1396
1625 1394
1725 1470
1790 1526
1722 1466
1763 1497
1764 1457
1651 1385
1561 1350
1570 1452
1838 1341
1812 1336
1790 1314
1880 1335
1881 1740

Point Cloud 1346:
839 1063
573 1689
1315 394
787 1512
1662 1155
880 1989
499 1446
770 654
448 538
1165 1981
524 2006
1332 1264
200 723
867 1240
1096 1130
1887 1535
840 143
483 1398
1791 1863
1149 1022
695 90
1189 1267
564 1631
732 246
1364 341
52 82
315 37
939 23
1216 1807
1004 1120
922 502
1852 1850
183 1277
1289 1341
845 1811
152 369
1430 478
50 1721
348 1266
1212 49
396 788
615 1893
1641 1699
504 751
890 911
669 556
1355 315
480 1
674 1491
1141 942
1066 1086
1293 379
133 1562
618 797
912 855
537 641
1718 969
559 1912
1577 1077
400 879
1454 599
1830 643
1637 565
1781 519
976 47
987 407
79 1241
141 1619
375 1874
91 12
1310 271
1749 1425
919 764
1564 542
202 721
217 1220
408 378
1671 1646
560 780
1399 1930
1381 334
492 500
706 1060
1086 1190
1928 1009
123 1648
831 1188
630 922
773 677
1369 682
828 433
1875 699
1210 37
482 1751
628 217
906 1319
14 931
631 1400
1536 2009
958 1931
1632 612
1907 1978
1582 828
1634 560
642 420
1434 665
321 1302
1277 1729
467 1576
432 338
1847 1732
274 1506
1304 1871
469 1257
861 863
1868 549
124 1216
1420 1892
151 144
609 904
558 701
380 180
1241 1834
144 1961
1224 895
271 1062
495 852
338 1000
1033 1747
263 1225
1329 604
1845 583
596 1656
1685 869
1169 1117
373 630
1552 35
1710 1472
1519 351
510 870
306 70
1051 1849
1516 352
276 1790
716 1450
39 1909
304 361
1807 981
1057 428
937 886
714 221
317 935
1772 2006
1819 720
1821 1176
1725 505
1329 1807
24 323
1123 1972
454 1894
794 1135
1766 676
695 119
1729 409
1313 4
1744 1710
1131 379
1293 286
1319 397
557 969
108 546
134 1680
950 748
726 1195
1113 307
1582 1975
1928 1392
23 40
1857 321
572 1458
1472 1594
198 38
943 119
1561 1830
893 311
18 1431
197 684
891 1252
1647 1848
978 471
1755 1067
1696 467
818 1691
1562 1672
1722 419
1807 540
1885 1180
1854 1048
1513 1074
1059 1493
1498 1900
1556 691
1438 75
1718 446
1001 674
647 929
1086 1596
1671 1067
270 855
1145 2013
1454 1526
1268 1344
1568 347
889 153
318 975
924 922
1746 1373
763 1796
758 1600
1841 1551
320 436
1034 522
1305 567
72 706
171 1294
1053 1159
1281 1216
425 1857
1639 1691
163 523
674 1075
1776 197
478 806
1439 1872
1782 1836
1828 95
1404 1143
1342 914
168 1603
1778 1579
49 405
1472 1450
530 11
665 1958
668 1938
1211 354
1036 1730
1739 210
794 1305
930 1073
84 44
145 1748
673 1613
201 714
701 1078
402 546
1140 342
110 1002
766 358
216 1413
756 588
1562 1830
1008 1745
1435 13
905 1093
1780 689
1112 349
217 1064
1553 826
1272 416
1840 855
18 374
114 1670
663 1157
46 1777
389 1719
782 1157
1818 1159
33 118
949 721
321 990
1742 1215
69 354
816 796
1477 660
1758 252
703 1159
759 1846
489 838
1198 419
1072 1956
163 1241
419 1983
718 1223
931 2018
1886 1194
990 1051
297 537
1399 774
1900 1979
851 1763
1437 363
1298 1024
473 560
773 267
242 1994
328 1871
1471 17
1610 684
366 1844
482 906
617 1879
1571 398
1396 1475
345 350
1532 1396
154 544
516 1627
1148 1903
510 37
231 1504
211 1024
1337 531
1585 1526
394 1323
98 432
1908 1352
1225 323
1870 1558
1037 1032
1860 100
803 665
458 705
928 301
1783 933
1156 697
1920 1368
1805 757
753 166
760 1652
229 712
980 1443
93 1921
1067 459
165 648
32 1339
640 165
490 899
1463 1137
1543 1835
367 370
1389 1320
1540 1044
506 913
1572 2018
211 696
1135 666
1593 1680
653 879
829 457
1211 749
960 252
912 328
161 1382
675 1350
1095 1000
903 467
900 1099
880 1144
1871 111
269 1141
772 1457
1180 106
1587 1709
230 1721
1208 1909
484 62
842 409
1361 1505
671 533
675 1162
1834 1715
1357 1919
1211 1755
1777 605
1889 1580
1351 1427
1135 1940
1662 946
170 23
1012 966
447 951
1720 1583
1296 569
1605 281
869 786
1638 1424
783 243
485 1158
1714 249
508 1177
243 1050
1318 1455
770 46
1744 102
267 284
507 1735
1273 159
291 1038
1885 600
1283 1984
1426 1930
555 578
479 1833
453 1324
1772 1296
1148 848
1187 989
1878 309
51 429
1722 157
129 963
637 1287
310 710
1066 473
645 1125
1334 1292
452 1375
820 1658
1587 579
687 165
964 830
1692 429
64 493
90 635
1087 137
430 1107
809 1959
363 544
892 1640
1286 814
901 503
1131 815
778 1273
1176 32
1029 806
413 1496
373 1470
376 1770
1172 326
1670 597
869 1687
1873 581
1912 331
1499 1014
1169 1515
1408 1297
265 662
1758 97
446 755
734 1437
591 1698
1676 911
1812 922
1044 574
601 623
1917 151
1361 1892
1622 66
55 967
780 279
1484 1054
1244 71
1357 1771
1830 827
678 1129
1462 1976
1734 997
143 1690
1097 1578
738 914
473 943
1294 1902
1230 59
1367 1267
1657 2
1411 793
956 723
1232 202
923 331
1862 342
596 1746
880 290
557 1902
1925 17
1841 1198
607 483
86 830
284 1760
575 17
539 1107
72 1054
331 1480
1582 1641
266 1345
656 415
472 1821
195 1039
1297 1988
1403 1919
1753 1802
733 1536
248 1966
1168 639
1472 651
1037 910
1623 508
1330 1158
917 538
1828 1120
247 1564
710 1493
1840 469
858 70
1694 468
62 905
1179 1609
86 138
343 1139
278 634
1242 325
151 1092
1206 934
861 1920
1592 1118
1651 169
580 1957
897 1795
1746 1640
481 212
263 1339
1397 496
739 831
1164 1739
1581 1456
1923 629
396 1911
1517 1712
1399 1569
1535 1769
1296 577
1133 638
495 1184
1113 362
1078 1785
1704 1178
1418 1631
1628 320
1027 1741
431 919
631 399
396 1182
1058 1972
1502 1894
102 1786
416 1467
1104 830
416 1350
1499 777
1579 1644
439 384
1796 219
1464 1517
29 926
853 81
611 820
1390 280
760 36
1416 1532
1607 468
715 1145
1352 411
1020 404
162 8
450 1630
98 1919
1427 546
1176 1274
1527 1641
726 682
450 566
1601 262
1695 1855
931 1209
1199 1148
1054 11
1027 1900
648 2007
182 842
1106 1609
837 86
138 699
76 1483
669 1924
1760 1693
1069 1020
194 670
146 1541
1889 253
1908 327
1672 1706
553 80
1092 740
1203 1225
1905 1631
1012 1690
1170 1574
1114 514
667 1355
1725 1447
480 700
222 336
621 1370
314 593
542 393
289 1455
459 797
984 255
1492 587
883 1003
1890 669
920 1370
1210 997
408 1423
192 165
1128 50
1796 553
1093 701
1350 795
1408 1939
601 1475
542 822
1105 1627
223 718
738 401
523 612
1671 1414
802 266
1570 168
692 1061
84 117
1869 105
1684 227
97 80
927 1502
750 1105
1507 1534
412 1490
1534 1840
1712 1413
1680 228
846 1144
276 440
639 1203
1147 129
211 499
1240 1023
1322 1996
1170 1704
1575 962
1544 1385
460 340
1162 755
1499 197
1723 1282
1877 8
1293 1841
299 1151
1138 776
842 499
452 1948
1933 841
522 1098
1514 1890
241 1027
176 1612
511 1418
771 1374
1266 1460
1520 1437
1331 1159
589 708
1740 274
240 969
633 1213
941 444
1375 1119
531 41
1279 310
1326 1108
1783 567
30 445
877 210
1006 251
444 398
1619 1753
1202 450
1446 39
549 1647
753 758
36 464
1449 1923
598 1120
790 1737
461 1350
1039 1141
1197 1130
1312 986
1485 1843
1850 730
1266 1902
385 553
1393 166
751 1056
203 381
1090 462
613 865
1144 792
774 1623
1411 1614
403 1358
1280 775
638 680
855 218
538 60
660 991
975 1290
1631 1498
335 251
1867 93
1320 1937
250 840
1916 14
1343 790
130 1758
1237 1813
1464 1511
1278 1141
1582 1497
1906 1221
1542 1867
1868 1193
718 1304
1429 1046
463 1230
1918 973
1684 112
564 1524
1499 1661
1325 949
1059 1695
592 596
1448 1138
1131 1585
1052 758
1446 343
418 1740
1141 1048
1577 1421
918 1021
1394 1670
437 677
892 1804
1457 1995
580 1326
837 639
1410 1233
1273 1425
901 1294
1931 665
154 42
958 1325
146 38
1132 258
1900 454
58 1020
1821 1630
358 1145
1793 1667
464 1763
1615 1695
258 427
1229 1854
983 1826
1347 1926
1286 1497
840 243
500 1377
478 1415
1081 1823
907 1716
1726 1828
267 108
34 169
503 704
1579 1155
169 1072
1530 836
1339 1678
1719 1460
518 1631
914 111
556 1931
1140 1626
58 1265
916 996
797 1531
504 659
1267 1972
82 2006
215 126
1721 1480
764 1647
1410 1739
1385 1379
1368 63
148 218
1721 84
1602 824
778 1524
1072 595
1318 1019
1041 363
1206 1324
1657 481
1702 2
46 1851
1512 1989
874 1791
1774 1228
488 1110
47 1415
301 471
381 1460
1404 1346
1153 1013
70 163
201 771
883 1707
1924 32
396 292
435 515
616 871
249 157
1198 1830
1404 160
1282 405
298 2001
171 1521
1605 1508
309 1286
1062 1548
1171 1027
1625 175
795 0
162 611
1191 1232
839 413
1909 1285
896 1393
1302 1035
662 472
204 1825
601 2005
1555 1718
396 1248
805 466
1440 121
1656 766
119 615
541 774
1434 2015
1113 276
1198 183
1567 1408
1475 351
1531 40
1279 1854
1613 390
332 100
1264 979
1382 1980
1136 1650
775 1684
386 1324
292 995
984 1953
1855 1044
1926 1
1528 533
604 70
140 347
686 1808
776 1906
1842 396
1257 89
988 1145
401 878
380 1635
503 1493
1602 28
696 1428
1661 217
1012 1104
705 731
685 1673
256 876
522 1593
834 2002
1846 2003
179 1900
63 1903
1203 1266
1853 246
879 962
1659 1534
286 1241
1392 1938
1683 1617
596 1362
1460 795
82 1067
610 175
1489 378
1137 969
1250 990
259 1406
1389 84
89 634
903 1487
1101 282
235 894
386 1007
1639 1629
547 872
1776 43
864 1315
780 1611
1229 1835
1070 1609
1474 451
1833 65
0 571
748 938
1517 909
1706 1262
32 589
323 1546
1186 135
572 1618
417 921
1555 547
848 997
1756 29
1702 2017
330 842
803 25
1212 580
143 47
953 1250
114 1706
1537 1446
920 1949
1137 504
1770 1844
221 557
996 1010
629 1499
81 1318
799 1652
1543 1372
4 1267
119 1729
1593 1391
1916 451
969 643
966 1537
120 1118
1697 144
690 1783
330 954
515 6
1890 1845
831 26
1220 1517
1062 1058
524 1509
514 987
814 1745
1188 785
1351 911
1169 990
1535 573
1816 594
12 1121
961 503
910 1100
378 267
363 1733
218 1110
917 1688
1052 24
1837 1694
1835 397
1869 1369
602 1075
1287 1047
270 681
1024 1817
1554 1170
503 647
158 1999
241 1529
349 1391
1077 1310
1659 503
92 1839
152 1851
1745 523
1055 833
222 1133
1089 1315
1021 1158
201 140
1266 1344
1926 1839
1300 114
1066 1683
1923 1644
1410 384
1562 585
860 70
411 1211
1564 1791
163 428
873 1853
593 58
787 2003
1322 1582
275 1109
1088 1202
1036 56
1298 757
1487 352
529 822
1844 534
529 412
1316 1878
420 538
1621 915
1823 303
661 397
788 1036
704 1848
710 912
1854 226
1178 768
1280 880
1650 584
572 136
885 1118
25 1718
301 1964
1045 675
1259 1692
785 701
614 1652
21 1753
2 1138
342 783
1041 1264
364 1619
819 1511
1790 478
1650 2008
1053 1864
965 636
1250 1581
390 2017
991 946
1402 1305
413 1936
1012 869
1507 1686
776 1125
894 113
1449 1842
1014 456
76 1471
819 1029
36 1524
1255 1453
357 1887
1397 786
1145 359
693 986
1366 1278
388 1119
1902 505
500 193
1794 462
168 120
1529 1946
1704 156
1498 891
1896 692
14 204
743 1725
1739 1308
618 1657
117 113
439 1962
1579 374
1478 1290
1361 223
1112 1013
1344 1693
917 50
1860 1388
1 1848
1468 1086
726 5
543 300
1387 1466
1588 38
1103 1894
990 195
1909 1284
1378 243
1111 1617
1422 696
1 1777
484 494
1755 1639
1384 50
1855 1981
1540 1789
627 291
1759 1182
785 924
310 270
270 1473
1917 1574
341 1076
919 1900
1733 495
1229 929
862 1617
1548 812
881 52
454 266
932 494
645 934
1705 1558
1610 1756
1157 1246
1031 1862
1393 154
641 1169
805 1174
1308 673
1247 1963
1448 866
1512 2
1156 1535
61 1514
973 1219
298 192
853 93
1613 1847
1031 533
1345 52
1096 83
1068 1092
365 948
106 1232
771 248
1413 32
228 308
159 1006
871 1799
1464 316
289 1160
1471 1577
1044 1877
162 821
726 397
1015 1043
1108 229
561 584
610 1888
711 1593
1807 1655
136 756
666 1726
835 1951
106 1692
582 917
1894 1915
1146 160
1312 927
998 266
983 1251
389 1318
439 932
1844 1577
169 715
1888 137
881 1611
450 1503
305 706
613 564
902 1280
30 1464
196 1830
921 28
1669 2005
907 1546
1702 1698
287 849
1700 1112
357 744
1546 1660
431 1885
959 1966
15 644
1777 1660
1058 2006
205 1222
570 1377
445 743
996 1247
666 1662
1077 487
501 161
142 505
1067 944
1565 193
592 520
720 305
1832 1734
1346 1504
1338 1824
321 95
1198 37
1374 1740
979 1548
291 250
413 979
1595 1303
270 1315
718 1229
370 1006
1756 594
564 1355
1609 1246
435 1691
217 484
1372 1865
190 984
1532 1245
369 1448
518 381
826 1806
784 168
515 109
1672 1841
6 307
984 1145
573 1670
777 1950
105 1243
650 842
1895 893
579 1046
1519 1819
1472 154
499 425
1198 1074
16 195
1685 808
1321 994
1743 546
1649 1404
1533 1785
701 788
164 641
484 1152
824 1342
1418 1787
1348 230
1884 769
1489 915
1382 35
285 1508
1792 1676
1853 257
366 957
1178 1020
1071 309
325 1359
60 979
1515 1106
487 1689
1123 1742
804 1997
580 43
770 739
736 1393
1329 1928
1533 966
1289 1263
1431 974
958 21
589 782
549 2008
1496 528
539 396
1892 1009
941 1706
626 954
387 937
1640 1105
336 1331
1700 1535
371 1346
718 1972
567 550
1748 1935
838 216
1756 1192
1731 1257
1119 1944
390 1918
1394 814
20 1327
644 2

Point Cloud 1347:
37 889
133 909
198 1327
238 813
216 331
301 754
464 1937
514 2009
545 1856
560 1893
709 920
1518 1353
1637 1491
1690 1462
1672 1457
1630 1501
1572 1374
1635 1416
1791 1390
1775 1496
1744 1423
1827 1436
1799 1380
1877 1396
1803 1405
1748 1482
1864 1368
1750 1487

Point Cloud 1348:
59 917
91 895
193 855
266 1242
303 765
377 461
504 1924
521 1995
551 1905
694 954
1587 1317
1588 1384
1822 1347
1620 1451
1690 1462
1671 1353
1792 1411
1659 1430
1775 1388
1727 1493
1682 1396
1602 1416
1790 1305
1602 1420
1682 1527
1761 1518
1881 1596

Point Cloud 1349:
43 934
100 900
234 817
474 1924
1660 1380
1745 1407
1741 1405
1699 1478
1645 1418
1618 1413
1694 1449
1726 1383
1675 1367
1640 1476
1819 1511
1831 1434
1840 1426
1815 1394
1821 1372
1826 1592

Point Cloud 1350:
56 940
107 906
228 813
270 783
305 1992
507 1925
537 1940
531 1861
539 1906
607 453
621 967
1664 1388
1693 1266
1824 1357
1643 1376
1752 1439
1736 1409
1661 1460
1752 1425
1647 1398
1738 1403
1783 1327
1726 1337
1716 1374
1793 1371
1683 1529
1824 1513
1814 1575

Point Cloud 1351:
60 946
136 902
236 806
313 733
338 2008
450 1934
532 1111
537 1931
549 1836
535 1867
601 986
785 450
1809 1507
1568 1413
1788 1295
1727 1272
1860 1393
1687 1477
1821 1419
1787 1297
1652 1427
1850 1319
1738 1470
1751 1302
1808 1325
1601 1423
1654 1474
1592 1424
1881 1328
1843 1577

Point Cloud 1352:
343 1175
1464 851
22 1898
621 648
1187 763
1535 653
366 1523
205 442
262 1412
1565 962
1592 1171
1707 633
1011 1884
343 668
879 1051
509 120
479 2006
468 280
1104 364
1523 1803
1016 1439
521 584
859 1679
248 1995
1524 717
280 1397
1812 1088
873 1965
925 1264
1477 1576
1340 1920
1904 260
668 70
1585 1366
896 1301
221 1808
1020 1006
1023 1035
1406 1363
1003 1706
644 1881
131 1841
95 1177
1265 971
1288 1548
826 1542
144 1433
431 610
1181 1948
1211 1635
1507 1017
889 32
993 609
686 681
631 1116
1582 5
343 978
239 1880
109 1651
1821 1724
341 793
530 266
1366 870
918 1993
962 164
479 1256
367 957
1572 1975
1156 1764
1391 1814
573 338
1893 1815
89 1781
844 1212
871 21
272 1673
1034 354
1313 1458
817 755
1399 428
1853 994
1253 1001
1024 244
251 1493
1734 1791
1537 1850
660 8
548 1195
316 147
970 488
691 1285
1925 1663
307 1770
1616 1591
936 1542
728 1277
149 1814
1000 260
1073 1190
1533 1554
710 196
221 386
614 1787
144 416
1291 1308
123 1787
1504 262
1899 316
985 784
416 1115
1414 41
1375 1773
1397 963
1251 963
1808 31
1771 1709
1910 306
566 716
1622 519
1624 1959
1296 541
1299 291
470 850
1125 1179
1115 707
1366 200
1843 819
703 1494
1314 1326
1558 408
606 1457
1332 1383
193 744
768 21
622 1147
713 1463
197 387
842 272
1593 1450
1087 1362
1440 1269
728 1649
157 1546
176 1630
287 1260
613 730
945 770
678 1508
1249 1939
1065 112
353 1022
191 465
1692 106
904 542
1547 830
1275 1138
401 1978
1535 140
172 1778
219 1095
1389 637
114 374
437 547
1825 1428
750 1219
1626 90
863 65
1822 1103
1285 251
86 781
1546 1375
1799 782
121 1068
1862 1742
483 70
622 236
560 1419
1251 1698
570 1699
115 1688
1086 1383
427 681
1357 1130
1878 277
1235 7
1278 1025
1063 72
804 767
1357 1662
123 1555
147 1156
1346 1471
464 342
692 1684
273 1851
446 1345
293 1456
247 1931
1831 534
481 1812
256 162
498 726
1846 1971
584 386
218 1053
1165 1403
1277 1550
626 1697
260 1347
379 593
1620 1250
1536 1679
676 1564
250 1983
680 483
16 1789
1678 1346
1181 514
1434 1790
1391 1053
726 953
251 1583
1682 875
168 1992
179 1663
1860 1225
1050 270
277 1488
1002 746
1470 1096
479 1421
1294 389
134 611
651 263
741 1342
1175 1734
666 1709
1896 1256
1558 1523
1872 1460
360 1053
571 777
1348 1424
1069 1970
1193 1566
503 1118
678 1476
694 1178
1633 532
951 1173
1849 809
1750 1716
636 973
1141 508
1094 140
418 1826
649 570
1618 1261
593 1938
444 1378
819 636
588 490
615 1439
85 1572
1516 2013
1808 1797
1305 707
1230 673
666 1652
1470 1033
1910 1938
97 1203
1752 392
702 517
997 978
1421 1603
622 3
321 283
355 627
298 588
82 93
890 606
781 123
136 725
665 1635
1099 526
659 1678
972 661
70 1
1558 1029
624 1604
559 723
1875 865
110 1906
300 1288
539 842
87 299
1338 15
644 760
296 702
185 1356
1730 1336
1848 19
931 917
1833 606
682 1042
358 1140
1145 1316
506 282
1327 1517
447 168
1071 1695
690 617
746 1519
1845 738
1714 1905
731 491
1772 1334
641 147
1644 1043
1760 861
1509 1745
344 1956
576 1693
123 535
659 162
1061 425
1080 1467
566 491
292 631
1253 142
460 1629
1747 1603
1193 1666
1632 1702
403 1888
1623 251
1648 1357
429 525
797 1636
1282 391
722 1936
76 1386
1138 1011
479 648
602 1116
1664 1558
1613 689
368 1760
1551 1893
1424 752
1295 506
726 493
219 1894
1112 313
1110 332
1148 1098
362 1289
1129 343
112 1669
1248 642
1129 588
405 373
710 161
1818 1609
1037 1699
1033 1213
517 459
182 301
1688 1764
50 1696
1346 831
1372 1877
887 1667
1526 988
1846 1052
58 1816
1862 214
993 662
1774 709
213 1849
1494 125
273 29
394 993
1744 1771
1195 409
1603 1614
699 524
570 786
1446 223
397 1318
170 1656
991 1958
708 1946
516 724
69 73
1139 1999
1420 828
106 1156
151 634
154 1075
450 1020
83 242
1616 1122
592 1839
1662 765
638 241
1528 1395
583 1230
266 533
944 1498
371 833
999 1893
1517 1591
837 481
430 272
1432 702
699 529
304 309
202 738
1899 1928
1931 1927
726 155
807 1468
1332 71
677 2
525 1163
721 986
977 1129
1670 137
1109 695
1746 298
710 823
1034 954
1852 1612
1399 1677
689 336
976 1602
1184 1444
1093 1449
1089 94
1732 1897
1753 469
1359 1478
1817 1249
1893 369
1157 1248
771 2014
465 1225
1777 1682
473 1839
1322 1382
1554 1795
1050 1278
1312 1348
989 1339
1730 1877
905 1280
1873 1083
650 1391
1504 1497
751 1190
313 118
589 1292
61 849
982 575
110 544
876 1062
869 238
723 1241
1742 1548
626 1289
1407 1653
358 150
979 193
901 332
683 893
1602 1993
553 1612
1199 1488
1335 1511
992 1296
1750 707
623 1489
104 1687
1118 1828
1612 91
958 679
88 1212
1516 208
680 242
691 1116
1542 674
1315 693
1293 1085
1905 86
774 1043
179 445
1349 1619
859 1225
666 1482
755 721
1853 146
1569 683
383 1785
1808 492
850 400
1816 1039
248 1143
1616 181
1683 890
651 1249
1468 483
916 183
1564 286
984 1108
1305 1214
1695 721
1778 216
1900 1439
1297 146
524 1830
841 376
1723 1817
1088 446
1288 1438
132 1183
1120 549
1065 397
770 621
802 1533
232 256
1026 533
1559 160
1813 1384
898 635
402 488
1777 1438
1426 1746
831 97
339 108
290 849
790 602
837 1136
1419 1435
807 1212
1102 2005
766 1829
561 1637
1892 735
924 894
458 1089
426 293
1415 194
829 1653
1567 903
1633 647
306 1153
1131 578
1893 303
1339 1799
733 479
788 1757
110 1958
723 917
1424 1014
1469 1265
1688 649
623 1083
1704 174
1555 1426
937 1049
1149 362
1406 1515
626 1730
1763 459
1143 1480
1661 1722
1678 641
223 617
959 1658
766 1809
321 1416
1519 1241
1046 722
1468 598
1418 1986
143 721
142 1886
1259 1898
688 911
357 2014
1175 998
279 1833
1852 315
1029 364
774 1133
840 296
177 1234
1704 148
625 1791
1860 657
478 505
639 855
512 1598
69 1417
576 844
415 113
1134 1680
103 1875
1692 1598
781 960
405 141
254 1335
657 935
503 1093
30 531
1548 535
525 1186
467 157
1378 1347
357 1947
755 1517
164 1430
492 1790
1858 1083
1645 1853
1181 558
1019 332
1146 2016
1543 906
1462 1161
1289 1697
1924 243
934 339
1390 570
1571 234
1257 688
1361 943
1218 242
1644 1478
1513 1243
584 143
1515 2011
1792 1266
1401 1237
205 524
1299 702
1343 1550
139 639
1215 1551
1370 538
982 611
212 853
1126 598
388 84
1925 1329
1351 622
1852 725
1411 1140
1762 368
995 382
1057 1087
1812 328
1781 1412
14 1081
1790 1463
1437 615
1329 1905
1868 980
306 1652
1779 1991
790 131
303 1495
710 309
1320 1034
94 867
1811 1674
1243 987
681 323
1529 1377
751 1310
1491 596
1518 1360
1481 1488
1528 1961
1313 1381
1107 1033
1316 99
721 0
1585 1931
324 1172
810 644
1851 1504
1026 705
94 880
618 116
713 165
1365 533
1749 323
188 513
1539 853
1177 1933
644 1356
1482 145
1663 1131
291 972
804 1406
198 1093
688 204
1684 1457
362 198
1380 2017
15 19
1369 1930
1124 708
1652 1268
1588 1935
1432 1294
1265 1828
324 1950
915 1319
1837 86
1504 498
490 1915
636 1900
514 108
140 1047
1160 765
1131 1393
1678 174
1354 170
921 1301
635 663
425 482
1080 764
1442 1243
487 1729
1549 1189
31 210
525 1738
1779 1551
1386 1717
1638 639
1408 1751
1543 573
1005 1834
27 1339
692 1018
1459 521
1123 2
148 197
480 1765
217 1890
428 1741
1684 441
777 1778
831 1459
1181 1917
254 1312
340 527
672 132
1907 1509
222 1175
1340 1928
564 1808
379 1463
749 1856
696 781
548 578
1361 1823
1925 553
1774 30
1335 1781
1678 279
1875 1944
881 696
783 941
1821 1547
911 1617
854 822
956 175
355 293
660 1053
937 1807
1111 946
106 1247
1664 592
892 389
890 1356
1880 1114
1058 1982
321 8
171 1254
1721 1034
1536 1885
746 1530
16 156
591 1225
473 734
592 804
1870 421
261 367
189 548
520 774
799 1748
837 1625
1047 626
1557 1465
1581 204
1450 230
1900 1126
1026 362
1594 821
1050 172
433 422
207 1578
1491 1475
1675 1356
537 710
745 1572
1065 96
1326 1464
506 1375
446 1752
199 1242
1862 176
1583 1282
1313 1570
229 57
1342 1501
17 1694
862 351
1876 976
1260 1522
732 291
1283 1366
1467 1808
150 354
1220 1307
1028 32
117 1133
635 1190
1824 759
1789 637
564 1604
1289 1718
1933 969
27 284
1087 1490
1273 58
617 1513
351 1883
1789 748
672 857
222 165
723 388
611 1188
873 1735
1021 1057
1185 1673
1320 1758
292 1237
1505 597
246 189
66 1170
380 1983
106 770
721 1453
902 881
629 1748
1729 416
415 1825
1235 279
1148 888
1588 606
718 1335
619 451
611 1087
809 1028
311 758
1776 1138
367 1746
1741 1322
1497 1005
1103 477
171 1677
931 1101
373 456
1081 1639
455 1523
310 1006
1719 1533
1233 1138
56 376
725 956
356 1101
1361 1839
645 752
586 1466
1671 1618
1195 753
445 812
543 1309
248 189
458 731
1198 881
1670 504
1016 195
1466 1000
1104 1411
1255 1911
1241 584
1591 915
872 1914
1201 139
826 800
500 799
1304 637
286 1705
387 1003
1624 176
1359 133
1816 66
231 1009
796 1293
386 732
230 1634
111 980
448 1566
1568 1792
955 973
1211 272
1669 599
890 823
1312 440
1090 1388
629 1040
1062 534
162 85
1764 1552
1784 1084
684 1138
288 724
828 1064
1809 561
1764 1126
834 354
999 1513
16 754
1597 1040
1574 1285
1431 1452
161 756
1482 1428
384 1284
1771 1678
524 1199
1019 990
79 642
29 63
871 568
865 621
1308 847
860 818
889 228
209 226
536 1494
1921 381
1104 281
1113 172
201 675
920 770
299 427
314 136
767 1446
1654 1917
983 1369
390 28
99 879
689 770
1603 1767
1587 686
1369 1839
1095 1366
1701 83
4 1303
1685 1737
1354 1637
122 1523
1093 1299
1563 872
1098 1625
900 1986
1402 1997
778 788
1205 768
415 827
786 550
1893 428
1650 562
1879 1230
775 949
1671 1445
758 1759
1676 1780
913 623
1057 1740
1722 1306
820 1484
861 259
115 1496
1137 825
1060 1976
1587 1098
850 1045
1789 1757
1010 1576
1372 218
1932 839
213 1116
293 711
1769 1408
1321 728
1802 172
1865 478
716 1222
1574 1132
1224 1321
666 1529
207 539
1331 271
1731 1834
375 330
1772 1451
1461 1653
1612 2015
1568 226
1744 1081
506 593
1902 754
1433 950
1740 825
411 1503
1653 1736
1562 1334
839 404
1666 766
1371 1599
1613 1090
1685 383
1730 1737
954 696
1493 1574
1875 1442
953 823
1928 716
432 1717
946 1838
851 673
32 423
915 1376
1086 1022
1130 132
460 433
688 63
1689 955
319 1231
208 1194
1096 41
1327 2007
761 1781
295 1323
96 1979
1904 358
1515 1791
29 2015
1004 209
1436 1451
664 291
982 1177
353 1639
11 1823
404 973
1048 395
1783 1436
652 1261
700 1293
72 1872
629 1310
928 1251
62 503
457 1594
972 1520
990 693
615 556
634 1619
432 727
603 637
1146 508
1550 1573
325 4
1900 1432
182 1904
1434 201
166 1247
1395 1291
1803 1178
1755 1606
1163 836
418 1090
671 1724
396 18
1837 977
1049 1988
1549 1663
302 1363
813 493
257 1363
382 1630
1651 1806
68 1726
1367 62
1535 1872
1472 474
1284 1913
192 1314
1006 1521
1781 1607
1571 518
1543 860
1230 662
1065 223
1691 436
1297 1059
291 725
1331 1050
1007 80
1745 264
1195 1992
0 1001
129 694
1359 1955
1119 1271
593 372
955 1816
1748 1998
1113 715
1376 129
877 306
520 1723
1148 1922
1910 543
463 1392
1610 1414
119 1678
1074 179
776 771
1503 1191
1238 1095
1813 26
1337 1391
1862 480
214 1775
1217 1302
1178 185
502 715
1721 659
289 2008
1066 1961
1037 1057
1653 1969
1371 1812
1526 825
1402 1034
1827 867
318 108
56 746
1249 617
851 295
540 1687
1275 1541
1125 1103
1028 818
806 1367
1656 1717
1294 787
1087 1520
1036 131
1450 173
638 830
373 48
1614 1425
433 1340
697 559
1128 770
596 1849
1778 540
593 834
1275 236
776 727
1749 1422
1580 1592
430 137
1257 79
924 691
1191 1529
1915 1215
1256 406
1439 1282
290 1494
1422 1514
449 545
1537 301
109 555
1903 1926
491 1653
29 363
862 957
368 1725
1272 1199
758 1163
293 1201
598 579
195 640
310 1850
863 797
310 293
1863 1305
274 1001
1361 682
856 1494
889 797
1122 496
889 36
1723 1935
1160 703
573 359
1362 1508
54 1703
1307 1452
852 1564
273 1448
1341 1747
1863 836
700 1327
1128 667
1606 1153
1171 1508
1678 1467
472 1238
1056 186
586 1893
579 1288
1236 925
1558 1848
76 942
69 1553
1168 72
556 1239
751 1241
1482 1727
1506 1705
42 1310
1763 1496
603 1058
695 1861
1721 647
39 1928
27 1804
289 509
866 1159
946 963
848 126
403 493
2 1920
1860 1592
29 1638
501 842
1342 1288
997 482
347 984
1019 890
457 1523
1149 1581
765 1213
479 112
1058 267
81 57
264 1723
1280 697
1267 699
727 1849
860 1482
53 1232
1357 1898
1391 926
40 1154
172 321
1722 818
528 1031
903 1077
421 1427
362 653
1681 573
1082 435
1312 1190
1352 1092
1796 160
1816 1700
1011 425
1293 275
104 762
686 239
944 964
848 1398
1865 382
1916 1563
1525 1475
1261 769
582 1840
424 74
1150 774
235 673
24 1890
829 325
1350 463
1672 1319
1127 1516
325 1889
1105 1669
526 1937
807 1364
784 1026
1505 1777
613 107
1625 625
1282 885
350 249
1496 1655
162 126
356 1910
1800 1828
1286 2001
523 381
1166 723
25 1319

Point Cloud 1353:
1605 319
27 745
504 1119
1828 427
1058 467
1894 311
747 1212
1090 735
363 1921
75 263
547 996
396 1201
1121 249
1516 1447
1722 1767
1454 225
154 1809
1696 167
527 1397
1822 1397
1908 360
446 100
493 160
1586 941
1082 250
1432 684
1311 1743
1505 216
846 1367
734 426
1501 930
962 455
1865 1159
681 606
1529 1142
1849 1736
857 1126
1130 39
227 375
373 809
1696 1916
312 1857
1274 448
532 683
1791 1248
1223 1488
2 895
175 1403
1064 1266
1276 1468
1273 1648
1054 375
407 1066
774 930
1900 1877
1934 1255
945 1238
648 963
1444 571
1420 1068
1623 1661
1612 1721
1405 769
1226 1169
1431 800
94 193
360 50
631 1809
722 1116
163 798
969 963
1125 1988
1239 840
702 733
1824 131
803 1168
739 599
237 46
1227 1309
1892 924
1174 22
820 635
1555 461
532 1366
273 1286
501 1542
1080 301
185 496
1447 777
1738 1055
276 396
88 1483
463 1341
1203 1909
1262 1843
465 1590
629 1945
1581 1818
1358 316
1911 1739
1392 1703
225 201
800 634
723 909
1334 1395
812 1276
480 593
1642 865
1202 726
1286 1038
937 1252
661 1370
216 810
1775 1682
952 1179
1280 1809
693 89
668 117
788 1348
998 1500
1729 586
854 958
1254 1408
264 162
429 1450
958 996
1525 450
1246 821
213 1266
1870 321
124 893
552 776
1914 927
592 204
1867 677
1047 266
1584 469
1698 987
518 823
1450 749
363 547
1850 1440
804 1572
1149 1619
1418 1056
1194 1358
1381 1029
1795 82
1825 1207
1886 1994
142 153
1649 1125
867 1591
253 1225
1297 744
1766 1362
618 64
1834 1804
468 675
368 1769
1360 725
1588 521
41 1416
1875 206
409 1872
1041 712
1223 659
1808 1708
311 1305
39 680
141 804
42 1810
659 710
474 1893
220 763
1458 1536
1788 181
746 1076
1797 59
1806 553
1893 444
1052 1589
502 8
1553 19
1591 107
736 698
637 1911
493 865
159 437
1199 1589
1068 569
213 1823
178 1505
286 1733
1361 1680
1325 1114
1569 70
928 1136
1548 1759
758 438
1516 864
796 269
176 1519
950 353
677 1338
242 150
1435 1846
1170 998
1727 294
564 124
152 1146
19 473
222 1600
465 117
535 688
1673 1472
1184 285
944 818
923 332
1532 2017
106 1070
397 375
1007 598
1902 379
1057 1440
123 801
936 1922
1654 1317
536 358
567 1575
1640 1489
1577 1150
150 680
507 1969
823 1779
1830 1055
1842 1932
614 1177
138 1346
1028 381
1386 706
1782 915
118 828
1446 2018
726 1431
531 25
479 1342
1121 1123
348 992
777 1869
28 413
1549 2001
1846 545
645 922
1743 1266
921 858
53 1684
1591 1708
1358 238
271 1663
1089 1928
31 673
418 928
879 187
554 660
621 60
1227 990
729 307
1163 973
444 1337
1011 1189
1623 1006
1890 504
324 1611
145 259
208 245
1781 286
1521 405
211 765
631 144
652 130
1539 9
572 817
1818 161
1447 674
896 1933
268 203
315 655
116 632
1293 1858
710 1623
1862 1610
1567 563
1468 1800
158 1665
346 537
204 384
1758 920
947 459
1106 1652
870 1593
1221 72
1557 318
285 1466
981 762
1481 74
1656 321
302 902
1374 864
1818 1829
1011 1076
1315 1593
1448 1208
122 112
643 292
1584 1086
1503 478
1616 33
327 852
1925 398
1897 1624
442 1806
1541 722
183 491
1858 403
1309 776
1258 55
788 1767
905 1663
1087 442
837 232
1238 389
1263 282
1591 284
1123 538
894 894
1271 241
1000 296
1535 1790
1168 1842
48 127
564 539
1299 1704
1189 109
496 1307
43 1834
394 850
475 1578
1721 264
1757 729
1420 1891
752 994
15 1937
418 1227
725 1680
1632 1525
749 1340
552 1326
301 140
1023 104
71 937
594 1537
290 1891
1138 1816
761 1296
1691 1495
1725 598
1082 623
1898 1136
1463 1464
1525 1346
1056 1527
1227 1041
1247 1482
615 1873
771 623
16 1076
1591 1541
1453 901
275 1830
871 1379
97 1316
1199 1020
832 97
598 804
1402 635
576 1563
445 1916
702 1440
1377 799
1652 60
755 1960
1553 1962
1397 1664
910 1498
657 898
113 424
1840 1744
1156 1672
713 229
542 1357
593 197
1899 879
1483 1890
1683 1410
1793 1761
1682 200
1803 1085
902 1566
1401 1188
679 1365
115 1065
631 204
1081 235
614 1756
1058 167
1355 267
1745 525
1203 262
853 1934
1721 939
1175 1327
1918 581
539 1847
1033 1488
1732 361
487 88
440 1801
1071 2012
1912 1141
1587 1853
605 1762
979 528
503 508
438 359
815 729
1267 1261
328 1270
1342 761
253 834
894 486
1049 295
946 203
1667 297
253 89
1918 244
537 1399
123 1427
596 1008
359 1272
1436 1762
1695 197
572 603
1354 199
43 403
1715 1997
1250 1065
1594 1119
1461 1899
1776 90
61 1089
1442 71
1156 1321
1671 1123
164 1094
1678 466
190 1060
1325 863
1861 273
223 1270
176 1808
574 73
1571 1271
1441 974
538 1822
189 1335
1472 1605
98 6
146 1667
1920 1955
518 1841
595 767
1142 742
642 1795
1282 605
295 674
1707 536
1022 474
1432 1253
1865 1029
866 1781
950 1042
1583 253
9 984
1037 946
24 823
1170 39
334 1630
1655 1268
192 1636
168 309
126 1504
246 1860
1318 331
1562 1522
654 24
1433 1494
840 1342
1916 1056
954 1995
1933 831
1877 575
35 1935
1283 696
62 1978
514 860
46 167
786 804
962 1330
1115 172
164 1230
433 1003
1045 110
501 802
1516 962
207 39
385 521
910 1149
542 1887
393 1913
1489 1483
614 1189
1320 1841
259 1245
356 0
611 145
136 1299
1476 44
994 27
1823 1604
388 547
539 410
1045 767
1134 651
1330 752
1195 316
1138 504
571 569
245 1727
626 1504
1811 1653
147 849
1695 1609
1849 1458
1512 820
638 1746
1903 404
402 874
1673 1541
1305 1061
1161 1153
42 938
1690 1603
31 1161
1373 922
666 219
1355 1645
1534 1990
242 1874
1455 1498
1889 316
1358 1942
235 1918
1296 409
1310 1624
1024 1328
1459 1964
455 1613
113 186
324 1336
56 1310
1885 533
929 1954
1839 1545
1312 1056
600 1806
310 440
1605 691
166 1496
891 1294
9 1639
161 814
1859 1724
653 778
556 91
680 1530
1411 1476
1129 1015
22 198
642 131
1409 1068
72 1544
772 1464
1657 1700
1733 1410
1540 141
35 1710
641 98
316 304
1698 1309
97 1513
1130 836
1140 1041
658 184
1042 1296
550 1043
816 1519
1221 1120
425 1636
786 1364
424 1312
245 495
11 971
567 1144
1726 545
1217 1700
152 1765
522 1093
846 1788
1902 703
1179 857
972 1856
1057 588
970 413
996 1711
268 370
1852 785
764 896
1228 833
1069 203
1545 386
477 429
1367 1458
1732 1013
514 1704
431 1426
1116 1579
1644 76
1906 1794
1749 1468
1791 65
1904 499
604 35
323 322
322 407
1694 1995
663 1733
447 184
921 31
350 1889
930 1698
1898 662
617 1845
1312 927
1772 710
105 1434
1725 705
1576 1292
1805 1909
1015 738
1223 112
262 1067
764 500
1709 884
674 790
677 203
1776 1565
101 797
1408 1051
387 1247
299 498
286 909
1779 1306
1439 358
168 1075
1578 1504
1081 148
49 1290
1878 1182
772 901
61 762
1014 905
1545 1916
858 14
1400 1645
1917 860
963 262
137 1139
810 1815
96 38
381 1921
170 1261
29 1895
94 954
192 849
943 571
1010 773
657 500
295 1175
59 1006
1229 416
1870 106
299 819
1916 1383
914 809
1801 968
676 725
240 1627
296 272
1613 1431
568 202
892 234
154 674
115 39
850 1109
1240 992
678 1908
771 909
1561 7
1724 1726
1641 37
1070 1858
892 1266
517 1573
117 269
728 1665
409 1742
1887 1634
1560 1029
1683 1428
872 245
522 23
1297 1545
1908 1329
1302 392
1657 196
1543 844
523 1034
1799 1360
803 550
1435 1011
389 42
41 1503
1727 1493
118 1976
1739 1379
1870 1837
1752 921
1866 1570
1699 101
866 645
1477 670
333 1282
962 1917
397 975
367 1258
267 1524
733 1835
755 1353
193 1009
1810 1837
1581 578
183 1832
514 1932
1920 1397
837 35
1037 0
511 946
496 1691
1382 1841
998 346
1198 1346
1484 964
1260 1919
1866 1527
255 1740
1013 441
1578 1273
1011 1078
1639 1500
1508 536
817 1967
167 414
590 1180
1687 1151
1371 1392
858 1721
1257 387
1731 89
932 1805
654 111
1561 1984
1068 348
145 346
1060 1275
898 437
1249 1727
1695 872
1370 1130
1848 1193
1375 1913
1428 1169
398 642
316 18
1413 955
1383 1297
960 1957
1072 1860
1127 943
1261 1952
215 753
604 1067
1326 527
1242 141
1874 1381
24 25
476 1252
885 1954
1250 1327
1018 1858
1844 296
428 1124
782 1486
1122 1541
318 995
464 1369
863 195
1069 538
910 848
621 1041
1542 451
1299 59
99 1387
1557 1268
1011 1207
250 485
965 1296
477 741
1851 326
609 389
1381 493
488 1318
783 199
1669 1222
385 372
1477 1254
1442 46
7 1249
138 95
369 1081
437 1596
1326 101
704 1565
371 415
1385 171
1444 1217
931 1390
513 233
225 1683
568 1782
361 168
1594 19
1888 533
1384 1076
266 113
1353 1772
1005 998
19 12
501 1444
1475 1250
892 897
786 2006
1718 1321
354 184
1266 1581
1884 1211
894 1707
1232 181
1769 258
366 1633
948 1052
704 403
1294 959
1468 1500
770 285
885 1551
732 1379
1366 1189
769 1909
494 979
1064 511
246 1699
1686 1229
1927 1702
1758 1912
61 1601
1038 1547
1933 100
1736 892
1081 1406
218 778
1915 577
165 1150
1161 729
18 175
1055 640
814 1582
1319 174
1346 1154
1047 1153
1813 95
544 745
1216 868
329 372
15 1454
1673 801
426 658
230 464
1485 478
1492 275
848 356
1791 1412
323 1541
533 1187
1291 1956
1635 1300
974 1262
569 1972
1452 1488
1738 930
1065 1898
1730 272
29 1192
1669 1121
251 750
1433 1484
501 1911
741 236
1255 490
1230 166
865 1054
1092 1152
925 870
1140 1532
340 965
771 1301
1173 283
684 322
1669 1973
1199 1992
1145 1118
1620 1773
889 844
1290 415
1489 1014
836 10
1665 1266
1888 1147
1302 1264
1198 1341
1303 246
1004 1899
1768 253
451 992
1846 1057
1376 883
1844 284
1798 25
542 703
616 1741
1466 135
405 1232
23 1615
1358 702
1412 1470
125 1287
836 1646
1106 371
295 1604
1252 1868
1185 359
797 962
243 1572
309 875
1127 1489
4 1807
1489 1530
567 1633
1161 1835
1701 1146
1485 781
786 510
1434 1854
1791 478
150 739
297 1716
1702 349
790 1321
1847 1477
531 1541
724 1911
1871 848
268 755
48 871
1522 139
1582 364
330 1535
250 904
358 638
999 1292
510 465
926 1006
1583 1067
1626 634
1486 1954
1003 96
615 841
605 1884
1088 722
386 296
1411 944
1742 586
555 1967
441 1972
1285 1168
852 124
1422 686
519 1679
129 1218
1353 1907
1267 182
330 474
1330 613
1216 84
1558 1247
183 1549
579 956
1373 1479
1663 340
464 372
1161 674
1417 1255
1600 1850
1787 768
509 144
713 974
623 1711
956 1202
1189 719
458 1998
1323 198
1357 1355
478 142
528 82
695 73
1666 204
860 576
56 202
441 1385
1225 405
1167 600
1929 407
1399 265
184 525
1008 489
595 294
1469 130
915 2007
977 266
625 505
213 1825
1304 1291
472 1291
981 532
519 1221
203 0
502 537
259 1160
809 366
1049 277
781 253
1344 248
1363 279
1780 1390
485 890
107 1746
160 27
606 688
1732 33
1604 1503
1173 978
1008 1653
1841 646
1471 1936
38 341
27 939
13 454
600 352
97 913
1332 713
2 1366
825 307
742 398
678 829
1152 1290
694 207
1566 4
486 500
1238 650
912 28
1519 863
1269 231
570 591
1416 1767
544 1210
1579 1870
1545 1150
1090 1444
412 840
463 1123
1212 1137
542 1291
296 530
113 743
783 1016
1567 1924
1175 421
1036 822
559 317
1063 854
1507 262
525 1829
518 885
1653 1505
273 256
215 132
1109 977
1213 1484
617 619
616 1984
918 1512
1906 800
335 1739
1256 1994
942 796
1706 575
667 559
781 96
57 501
1797 780
386 105
792 1218
482 378
1630 1693
454 922
1356 1263
1707 1322
1808 605
813 1355
1511 1195
1473 84
1340 910
257 1493
418 1181
1328 876
795 541
1683 1458
309 884
175 691
112 1769
1919 1175
262 479
1786 137
1934 26
777 880
463 1139
471 275
1182 1452
1188 3
883 545
40 446
21 1516
907 1882
348 704
197 508
196 278
1076 795
1209 1662
1200 1880
1718 1172
35 1365
1364 1801
1342 934
767 1938
210 1112
1440 1109
9 1574
1516 1095
1679 764
999 1343
1180 909
946 155
1734 1226
1438 1380
1934 560
1663 509
1822 411
1310 418
1375 370
1047 1363
1728 266
805 1257
902 1722
292 233
680 1338
1022 640
1283 1004
1385 231
1666 1607
519 1965
1825 1748
329 1350
458 796
801 1137
1620 22
118 347
1710 1073
223 224
333 1294
608 1923
592 135
1210 1720
623 1638
1658 521
164 1534
928 1103
559 1437
1255 1326
308 1081
1146 814
1910 1193
129 333
1637 1510
1330 1777
284 124
645 982
1230 992
1400 720
243 888
716 1868
1225 1594
1423 1191
402 1935
645 1741
532 764
612 753
1928 746
979 102
1715 50
75 398
888 438
454 293
1775 1712
1764 47
1183 292
1153 482
1255 1753
1533 1187
1759 1438
1249 1265
750 1144
482 1388
1599 2008
6 970
1921 1919
407 557
173 1904
1870 1929
1839 725
1578 237
1739 6
1091 1389
1468 904
290 893
1814 1918
1141 501
1147 22
1111 479
1290 1934
695 622
1884 1688
828 1930
690 56
1404 133
1404 1972
1090 1552
1271 1187
1920 1833
81 1027
1720 1889
1281 1262
1418 1833
240 1358
1363 285
243 1401
648 950
1824 111
269 1911
1683 871
522 1459
21 1630
1291 637
26 1258
1571 1579
521 1990
126 1217
168 1885
835 205
221 1637
1599 970
553 932
672 315
1758 836
878 152
1175 777
926 1310
1284 1487
486 652
876 368
1446 1930
934 1949
435 1892
1063 852
749 876
1233 627
1343 974
33 1820

Point Cloud 1354:
40 924
123 920
209 837
317 738
516 1933
560 1817
584 1015
631 1152
1011 280
1577 1395
1632 1533
1701 1399
1726 1507
1693 1454
1616 1450
1686 1473
1621 1466
1804 1358
1823 1331
1820 1387
1865 1307
1805 1346
1894 1378
1762 1534
1840 1580
1872 736

Point Cloud 1355:
55 942
104 879
205 831
291 785
1226 368
1588 1411
1592 1510
1654 1362
1647 1396
1657 1392
1657 1426
1645 1407
1811 1365
1820 1418
1840 1413
1787 1401
1786 1524
1913 571

Point Cloud 1356:
1373 156
1838 66
91 285
1648 1395
885 773
1630 818
419 894
1562 351
1578 243
728 9
193 672
49 1556
492 1835
703 1946
1666 368
1824 873
889 225
694 1348
1163 543
226 730
684 1276
1433 1933
1271 1385
1300 46
1607 1514
496 571
823 827
1215 628
1731 721
448 1819
994 1308
1832 1462
1550 1846
685 1035
1640 956
1316 1333
1913 1391
238 1228
1833 69
1716 421
110 527
84 1318
305 1542
1860 1508
1652 349
841 73
626 877
1578 1267
1065 584
251 1271
675 167
1501 457
926 464
1815 1915
28 957
1398 433
971 740
639 733
527 1940
611 331
359 274
1772 1820
104 1480
582 1120
928 1362
1085 331
1098 679
742 1875
692 596
841 1865
215 814
311 1887
731 838
393 869
876 1617
1083 1318
432 543
363 44
1855 1785
67 166
421 256
1005 1764
360 87
505 85
690 1958
725 1312
59 56
901 350
729 603
1898 478
1527 1982
1289 613
167 1539
803 1953
760 910
1730 1134
1427 925
1626 1800
153 1067
1114 194
1887 1245
412 211
545 1071
1753 968
1204 1598
597 568
1168 52
1780 661
1139 1467
1680 586
902 744
681 1211
876 634
14 1139
8 1848
1700 1001
1051 1393
1857 955
1440 29
16 782
334 344
1292 62
183 1668
1381 1654
236 1785
1736 1565
1149 1334
792 519
70 91
822 659
1156 598
1401 1274
1748 1472
380 624
764 235
1098 701
1200 162
1872 1309
1503 935
1619 1989
11 1094
1768 951
235 1765
1433 480
1036 1295
1378 1234
595 1813
508 1386
1030 566
575 688
1119 922
1483 1838
946 1612
1000 1390
1073 28
35 427
470 120
224 883
1492 1601
1687 1222
183 1459
1240 1624
841 1582
1679 1784
1071 1784
277 1715
1214 387
357 1448
1782 1504
303 1908
1678 1813
451 1482
7 763
744 1250
1131 490
1246 1357
145 330
1305 408
1864 1083
1699 1624
840 107
457 396
1505 61
1029 666
1604 1209
945 1352
1699 1303
65 1529
597 538
978 489
467 1974
1606 1394
1282 52
558 1350
1775 26
1852 53
1469 656
548 397
1927 162
301 1446
1233 721
540 723
1046 1097
1385 1807
795 470
390 370
136 260
1540 1071
3 776
1359 1961
1922 1581
1213 451
1182 2005
733 1380
689 1233
372 1872
1199 561
1307 1312
956 813
1418 585
873 559
1165 561
1322 1212
1208 1542
1431 1662
549 1358
1650 1943
1908 455
48 1885
729 2001
1830 798
720 201
582 1316
1580 303
1130 1976
54 1290
709 330
974 193
383 877
759 224
1495 394
51 1170
1597 1524
314 1373
12 946
1310 1201
1646 1537
1366 1945
409 566
448 183
598 916
1545 513
1792 646
283 1700
885 750
518 117
368 1258
1276 534
804 1742
859 1356
296 884
1646 1200
724 1600
1235 265
266 263
813 692
1384 463
647 324
1150 237
1298 590
256 547
1432 1009
1183 22
1417 1744
1796 1270
225 1109
1124 1893
1523 677
606 1753
973 617
1371 1332
763 806
1626 491
1217 821
1359 213
646 1894
1516 1109
1029 952
473 241
1383 1464
892 574
1662 1910
733 110
712 289
560 1939
1455 1549
419 1587
501 200
1148 2010
530 1816
1138 535
1811 2004
1298 1426
1923 700
1853 812
707 956
1875 1343
1848 1163
57 1526
1012 1092
1134 1879
341 1433
55 1253
73 1558
181 887
1545 1436
1011 719
306 1225
819 1074
1808 719
294 201
584 492
841 1343
795 1306
1203 1897
332 1952
1571 831
111 1720
235 907
1610 793
878 1407
1883 1230
410 104
1600 1346
1212 470
1862 920
548 1912
1299 922
1715 717
824 946
1399 47
14 1928
1505 1978
277 613
934 1323
55 1317
344 1274
483 1016
772 1251
1104 1423
1377 798
402 1851
1183 965
1609 1184
771 276
1578 1669
488 1591
227 525
1837 75
237 1975
373 556
1516 1563
1119 504
1255 347
1817 455
974 157
897 1099
1907 85
1558 1111
1760 548
1646 1129
894 1956
1913 968
1414 1276
1859 256
407 242
426 807
649 312
1484 1881
1482 1510
1357 1137
938 1313
591 1595
455 1773
942 1905
253 2010
1303 807
77 655
532 1566
900 1325
1583 1268
1161 535
511 1211
1351 1771
1138 152
81 655
1606 1444
1679 539
774 181
1330 838
1233 1227
667 205
1508 444
440 104
552 1205
1425 519
468 1136
1098 844
766 324
1695 657
717 1473
1249 1960
1419 225
296 1588
1910 265
1766 1713
945 1653
514 965
369 754
508 1418
168 402
796 780
357 898
1934 699
1220 1550
1027 1924
1394 617
1234 1019
377 568
1920 16
985 242
1088 920
377 1258
331 1816
1134 1014
1329 1151
1642 569
86 1330
232 736
948 651
27 864
678 1619
1647 402
314 1191
816 675
1105 1708
961 112
1348 1752
1103 473
1682 712
1512 1598
61 456
796 271
928 7
1482 403
927 636
1810 1178
596 1365
1419 457
1490 1337
52 513
1485 195
602 1902
424 1389
1258 1987
550 999
682 1489
1505 1152
1815 892
1599 1723
573 1481
950 460
138 1524
516 26
1170 396
1879 361
187 571
1753 1673
1484 523
1136 58
91 1225
605 1989
849 268
436 1040
1689 633
1169 379
1508 64
203 915
493 742
205 1796
693 1528
1439 1277
874 1498
703 891
735 897
1583 736
207 138
1596 493
595 121
65 443
1912 1289
1831 615
793 99
1153 2005
703 190
1503 1050
1928 1796
493 707
1443 926
861 419
295 583
94 681
1708 1552
1690 77
368 1741
1180 263
955 497
731 45
62 556
1701 649
1759 1855
1320 658
148 775
1914 927
857 779
1010 118
1165 972
488 803
762 37
534 1294
186 1336
1460 1089
1490 1633
1640 559
165 616
1646 1779
272 1875
1746 231
1868 1524
937 63
1666 1367
1126 746
1637 1661
1664 1115
1179 1448
24 1282
71 539
1638 903
598 1222
1785 1647
132 591
1848 756
1287 1474
1872 1991
339 183
1489 1108
1350 746
472 482
219 48
211 360
102 243
711 1820
929 626
856 970
1890 1686
374 1061
1761 1441
936 240
745 38
100 1908
231 537
442 1391
1160 1428
200 1852
729 960
1814 1860
1121 525
129 1430
761 505
1305 1641
141 14
1650 684
1738 591
777 418
473 1930
784 1032
760 1596
806 917
1483 1637
758 265
1490 1663
1697 1676
643 764
617 1458
866 576
953 1291
117 133
1429 957
1408 1398
1635 1335
629 203
1901 391
393 1871
671 1310
1809 572
1081 1823
1853 1639
545 1431
870 1643
967 196
1684 1680
1815 811
597 587
1475 1647
468 1650
983 1584
1041 1966
1856 262
1691 244
1823 1354
804 1362
992 1565
1053 1985
843 1578
1340 1453
1610 1309
681 828
250 1475
152 118
362 423
1514 798
615 1014
957 1930
1556 1179
1602 1006
549 560
692 921
360 1800
698 111
776 503
1266 1765
1238 665
1818 909
1070 910
907 353
1130 396
786 1864
167 1381
1685 279
660 1434
498 157
1729 1746
106 952
342 1907
727 28
1121 1871
1851 1083
948 1850
1810 577
801 1700
1882 1659
513 382
1153 773
104 643
53 1537
1914 1900
1450 738
1542 1818
905 707
55 1724
1671 191
539 1264
1133 1811
138 759
103 296
312 285
1412 1028
259 1233
1554 845
1912 1297
658 927
610 783
284 2018
1753 245
1501 1428
402 1634
1547 1385
412 274
1151 73
949 1940
310 433
474 1380
1201 4
336 1855
1461 133
759 1326
1380 1980
1345 1210
1505 1386
1784 966
296 1362
1540 376
1154 1674
715 141
509 512
1484 939
613 826
201 354
1332 33
415 1111
1151 353
1125 368
1524 1487
1647 792
1406 1835
979 1634
379 596
929 435
386 305
682 132
1442 1819
781 1389
1523 206
1310 1131
829 225
1676 580
72 883
1822 1537
147 960
836 474
1579 1964
967 1041
1911 1541
1813 1209
1691 1714
227 1855
819 476
1640 1853
270 1330
365 28
1319 557
1151 851
972 1671
1025 1729
186 1028
575 625
687 88
631 792
1492 1483
640 925
1294 1623
214 358
768 1291
1241 2006
1552 1303
1596 1926
1352 608
857 127
693 1188
1649 282
1899 1830
883 859
1176 147
456 1550
1099 1867
1164 948
295 1511
1242 1532
1069 1524
866 1761
89 96
1924 406
1663 1746
158 1112
24 1250
1081 51
1552 1624
755 1230
1499 1567
643 1332
287 834
193 1101
688 242
424 143
1771 6
465 362
1154 1374
532 289
1331 1118
840 1590
287 859
1602 76
1188 1875
214 677
1196 587
610 753
1424 56
1851 463
38 927
595 210
182 1940
1247 1508
177 1944
56 625
1369 632
1231 1830
1713 363
631 372
1449 1658
502 699
1424 22
1592 1646
1758 1170
1828 1830
277 1097
425 1927
1320 645
1548 272
1733 1085
1502 269
1228 1942
634 1765
38 1104
784 1690
1797 552
782 312
1313 1836
1292 388
1805 1860
623 1166
856 559
346 404
59 1235
776 57
637 1125
262 74
1491 451
1825 1502
1622 1328
1467 351
1615 1968
797 744
336 2018
517 611
448 1379
701 1036
1101 1166
1777 1302
782 1662
1501 1550
1269 725
61 1425
156 797
335 804
574 352
813 1617
251 604
1216 272
476 1151
1314 318
472 1630
46 2008
864 1638
1134 1020
108 521
248 445
1856 533
909 669
616 1881
1595 614
1700 1058
116 1810
1198 1890
628 865
1625 1197
1504 843
1803 595
1669 1265
674 668
1042 787
1733 1406
1093 1572
677 526
451 1927
264 472
1622 1922
1716 1843
741 676
1525 1810
465 1301
269 1044
1271 866
229 1831
1788 6
1583 762
1633 1798
622 1415
1076 1278
1172 794
701 343
1879 1256
1557 827
321 389
1301 1233
1632 1320
747 886
627 1186
1833 185
381 1828
1106 715
995 1615
1044 188
558 1163
37 1506
686 58
1350 1921
793 96
1932 1882
77 788
1874 1504
1614 1907
549 1955
1713 1574
1483 79
69 1028
1134 945
1666 156
574 362
1818 1392
485 1879
106 376
1168 946
1885 978
927 1244
1219 1745
41 1613
497 1214
994 1969
1510 1207
7 274
65 1177
90 1853
1036 1356
975 401
735 1017
667 913
166 1187
209 1535
1357 202
1901 1934
91 1014
1336 739
990 225
709 1816
1801 1052
1763 222
384 1844
1103 1810
1459 780
1303 353
1925 1184
773 1540
60 981
1492 621
3 1309
933 1284
1918 1933
1174 641
223 994
1061 243
1892 939
1249 1404
406 170
1427 884
1258 1347
1844 620
750 371
1659 469
1484 835
1185 277
495 572
967 96
866 1184
550 1288
887 825
753 351
699 861
572 119
240 1606
413 1586
1863 825
1683 1048
583 992
1378 285
1110 1315
101 1039
1184 377
700 167
258 464
1343 1724
11 1507
1052 1253
14 1591
518 303
1802 1954
1392 652
1074 1056
880 1413
757 1904
20 238
410 227
579 1037
1816 709
703 1235
1709 474
1020 1267
1605 1190
1496 444
713 378
641 371
757 211
1591 1751
775 475
35 258
1156 1269
1729 1542
504 1375
1253 443
581 827
692 636
193 827
491 1974
1409 1075
37 679
1407 451
811 1645
1575 274
1073 1044
335 1634
1571 1003
488 1205
1394 1062
1809 1088
1469 903
686 1035
1529 702
1409 934
1562 94
858 628
1099 217
1198 1281
1323 1125
1483 1514
1055 830
1500 581
174 1874
1474 259
1886 335
916 126
1342 1475
850 288
749 1161
116 408
1690 10
580 1538
1802 939
598 328
266 1223
28 1670
1166 251
1129 1752
1772 1110
1008 791
248 829
942 1437
774 1310
879 1853
852 838
114 1137
990 1428
677 1269
659 1494
383 424
1164 1949
1266 762
1679 1205
1829 1194
512 1806
571 84
589 915
90 1810
852 18
1116 124
1195 1055
1118 680
1004 1050
1718 1347
877 65
373 333
971 519
709 1734
1206 958
925 212
930 904
1164 261
1776 471
184 356
1006 1190
1730 828
1695 1037
135 1382
1471 1629
1407 143
1925 1843
1541 1358
223 1019
1072 811
63 811
408 600
1229 1638
1829 27
273 1608
1681 209
210 352
1318 1063
1837 1190
1280 1957
1335 1177
887 1731
1289 1840
1785 1023
1464 1215
750 390
632 444
1263 356
1353 962
370 676
187 1531
550 809
1097 1214
7 492
1572 1841
1045 1446
1489 1715
1479 218
251 2003
595 1771
1390 1567
225 566
1538 1673
364 1973
785 1110
301 117
955 79
1200 695
338 678
234 946
751 1335
111 649
1024 202
313 1791
360 1442
1605 651
1206 509
1129 149
446 434
1282 852
448 893
495 742
1570 1943
990 171
1295 999
1054 1086
1922 546
526 639
1894 2010
160 354
1393 1127
269 867
1473 1521
1589 101
271 1787
631 723
1932 1849
660 284
1150 948
1323 1923
34 1523
1810 1227
926 1374
1586 534
1222 40
254 470
340 243
1351 846
1171 324
1741 746
260 1850
1583 351
927 1213
313 1387
1873 1133
1733 760
1335 100
1771 638
1303 1835
1038 1320
1757 532
922 969
770 1921
227 502
1554 443
1414 291
1762 1116
902 1628
748 1276
1165 1791
1269 650
180 1678
873 1910
1635 1728
1815 1350
1375 1664
770 1564
1122 1097
1805 986
358 778
942 1637
113 1560
653 1517
1706 51
1109 1292
1378 859
665 86
213 1991
1502 963
419 1982
1727 448
1092 1842
1453 1659
1705 518
1687 1064
1398 246
1587 232
1921 1206
81 984
1788 730
1368 1734
390 318
1667 1496
1097 1031
1509 1100
588 1356
1256 955
1452 1892
1556 625
1021 1512
537 1744
510 1749
740 1484
1005 1617
822 656
1132 534
597 1809
1701 1637
703 1473
1925 287
1690 1408
354 4
160 602
1765 1570
1753 799
962 1906
231 1326
1641 754
615 1120
1930 1850
828 835
701 1076
1529 596
1588 345
301 1241
110 137
1587 73
1274 1404
1186 1630
839 560
794 1358
1705 1613
932 234
1424 584
834 1361
1157 884
1177 1641
304 42
460 849
1455 1445
788 579
409 1234
1004 1719
157 1925
741 1178
925 1704
263 1349
1283 640
144 1962
705 839
28 409
959 1947
123 42
434 860
1370 1379
497 812
1668 32
466 1685
1193 857
1527 599
551 522
637 1717
1403 1346
1571 1661
961 256
264 26
1170 307
1638 1387
890 1094
184 907
1498 1126
1564 683
789 522
1838 577
69 1794
1642 1866
1740 223
1797 1687
371 577
1731 1721
713 1613
4 1145
964 1956
242 1798
204 1720
1693 185
1 723
1537 119
1282 279
651 1796

Point Cloud 1357:
41 939
99 896
227 825
312 743
518 1936
533 1861
584 1933
797 1294
1370 516
1875 1314
1821 1481
1711 1396
1852 1351
1743 1492
1744 1457
1814 1418
1651 1421
1649 1412
1614 1443
1642 1355
1807 1453
1739 1393
1672 1429
1620 1480
1771 1348
1890 226

Point Cloud 1358:
1305 159
304 1097
114 566
1179 1716
920 167
847 1699
1378 1975
1225 1946
154 290
199 1904
1024 1444
422 1598
1468 1661
1440 886
214 916
1468 151
1775 1313
477 690
401 782
698 1575
1280 1475
576 1454
847 1113
999 592
1504 234
850 1543
1911 1199
980 972
791 1859
1846 795
35 880
891 1799
1721 479
3 1866
1674 1920
892 463
322 1417
1351 589
1835 1620
1401 235
995 89
1662 923
1727 986
1572 1033
12 1728
505 904
690 1173
927 1310
1791 331
28 1453
1817 1592
248 94
1231 261
660 152
1162 700
1264 1606
1542 1600
535 1133
371 12
8 1922
1084 1006
1757 34
1352 136
408 477
1496 1019
1803 1909
1477 934
1934 1903
1226 610
203 1449
71 1123
1400 1169
1467 1612
1776 648
725 614
631 1788
1190 1959
1018 1762
834 517
1520 927
507 615
708 95
705 88
1437 1902
1634 1577
508 169
362 1936
1412 103
1215 1524
1161 571
684 459
272 201
545 1959
1627 1044
500 1156
1621 1829
1316 229
728 1380
1114 987
1415 1383
1244 1258
88 1527
724 791
1885 643
584 400
511 1000
594 1024
526 30
1891 1502
30 1192
79 602
844 264
206 630
654 1468
895 560
1410 1692
216 899
93 1961
1502 57
1648 2001
737 1040
640 344
1496 566
440 116
1402 159
427 1829
1838 2009
1854 2
1017 1295
1724 214
1387 1163
751 446
661 250
272 810
1256 1284
1006 731
705 1657
1586 1831
80 1444
211 1223
556 1855
1617 805
1008 1334
1339 11
188 1003
272 1489
437 932
1268 1309
1840 612
937 826
1666 269
326 1978
779 1029
2 1024
1853 918
1592 1432
1671 669
471 615
1653 134
916 314
1049 1097
1422 1709
111 19
393 1910
1871 836
1391 5
884 623
807 1957
1187 1152
454 367
1142 427
1645 624
176 1411
457 1404
1810 1373
1135 483
1372 636
721 138
348 97
1175 2007
1653 189
1081 331
1428 1170
1101 1181
691 1788
1578 14
307 967
541 1677
1581 833
1423 521
56 568
1227 448
27 930
835 512
414 1197
1398 986
499 551
238 416
240 1412
1502 1893
642 1340
1565 353
893 799
478 1866
369 138
1764 463
140 1111
852 1835
1209 31
1917 355
815 1323
1243 814
1212 602
494 816
1766 1411
1601 1681
1052 902
878 1214
1150 565
1011 529
947 1341
1734 1993
223 467
758 148
697 296
372 474
1265 1915
913 1662
1043 127
1002 1201
660 330
194 1646
1113 639
1063 534
1498 206
1715 1549
925 1830
836 1565
689 139
106 1056
1853 348
413 1673
470 1836
1061 1997
921 844
674 1623
1394 1284
700 1114
965 848
644 440
31 1262
1150 1396
148 1289
1546 1001
176 1915
1097 1004
854 542
1734 702
1210 1965
1174 1576
519 1562
460 1687
296 1642
639 429
1837 69
606 1266
513 1359
12 1580
849 1195
1575 856
705 1636
1850 1110
27 938
1767 1053
1100 567
599 393
1904 1417
1513 1743
688 1034
519 1617
921 751
1695 58
763 457
508 1948
482 1612
1860 295
1244 1908
210 536
290 379
1495 363
530 690
1818 1035
1385 226
1913 1090
1707 1223
1646 1494
0 619
740 837
563 384
1279 1241
687 171
1841 1344
787 274
101 1867
827 229
1034 1137
1731 1930
1112 752
1519 1866
1841 763
619 245
1361 522
500 1930
867 1914
117 58
78 334
772 804
1228 1159
1422 916
1841 478
1237 1171
1112 1613
28 1902
742 263
1765 1889
214 1728
143 1894
1719 1285
1916 1080
1552 1118
949 684
1489 1729
1388 1574
1713 69
1528 532
1380 196
1594 1171
1647 1012
980 245
986 1918
1099 907
144 263
1516 637
1102 1367
1059 1032
1768 387
818 147
425 685
761 107
790 1893
1875 388
192 176
5 1400
908 1257
73 1277
222 1919
1447 1921
334 944
1616 1100
1041 278
1010 1459
1847 2
1582 1294
605 1856
1454 1891
736 1403
349 1085
526 1336
1036 1987
397 1834
1413 381
60 1172
864 1566
222 1823
1047 227
1543 747
1135 1008
399 169
562 1347
1746 364
268 921
634 412
517 1673
834 1931
1731 1314
470 759
1477 584
352 1705
161 49
646 1729
99 158
466 1082
1719 1911
590 1081
244 1976
823 255
1322 1404
1809 1105
529 1407
1549 362
1572 1060
1377 1216
788 153
1930 1108
450 286
1830 1742
634 1886
723 643
1089 1594
1494 191
1671 88
308 1119
1448 1702
375 56
1481 103
64 682
194 1614
543 489
1300 873
1885 134
329 1555
163 980
1719 1011
704 1405
222 1316
975 1533
513 832
421 369
965 1233
458 84
527 1511
1074 591
1422 1639
1106 259
1409 732
268 706
607 865
34 1788
1186 372
1129 1140
1035 843
1562 171
1282 116
635 308
1054 1556
1060 1349
480 198
1253 442
168 171
1588 1345
92 1642
1743 1349
880 618
284 968
1163 1468
1409 1512
84 1096
1139 1696
484 1248
1749 1984
601 136
208 1083
1692 1676
1532 1095
1885 1990
80 1098
1559 499
259 1964
1917 352
497 1008
860 1414
1410 329
1369 1165
1070 179
1756 939
247 1503
1326 1757
1773 413
1889 612
412 229
1547 193
585 120
1226 817
142 674
1893 1276
1073 581
139 1891
682 1577
936 1038
1301 1834
1617 411
164 1835
1126 102
742 1009
1814 1699
1842 1567
99 1387
135 316
520 384
1594 353
1044 1744
513 1165
640 483
1085 426
48 1297
399 298
419 696
360 1083
111 31
703 798
148 1217
20 1887
803 373
514 1761
1723 7
1549 1758
744 2003
84 1237
36 1172
823 986
856 1150
1120 1360
1153 38
157 1388
718 330
682 1389
1061 714
176 1636
1870 228
1323 1845
57 555
1630 1364
1302 354
1527 678
2 500
980 521
456 1468
1554 180
304 1918
1489 261
588 1025
1524 1761
1523 791
1205 1422
1281 1706
191 927
391 885
393 787
38 1734
1800 504
1059 639
1064 1409
1126 918
1653 784
461 1550
986 716
1633 1596
1476 1111
610 760
1634 741
530 92
1732 1333
956 1391
783 1857
1746 993
1835 1329
124 1523
236 1212
1930 117
310 1751
602 652
134 1068
1665 1461
1475 1213
1273 233
1850 976
364 376
187 106
720 1220
1573 458
516 1442
822 413
323 1161
767 1118
570 956
1576 2016
190 384
222 1881
1331 1227
399 695
170 1958
897 1513
1093 417
161 2008
1169 217
1326 1690
1887 643
1780 695
559 794
1205 318
1558 359
1159 697
941 70
296 789
1238 1691
1031 1840
1328 947
823 1263
1701 1259
1843 1028
1100 1845
45 1123
304 1411
1795 175
1354 279
140 636
1554 80
784 221
1357 786
751 1403
1027 38
509 1921
1125 102
1824 1911
968 1182
1675 774
471 307
1804 994
1627 486
1747 77
1902 1829
1697 326
380 1813
1296 599
1021 1749
1678 165
586 387
1753 177
1186 983
900 1144
885 1229
733 1039
1080 136
543 894
644 682
70 615
298 262
1576 365
164 522
669 153
1013 188
323 531
784 1109
873 934
60 1544
388 697
1685 226
1284 1539
1265 1679
1130 681
512 195
647 279
1071 1259
1181 333
1435 553
242 793
1206 368
1772 1589
541 1931
107 1858
1568 626
1295 1450
1836 326
1481 256
747 944
290 1758
1130 140
766 1926
1229 1271
89 358
1910 1658
89 519
156 1957
11 524
1009 1436
1805 238
753 1052
528 282
185 70
1024 1573
432 932
1911 272
1484 1400
271 62
1270 670
602 1606
33 848
218 551
557 149
1800 172
832 1216
1623 1135
334 1750
1038 1613
1253 1972
412 450
906 319
493 787
1553 705
1471 868
1163 801
1605 1094
399 1828
1644 649
254 171
337 1396
1552 493
1516 530
449 1291
1463 1595
818 491
1598 1507
822 110
1705 628
657 1045
710 898
748 1028
1731 1333
819 939
1560 1738
1525 1995
431 1371
1029 41
1017 1476
840 385
210 1861
1624 444
1451 1160
497 431
902 1754
504 620
1860 975
24 1405
1705 403
1180 1364
787 959
1092 1248
1585 1648
1024 841
1396 1560
1098 736
811 1834
541 732
1369 1431
1778 143
1689 640
1631 1842
330 306
398 373
930 1937
380 1654
977 641
1762 191
401 1351
797 1494
1763 1161
1035 1991
1892 402
998 1620
1715 1818
84 78
1563 1076
1453 974
1467 923
283 1134
1515 656
72 1733
1300 1382
475 432
672 1618
1247 497
1140 1157
1893 1095
542 1407
31 1072
1379 21
989 803
1905 383
1390 173
844 1754
1669 526
203 1177
48 692
1069 1025
1012 1752
1113 1977
136 14
904 56
646 1957
1676 1915
1467 739
73 26
684 448
869 1427
1250 535
1507 629
1661 1381
1280 62
1460 658
305 1805
1340 101
1629 810
666 1887
262 794
1589 1533
1238 1179
1046 1387
1748 645
579 1556
263 538
1198 2013
715 1637
265 533
2 520
1358 731
1199 1203
1656 1695
74 1787
811 928
200 829
1214 5
806 1330
1910 1837
424 478
1806 543
668 197
825 1010
407 996
1282 740
694 451
150 983
846 709
1766 766
1004 1226
75 1528
450 927
250 1578
1668 1280
1143 1463
630 731
901 1748
18 884
1363 263
1770 1152
655 222
629 622
505 1010
1782 443
1255 779
793 514
10 1804
315 1884
409 238
1076 1460
842 1543
1480 489
604 1944
1501 1570
1586 1242
1406 1976
503 1910
185 865
1708 123
1085 641
271 1921
1454 256
72 1169
606 610
1834 791
1486 1962
915 864
755 971
1486 1158
1228 588
588 187
1351 1529
456 1077
1926 1872
1097 952
1779 1359
1030 989
436 1455
1747 918
564 1939
909 71
811 482
224 122
1666 1638
31 270
1769 1928
468 741
957 412
196 374
201 1246
263 696
422 511
650 1621
182 1001
226 1074
18 222
427 739
1856 228
342 1079
1109 1386
1682 1457
1153 866
339 1729
627 193
475 1193
75 183
742 1427
973 550
154 726
950 322
374 1714
1494 1028
561 1880
1606 208
1812 1848
424 50
186 1392
303 1817
1750 1079
30 253
1806 1336
1346 204
1456 1672
868 628
594 1188
181 523
1202 510
11 1135
1731 1460
1168 604
1405 1006
1286 1954
1541 1771
1148 66
1844 1641
1413 1527
329 980
223 1493
1893 432
454 1363
940 1118
1166 1827
1238 230
1822 1644
1062 119
1094 846
1903 164
319 167
1841 1897
1371 1465
1575 644
541 1134
214 1049
560 1418
1813 160
950 1822
1809 1557
80 1663
1338 1343
1776 1653
232 676
838 1223
830 783
92 438
1797 1010
1360 216
519 1862
814 1088
205 1930
1130 1774
1404 1242
946 96
812 1210
1268 25
1767 1240
1017 1139
1645 1659
311 839
1275 493
890 1839
701 534
1229 1886
1234 833
897 1943
920 527
282 798
1372 458
1502 169
1478 1250
622 1640
1220 1056
169 195
1659 1081
1513 743
1506 380
1291 1359
1532 655
292 1241
690 1319
1172 1086
423 1350
150 1746
496 1948
291 1466
1595 1331
1603 723
1307 1223
919 866
358 670
1504 1048
1588 1370
1482 565
1472 420
1119 1215
1349 14
1089 1354
1446 947
769 67
689 1897
1934 1611
1414 845
1180 173
1137 816
535 117
481 1751
833 1894
812 833
598 1991
477 841
1325 1506
82 1159
1349 330
1295 1624
1662 442
1162 1017
885 106
1622 2000
100 1212
1782 2
177 870
1832 596
421 409
633 1452
533 846
875 1000
642 980
1566 802
350 347
1482 1002
827 1133
1551 985
699 1416
70 968
212 32
1851 28
958 1565
928 290
982 1961
1112 1666
1048 1786
1331 1295
1679 761
277 692
876 1368
802 1314
333 371
838 662
726 1095
404 934
1487 1117
1274 1907
540 1051
1933 784
627 1334
1273 1061
1220 1004
1575 1301
1164 246
1182 1768
1377 1950
1331 1764
1094 1314
1086 129
1490 1851
237 1202
1467 177
677 1588
1410 1527
1869 645
267 808
1806 1847
1760 1082
310 1225
250 1000
1278 461
1692 1818
1240 869
1165 509
1702 1699
1364 1274
716 378
624 68
1606 1690
1033 900
703 665
629 595
1805 1344
1748 251
1748 980
1558 505
1415 792
1631 239
198 1288
1705 397
562 1528
1848 1799
881 810
946 354
1602 879
1776 868
130 1915
1922 1690
7 363
595 1324
433 1273
1578 628
455 579
767 1054
732 1987
1292 393
1883 1488
1304 225
645 1570
1369 456
641 793
1730 598
696 1569
1755 853
561 1290
1900 612
1040 921
746 784
221 156
1652 1117
489 1223
71 1176
292 1696
721 44
1177 897
1800 885
626 526
526 1986
437 288
1589 1095
46 1997
141 781
805 1000
55 1140
647 239
1375 862
1100 472
932 1947
1729 1858
237 1412
92 1835
1786 1073
931 1253
541 188
1548 835
590 287
218 806
1496 1218
1274 1082
194 1199
459 565
1266 1103
1490 992
842 1346
289 144
1898 1241
1165 1410
498 1716
1033 1921
1125 1428
1685 176
323 1838
913 1320
477 1308
522 1744
104 99
1708 18
1631 1434
1158 1334
1016 1604
865 721
429 1264
1765 1663
811 1576
357 305
29 1785
1215 613
517 170
1874 58
1712 452
208 548
106 869
1813 1513
136 711
1125 787
1798 1619
1366 1793
1500 607
1236 275
806 678
154 3
1571 404
210 638
597 1332
1448 774
520 1267
996 587
322 245
1699 758
783 1468
850 867
36 1724
332 1883
1216 908
267 704
104 727
1694 82
1307 269
442 754
289 1016
499 890
762 183
1634 885
327 1064
323 1105
1400 256
250 1493
870 545
241 1651
1629 598
342 284
50 1407
494 986
12 1255
370 1930
1239 1196
827 1452
1751 1154
720 1787
684 1098
1035 1699
659 1840
641 1377
1446 343
1769 1721
709 1171
250 1609
594 565
403 132
232 672
922 702
1003 1542
1644 1295
1338 269
1493 1669
1107 255
543 288
665 1912
315 1561
402 635
46 232
1233 959
852 1443
1708 431
796 415
1064 1077
659 1494
344 1030
1647 1922
1118 1503
1202 1044
1020 1218
514 1073
777 1814
1907 639
167 1327
1147 451
369 1465
251 912
1320 658
80 1703
1617 1296
719 1071
917 1344
1861 1902
1405 1554
252 941
313 1316
1662 1397
1007 1708
1754 1384
1147 255
1141 1825
652 453
985 1147
1029 623
1915 406
1645 431
1345 1798
781 709
1879 1729
168 1437
1390 1445
282 665
1579 1967
524 462
1685 1142
17 1921
1911 926
1012 140
1895 1580
980 1352
1562 1095
1891 370
536 1602
697 1662
49 1781
212 1112
38 1040

Point Cloud 1359:
42 899
124 932
250 815
279 786
513 1124
555 1909
559 1935
555 1828
792 1252
1262 647
1594 201
1844 1536
1717 1411
1614 1379
1756 1436
1766 1455
1873 1403
1795 1316
1728 1454
1687 1467
1688 1479
1736 1498
1858 1543
1649 1479
1691 1482
1725 1378
1768 1333
1629 1545

Point Cloud 1360:
59 927
93 895
252 810
283 769
477 1123
495 1949
514 2003
597 1922
623 1940
608 1998
705 1355
1222 726
1395 159
1892 1382
1605 1390
1824 1457
1854 1560
1645 1391
1857 1466
1889 1392
1594 1387
1753 1332
1781 1318
1849 1434
1806 1427
1646 1444
1731 1374
1736 1464
1789 1358
1640 1526

Point Cloud 1361:
52 932
112 895
204 841
285 780
369 1145
523 1942
607 1940
526 1876
623 1379
1138 152
1166 728
1809 1526
1765 1434
1796 1453
1838 1529
1656 1441
1841 1409
1672 1396
1669 1400
1636 1382
1824 1521
1897 1390
1735 1340
1819 1367
1766 1527
1623 1512

Point Cloud 1362:
49 914
104 904
244 822
324 1157
322 719
454 1394
501 1931
550 1821
533 1856
679 1979
945 305
1177 789
1348 32
1623 1408
1677 1379
1798 1361
1579 1518
1832 1379
1587 1339
1770 1446
1808 1346
1612 1391
1653 1446
1846 1507
1848 1382
1615 1426
1619 1460
1788 1331
1838 1457

Point Cloud 1363:
58 918
87 879
220 1170
222 844
322 715
362 1383
475 2007
482 1908
561 1815
592 1928
925 536
1163 755
1552 1541
1700 1364
1832 1427
1759 1397
1666 1371
1868 1334
1755 1478
1736 1423
1722 1453
1648 1435
1839 1453
1726 1439
1699 1375
1851 1493
1778 1526

Point Cloud 1364:
1855 40
1237 497
1854 1163
788 52
1801 1067
1480 108
109 1892
1141 1158
670 1933
370 984
1046 1677
790 715
1701 48
1036 249
1604 81
552 305
1726 1022
1495 1954
1861 1197
611 498
1118 1524
1549 878
1331 539
1223 751
1346 231
672 140
1795 56
574 1465
503 1444
260 524
237 594
906 884
416 423
1663 1756
1293 267
700 748
1279 774
1276 99
480 917
1715 97
1103 376
1703 1525
654 604
1276 897
594 353
1597 567
563 147
1255 1069
1332 539
386 1707
165 356
1488 1184
1540 1439
1332 1643
390 1143
1896 1322
1727 767
1204 616
1657 942
703 1061
355 260
590 823
1441 924
739 1803
1117 658
275 933
1624 1280
1112 863
222 871
633 933
459 493
227 1432
1800 763
149 1019
672 1804
1677 1118
572 1857
280 1065
191 48
583 1665
920 1335
781 1145
949 1676
39 112
1705 773
9 1830
884 1136
1381 1900
431 823
501 452
102 1024
221 572
1043 1134
1845 1074
1295 1161
1838 925
1403 1337
1597 1274
970 1274
702 156
1870 949
1837 136
176 811
264 1752
1412 1002
485 1508
408 1801
1837 601
1283 291
1209 1696
1302 536
1576 812
603 1383
222 395
208 1214
877 949
1767 176
139 355
1375 1199
518 1376
274 1518
715 1677
910 1264
242 1832
21 1067
15 278
1885 223
1091 139
578 1760
995 1269
642 1837
302 1041
1038 815
633 1988
1145 1529
1659 1359
1720 1342
1386 418
426 1395
367 596
1576 589
1430 184
113 1314
1035 1675
1705 1915
1323 997
740 1167
1693 536
171 1409
1564 239
826 433
1885 214
126 1310
169 1231
813 33
585 1842
780 614
903 650
167 593
1754 1082
1540 1780
917 1927
1193 598
980 792
194 755
1382 606
1660 1181
1648 1518
1797 297
875 621
644 1150
1091 813
1593 114
1790 1730
1761 865
391 386
192 844
227 1061
1870 556
1053 1134
477 1479
1571 1447
550 938
50 678
1289 63
1462 1562
877 110
467 920
1691 1634
1665 481
12 248
1119 1533
1461 527
445 1227
1534 847
1101 1826
1232 884
211 1968
1809 416
1593 1315
900 1463
1885 264
1606 498
306 1869
1597 938
680 1180
1874 1139
456 946
755 528
149 1672
1111 820
906 375
275 998
1790 1528
867 985
446 1096
1305 1518
265 1672
1171 1727
366 1894
204 1063
233 912
657 217
1178 397
537 1740
495 1235
815 369
750 1329
91 1146
49 1604
350 694
793 1219
202 1348
1167 63
1775 387
1503 1729
807 229
796 577
231 1191
1113 1598
872 1895
328 74
726 508
408 636
201 1355
822 1310
1872 2001
1137 1973
373 1144
406 947
513 388
353 1878
140 154
242 403
1315 1658
333 604
1507 320
21 759
232 686
161 1107
1900 525
1319 129
1404 1567
1082 337
1494 46
500 1283
1894 1591
953 1714
1717 97
1615 875
287 898
1362 1984
1196 887
726 667
196 393
191 870
773 1499
824 1039
1824 878
934 876
1913 1234
1198 558
555 1833
1029 1091
985 1986
1826 1031
337 1960
1481 608
1511 1274
1021 644
1757 983
463 758
242 1772
1580 239
1644 701
517 921
941 1025
1729 1395
538 1184
968 1572
536 303
1669 468
1771 829
337 1865
473 619
1554 1405
613 1901
900 1861
1306 284
428 1008
808 1409
1618 1715
1475 352
1153 1813
203 378
702 1026
745 3
1298 1777
1833 1874
1869 367
472 1519
883 475
770 1757
1068 1805
1801 539
39 90
1790 1949
845 1412
1884 803
208 1407
374 115
615 1892
1370 1962
176 570
1192 1713
1280 71
1073 766
492 725
200 421
1016 1178
1813 167
1799 1347
1926 1491
1200 840
1796 685
1441 305
1383 282
1411 674
1293 757
1871 143
749 921
1395 1165
1097 480
337 378
889 1835
596 1090
1039 218
177 31
608 1939
193 1577
1482 310
1358 739
1785 1029
701 1222
448 960
649 571
1262 1003
307 156
514 1481
825 1921
1315 1142
1378 1887
849 1488
1388 1808
186 642
1755 374
606 1346
1720 1028
1034 423
371 703
262 556
1239 711
236 1634
1474 1707
1752 418
497 37
11 1750
1875 30
1278 1747
105 1643
69 1551
1635 1679
1323 477
585 1617
78 180
1355 1919
324 1982
127 658
1094 22
1015 1391
1769 275
105 1725
1773 1450
358 2012
507 1599
1421 1402
1008 789
951 1658
1570 1776
1143 1846
225 1602
1430 75
821 1713
277 678
1669 1465
321 1751
1062 1890
1349 1315
1289 300
947 1562
1831 384
65 156
873 876
783 882
84 397
1046 1248
1701 532
1677 1899
944 1800
101 401
1166 524
1069 1902
986 1219
1251 937
249 1482
752 193
1502 158
1791 747
570 1734
310 95
197 1133
6 191
1263 1932
511 278
721 173
6 255
1425 1652
1122 915
237 1225
826 1330
90 1849
458 607
1307 245
1039 218
402 954
1807 638
1895 1136
532 400
732 533
1470 1205
991 155
1530 1729
529 1297
1383 1305
362 515
1490 598
288 1221
526 1947
1641 968
413 669
613 727
1822 585
1568 676
1916 1292
1382 199
247 1745
1648 48
1141 1348
472 1144
1594 1336
504 1335
680 1744
1347 506
1839 604
1603 481
786 1270
1093 1594
1019 880
516 57
1245 898
945 721
1715 298
199 402
639 1697
1024 1503
1689 577
1358 1259
1129 977
1332 1579
306 136
1378 1275
1186 994
670 1227
742 1715
1073 807
173 1928
1160 1376
1184 230
73 1678
426 362
1019 1696
393 1663
1395 1346
703 1872
1523 1688
1875 1005
56 709
1453 1028
741 909
1504 1889
1395 1254
1229 1747
864 1195
371 1608
478 292
771 642
541 838
1360 1429
640 904
1440 724
1633 400
1546 1693
450 171
553 672
355 87
1485 493
902 121
58 1504
834 1348
1458 1567
736 48
1576 372
134 868
266 1961
795 45
247 1024
1044 925
444 1261
1712 624
1187 682
284 1599
495 221
777 1024
268 1216
1398 953
359 1745
1074 874
785 740
1749 370
1048 1451
463 249
1468 978
1134 1576
1053 1465
1020 1965
1376 1055
1657 1869
146 0
173 1568
135 577
413 1374
1080 906
1257 1835
1746 274
11 1764
1145 912
1593 583
845 935
1829 643
370 958
1076 1948
1409 1748
1656 493
1242 2002
1520 1250
1361 1959
522 407
1041 1405
1771 88
1508 1213
294 228
1118 1448
1192 462
1210 878
1811 1032
25 654
488 1394
139 1032
633 1251
1623 535
1232 955
59 370
881 1963
1377 1824
1822 694
814 157
543 1245
593 293
633 1783
1613 945
1493 1945
429 1274
1100 116
1348 1734
1146 1110
1334 1578
1660 144
1541 352
1009 667
640 774
981 1235
61 874
1600 400
1064 1538
285 1217
1868 1412
1420 249
1161 1037
609 1286
408 352
774 619
1059 1413
386 573
1377 453
1913 1959
60 274
857 516
257 66
942 1936
161 1019
1834 1484
758 848
386 1256
1365 317
578 435
423 1184
570 347
1621 1811
537 1107
1280 1274
1694 801
626 1198
1078 1626
651 1932
771 608
564 652
1575 272
1569 1765
0 1142
1450 1552
1856 226
985 1794
1069 1145
408 1255
925 951
1106 958
1042 1509
1502 1430
25 107
1766 530
455 789
846 1313
1679 415
1508 1588
1864 0
819 134
835 1313
1390 1925
415 1015
179 1902
179 1560
1567 745
1139 1766
1594 331
201 765
517 492
1227 1488
1123 622
826 1333
475 1028
174 1595
1445 203
857 169
43 375
1880 147
863 173
1443 231
236 1822
362 133
1719 405
408 1476
1914 145
1235 1791
172 1354
1904 1550
975 529
431 1299
1183 1555
176 940
1452 1690
7 1273
1307 1475
1703 1150
1565 528
862 1796
532 959
246 99
1697 1877
639 1163
496 478
1603 1114
1034 328
1355 1956
1740 1909
1404 937
1630 280
1505 1307
1066 372
45 949
181 1592
989 144
1339 1446
1498 1461
1721 1025
1776 514
768 223
72 279
117 1333
1545 614
442 957
1891 642
1713 564
855 687
539 1026
870 1885
620 1348
1537 987
1880 1416
660 1944
1933 305
974 412
1675 1283
1484 94
84 1372
822 107
1431 1290
825 1213
857 1544
1485 1176
1932 1492
963 1886
1928 714
1347 1892
394 1504
315 613
1768 1137
855 389
1820 658
1670 70
166 1092
346 1655
1125 538
1030 1527
1872 124
257 1824
1848 438
739 955
57 71
1505 232
844 1259
1558 693
297 312
1239 1717
39 1921
1450 186
1158 230
1214 1307
519 1321
1784 1828
416 1989
1257 380
1109 1739
344 747
875 258
979 340
1120 285
710 764
523 470
940 307
274 1213
1720 517
1013 1616
1896 1790
1074 600
494 1139
474 886
140 1701
1162 222
1344 725
68 470
885 624
723 1426
981 1380
1512 438
127 94
1209 1297
998 1789
1552 795
310 1686
649 219
1495 1299
1859 232
338 666
1215 1610
1467 604
1690 388
1432 1187
391 1432
614 1523
336 369
1159 655
660 1309
78 1681
694 1069
989 787
1917 1190
725 193
1284 1571
770 889
1134 1079
51 1996
568 1442
1739 573
522 129
843 108
1664 1368
1146 1915
240 25
912 1183
1821 902
985 1798
212 1930
352 1914
787 870
491 694
1286 281
135 1003
1369 1588
1491 311
1003 802
1248 672
1904 442
673 463
282 94
433 179
566 733
1542 623
919 1530
267 484
1164 1552
1081 1240
864 1534
1094 923
604 1334
233 995
777 1704
1316 331
391 690
495 50
272 704
747 1215
483 817
154 537
1496 301
1353 438
1101 1604
1901 159
784 662
1047 174
1409 1470
6 1784
846 1429
1167 1381
77 1054
688 107
1172 1809
1821 1674
246 1149
226 1649
1506 216
1646 526
229 490
1763 382
1004 1675
912 853
1626 405
311 1448
1677 1601
166 1370
559 1105
845 1332
925 1501
660 1668
354 858
858 547
75 1881
1066 1702
520 966
581 1503
917 1798
927 1729
198 1132
218 44
1910 1247
1772 269
75 645
303 1206
1684 172
1846 1839
950 639
46 1361
1000 1148
1442 1730
297 226
389 780
827 1824
1852 597
1799 1965
1688 1793
1740 1414
1876 1825
386 20
64 622
549 521
1646 590
1433 1902
392 243
1518 1908
281 565
988 1448
1759 1036
855 854
1772 1405
1097 863
1260 387
1632 41
1854 139
976 20
1443 534
780 1416
1811 889
1925 306
922 1029
978 487
904 1920
494 156
47 864
1137 1276
1719 2001
1823 1581
574 405
818 763
396 1330
674 790
970 256
14 1280
1019 1211
600 360
1324 531
1612 523
1082 1677
1017 1860
376 1822
35 879
560 773
1315 551
203 2009
1755 1924
358 250
1736 403
561 717
82 1254
1016 813
1051 413
995 534
389 674
1175 1703
1825 1659
1623 78
522 484
1615 150
288 818
1522 1902
1050 304
534 1208
142 38
464 234
1536 34
998 1740
522 374
934 938
830 1189
624 713
823 993
1335 69
1236 1436
53 867
1051 332
80 736
110 1000
1007 682
1616 305
1532 501
0 451
390 103
35 788
94 1499
1481 1942
749 1682
1176 124
365 415
721 982
913 600
504 1280
1380 939
520 1917
402 1742
1357 1505
1880 203
634 1536
1154 580
272 1848
361 1042
679 577
258 1230
1225 1894
1501 1207
237 13
390 1964
1346 1361
16 826
1844 862
1185 602
414 611
149 444
740 1461
1863 2011
1865 153
617 114
1778 180
603 561
1565 347
1893 1932
684 451
347 1121
1552 297
1365 1278
776 83
750 1456
1360 1638
651 748
431 113
1546 78
503 22
473 1848
1110 1428
320 953
198 1892
1928 1449
1721 852
443 416
1784 1753
1876 1653
331 453
1781 654
629 829
1611 739
1607 229
835 246
1590 459
138 1297
1494 1125
1369 779
1392 302
1406 1482
841 435
1807 153
388 1851
1530 1144
786 1514
844 1805
594 1712
442 1979
984 443
1252 772
468 1383
66 1046
1450 1860
661 943
1713 2001
913 1383
518 505
722 906
710 1288
1375 307
1675 1378
832 1550
565 654
596 1679
1258 1352
762 1536
1898 1969
279 1708
1617 298
1754 523
1527 288
1519 1083
1213 406
242 1216
24 12
1166 650
856 384
1756 433
1400 1229
1409 1525
111 1337
1620 717
1012 36
1836 1062
1040 1871
329 1700
550 746
783 1215
759 1020
943 617
933 1160
96 718
249 193
34 1732
1862 525
1895 1312
501 1834
1206 1747
1841 377
1124 803
566 244
1208 1920
321 1223
66 1027
414 1295
1358 689
1642 503
1861 961
1052 821
1200 1365
894 1655
1116 516
1257 1673
285 1936
436 1437
1475 499
533 1794
568 226
785 1355
1121 1392
26 297
575 1277
656 1676
1915 271
348 1103
1159 1960
335 1067
417 1048
1297 77
1766 704
160 1515
1487 1264
491 1014
980 1974
955 103
1552 258
1711 245
1456 348
50 246
1345 1144
447 219
1450 1837
1045 1738
1742 1500
1019 5
1517 140
1719 1192
727 87
892 346
694 524
1663 896
959 1187
1019 1803
359 200
1155 1963
132 217
1784 544
286 245
1631 1800
47 796
467 1623
569 1430
1288 1891
1219 1412
1753 865
1749 632
597 1459
1019 1623
1907 1377
1108 1980
1028 1683
276 1941
357 1135
1407 700
162 486
399 1645
1025 900
1164 320
1270 622
739 817
1266 741
1447 794
9 1050
1153 1326
958 800
466 830
189 1845
215 799
634 1550
518 1768
159 510
477 1162
24 1507
1241 1577
1661 974
594 870
1218 347
850 1218
1629 498
447 1188
1798 1856
1178 602
801 194
311 231
1168 4
1703 63
1894 527
1852 1799
662 1163
1700 1432
225 1071
1612 127
102 1125
954 579
492 900
1362 1105
1034 24
1050 1014
270 764
869 1659
866 1633
112 302
206 193
1800 1773
1621 1002
662 183
1795 91
303 1346
1165 1084
858 415
318 1376
262 309
29 1187
1712 1643
71 1735
1694 2018
182 1309
836 297
1525 484
4 443
810 1885
1859 115
1721 109
756 341
1886 638
1738 542
1202 1463
1501 1474
139 1728
1267 1869
1453 1074
545 1331
1429 1940
1238 849
680 1329
970 1162
607 1268
1589 488
1742 348
1397 35
714 1983
1086 291
1878 946
221 1792
1755 1228
1626 828
1462 376
1178 1630
1287 1944
1338 647
776 232
1671 275
387 879
1703 953
979 181
1270 1060
1257 1283
631 1883
1478 1015
608 737
467 429
1664 1311
335 1809
1446 109
1857 1457
807 393
1902 459
152 1781
899 1220
1326 656
1893 156
1487 1077

Point Cloud 1365:
17 1477
57 899
133 1160
103 887
123 1430
214 834
307 765
547 1935
1097 757
1549 1540
1762 1375
1712 1449
1692 1370
1667 1397
1738 1327
1714 1486
1777 1401
1750 1454
1605 1385
1798 1427
1850 1547
1891 1101

Point Cloud 1366:
1072 1220
286 1981
688 1172
2 1794
1570 101
1877 1770
893 293
140 1373
591 1235
1469 16
1575 1123
1515 1789
215 541
875 1607
1437 244
432 840
649 700
1321 459
1480 1313
438 1300
1177 977
1790 1665
1782 79
1108 1075
111 425
1658 710
334 277
487 1565
724 1786
621 148
1339 1562
297 449
240 133
21 1912
242 582
1530 1625
31 1073
1660 211
27 989
451 632
1019 1897
1665 74
1681 1243
1162 1162
4 244
932 780
1363 1035
245 47
1926 1187
111 192
432 996
1374 520
954 998
809 205
1186 675
1580 205
625 1792
1527 415
895 848
1423 1478
805 1574
12 379
519 1382
561 309
542 1312
582 843
1 863
1477 589
1528 1659
897 412
174 451
704 1997
962 1863
483 70
67 804
1730 115
1111 465
1791 453
1070 997
600 600
762 360
83 1244
712 1691
1236 1037
1174 738
103 1783
561 1260
661 1091
1746 1804
1816 1338
486 1442
472 396
1187 538
1848 487
47 705
88 360
1614 1163
1744 308
4 485
613 231
1149 1663
910 1543
542 844
765 1554
229 1014
383 1773
163 701
968 1684
1187 825
461 1602
1375 906
576 1933
664 1151
660 1675
477 1333
1288 1178
1442 437
1458 1834
1757 1565
1834 1360
915 1513
1317 1936
1749 1578
125 1517
745 539
393 1774
1370 1383
1926 1597
1244 976
862 1250
1466 223
1061 410
1797 1427
848 1601
1755 1670
42 1437
1126 1622
1207 629
497 421
70 533
228 1239
780 1963
1464 170
217 1627
702 826
877 1662
1068 1452
1403 61
1732 1778
932 1366
1574 177
1769 249
1854 1616
1172 1039
273 1538
98 1154
1146 2009
155 874
677 1741
1234 1090
1441 1206
851 1280
164 752
62 1180
339 1453
1305 1517
188 1362
736 1366
1872 1506
823 1976
1040 1774
612 1268
1861 1389
447 807
1227 479
1696 1920
303 1059
1686 328
646 176
275 1354
1323 888
1797 1310
1537 68
1251 1686
1574 1799
1758 1106
563 1177
367 1661
950 1853
992 333
1429 1514
232 2003
1347 1987
1185 1462
47 477
786 312
1019 739
1321 1063
102 378
849 1748
1528 266
1446 1898
1327 1644
1524 1292
371 1897
720 151
1669 911
73 634
1317 951
1922 975
1636 31
934 1711
1567 271
193 109
1748 214
889 1368
1724 421
315 1690
613 1854
1844 1274
1761 1897
1790 159
1907 319
681 1735
449 349
20 1398
1158 400
1760 867
871 1607
369 491
1908 484
161 986
465 1682
1190 15
1190 1534
441 1499
1406 4
1544 1894
235 1123
1302 1013
1192 1471
308 1047
853 1433
1190 352
1748 665
610 1180
414 1457
1694 820
1357 1310
1489 920
1623 1371
1819 2010
80 1440
1642 2008
221 1681
1113 1108
567 1309
295 1186
1913 1443
973 662
1550 1252
292 296
1434 1028
1845 368
930 1163
782 1259
1300 854
723 1867
1696 218
1811 1397
1800 497
1535 739
333 1233
745 661
567 742
1539 100
1112 842
1272 1673
291 1430
1618 1057
952 738
595 590
1814 100
1775 1247
177 23
1137 1997
785 1719
321 1831
778 1009
341 1793
159 1022
965 310
1275 1545
319 738
702 773
1560 966
266 837
1433 1092
674 1892
476 1421
448 193
819 542
1880 1274
302 818
579 874
1025 141
331 78
379 1167
1080 1130
1880 256
1156 1599
321 330
1904 1585
668 1648
567 813
473 1684
1112 668
721 440
496 1832
1821 897
1587 1708
737 1257
1442 1715
21 470
167 1792
206 1028
1596 24
571 1262
263 187
1860 68
824 1332
447 1583
1378 1332
73 812
185 50
155 1258
1553 324
1777 766
1327 897
257 828
203 1941
1354 1382
366 951
1608 1316
377 1916
641 2002
1864 1029
1104 852
1895 558
1702 865
33 1572
1021 820
1482 775
1442 235
26 919
909 1760
1710 846
594 680
769 1042
792 1031
5 439
1831 857
1404 663
1902 1449
573 1647
963 1862
1712 688
417 1521
1561 1267
836 1583
1652 1970
1025 641
1678 597
1539 1394
1882 945
224 1621
1723 1527
604 1157
1282 771
1868 1747
98 456
1770 1090
830 1643
1454 669
229 480
105 361
441 574
1518 129
1595 1698
291 1496
1563 738
1409 1611
1596 169
931 1901
363 1922
747 145
601 1212
293 256
539 1900
1659 1384
594 925
1379 857
572 1332
279 547
863 1929
1206 1049
1847 814
1721 1757
1069 1166
1448 415
679 1755
1824 340
1892 1598
307 657
1922 1106
530 196
1801 301
328 1322
155 1154
803 479
1339 568
377 1694
1187 352
450 219
1226 1752
627 1849
201 474
294 364
240 1282
1032 1717
1809 309
1777 1227
1746 1993
1675 1212
1488 512
846 873
521 408
55 360
493 939
1007 250
1052 66
1507 1571
1668 1812
1018 573
1255 74
522 1829
1197 812
1611 50
1780 352
960 506
475 167
1254 1815
1481 94
1835 346
1164 1897
1311 1548
1118 546
1044 336
442 1480
1316 1390
278 823
1305 1364
1091 1719
1022 800
785 1502
1079 204
1834 547
1734 622
182 1277
1204 368
170 1819
1526 1598
558 1828
283 463
263 329
705 1480
1086 1500
1198 1385
316 702
1663 1681
248 1030
260 1553
603 1704
1287 245
1909 1158
308 1080
1646 1293
1596 359
330 801
1825 629
1419 931
702 656
332 627
313 1670
814 1043
1888 1070
1769 441
863 1088
1562 1993
22 927
990 1820
535 1984
997 1780
847 233
303 1724
853 1928
559 266
266 372
1574 1421
125 1428
110 1027
295 1093
6 1238
534 1389
1217 773
254 586
648 467
1144 1289
717 1516
1604 812
373 431
1792 898
913 824
997 1713
532 1613
1607 1310
543 1
1762 1748
328 397
634 1539
903 400
542 1670
651 1254
883 1478
1232 508
1450 1808
757 1259
1606 897
1858 1446
1626 521
209 112
1118 1786
1868 23
912 1241
845 613
955 369
991 1698
1676 624
1868 316
605 1702
1735 434
973 1228
1453 737
679 858
1722 395
1727 282
659 1847
1350 451
162 1050
972 975
547 237
1808 475
1048 951
735 1592
1484 1323
1365 1578
521 107
1033 65
912 458
1892 1373
1273 1317
765 323
1194 1532
1560 276
913 1369
1107 475
971 1895
976 1105
338 1982
1578 1060
1648 23
849 67
591 1453
498 1469
768 110
677 63
656 130
42 248
751 392
792 937
1131 1982
1831 824
314 1386
1286 1606
1489 923
634 175
1674 882
1519 777
1931 2002
828 1565
1448 974
362 806
1343 181
1044 1146
447 785
1221 133
809 1990
1608 739
1852 278
945 13
745 1573
1838 806
1808 194
643 1902
77 1180
1905 1248
465 1703
924 791
1064 701
1503 1692
1541 961
1919 53
1105 1872
368 935
236 751
1716 241
824 1465
624 264
1816 351
1233 845
242 702
999 1325
784 221
1645 961
859 843
1724 650
1181 1725
1097 359
1114 438
1874 1945
284 179
176 1296
546 872
1241 1829
75 1068
331 1644
1894 394
1270 401
1132 134
529 1811
18 744
561 1356
1359 1061
1931 198
1674 1444
626 1884
804 412
919 1269
1073 134
1775 877
407 1896
169 489
1887 1031
263 122
311 1756
1225 68
400 963
1415 805
730 627
958 1658
1809 1906
52 1074
930 1032
1365 212
137 1058
1654 1482
218 1282
286 193
647 39
1116 954
1038 42
496 1092
858 652
1083 1549
720 1386
1194 1231
820 995
248 438
687 1653
147 315
718 1838
764 1933
1773 893
443 1331
199 214
1220 1132
961 1355
426 1752
1406 1753
1683 576
1528 695
1166 1992
508 470
1029 1426
856 1021
220 1571
499 1286
944 404
818 1978
1457 1030
582 776
183 215
1781 1580
119 668
1100 1837
149 1013
1136 1654
1812 776
1202 1776
1336 1086
1315 1154
1083 536
1528 817
959 1107
76 194
1241 1486
240 635
760 537
1447 1390
799 963
805 1350
580 542
1284 707
349 1987
1439 1749
1517 1057
1669 1698
1549 1134
344 191
571 1292
135 807
1694 65
1483 792
1008 1768
1902 692
1822 1297
732 1695
674 1804
1809 540
21 1570
1869 1537
46 1358
1836 2013
741 1345
956 1303
615 1882
150 1550
626 1595
752 1301
763 963
545 306
1193 31
1689 196
885 476
284 26
623 1892
39 1788
1307 1890
1933 439
251 646
715 1736
1115 1137
1577 1267
1418 232
652 710
1892 1361
1117 105
109 1034
1371 314
869 308
214 1233
390 1474
814 1413
448 1232
1285 271
463 1190
1036 1021
54 296
1307 521
1700 1960
97 208
1429 1594
189 1182
1380 1795
1558 888
1285 1055
604 1957
954 214
787 546
122 630
1716 1350
1081 987
1143 610
1821 804
1032 1788
677 1961
491 1002
1674 1489
729 615
1042 145
1655 535
367 1096
1218 1438
892 845
1814 372
1433 1033
1415 68
1539 1930
407 1778
1691 2005
1256 877
1134 900
1275 1242
1326 1008
71 1416
1393 1208
420 1041
73 398
1908 1255
1626 1320
1737 1004
246 1059
1247 551
1610 1180
238 1340
599 174
1839 803
53 1161
1148 658
1116 1494
648 376
1878 97
395 963
587 1595
1224 734
1905 1410
1509 1093
1675 1385
5 358
502 848
1411 1368
1902 527
1738 21
1912 1910
1012 1720
760 435
1336 1053
1745 1619
500 36
321 1366
418 1328
294 220
218 1405
1601 1140
1433 653
1067 867
540 725
149 202
266 987
1779 1670
85 1246
1592 1584
401 234
193 1907
282 1197
1361 1308
688 705
773 1743
1588 1502
879 1382
1197 431
1537 800
1597 2013
1671 1497
828 63
1370 1131
1257 1146
1569 1187
429 1987
854 1370
1445 1564
157 146
465 280
94 1106
202 599
1309 969
231 515
858 1495
1786 1925
986 1228
497 325
1499 1332
347 1034
173 114
377 1199
1096 165
1348 752
1834 33
1116 1759
1381 1691
1775 23
1548 507
1557 1888
36 374
690 500
391 1312
1576 370
792 126
235 1152
849 505
50 130
745 1254
882 1613
926 1714
1539 2006
912 1183
978 1900
705 1126
449 184
1156 1450
731 1557
430 507
4 1770
886 956
1601 634
376 1182
1824 1214
1786 195
1247 37
1803 1173
431 1891
1584 1443
1772 1252
1113 564
1538 205
511 104
740 449
1887 1372
1867 787
1726 927
1837 179
1499 1011
755 1392
1550 490
1222 1225
1643 1202
1672 589
1692 1310
521 759
1728 444
1663 150
695 310
64 1799
781 1056
447 797
979 678
663 1970
1632 427
246 476
205 1614
1189 1935
488 1983
1368 1677
715 923
956 1721
1162 1436
585 1280
1295 1855
407 11
1382 492
683 1158
247 1893
343 827
397 1233
1042 1832
1665 1487
1340 955
1861 1338
1909 483
568 118
39 1267
794 778
1559 1977
244 961
888 259
305 595
1242 339
307 472
753 444
757 710
1776 204
352 539
68 612
1498 400
874 196
941 960
1610 1677
812 1948
686 1485
1507 193
1573 516
714 1993
93 160
1852 1850
40 795
535 1326
330 1266
95 1310
937 1904
139 68
640 397
695 1724
464 63
1514 1318
1717 635
1765 1449
1564 1160
531 900
1590 107
1058 990
809 521
113 1564
1053 1191
20 1606
1032 1697
1348 1729
633 1370
1371 1749
1475 1077
829 1096
1554 2009
1838 1371
762 1482
1806 1250
1578 238
452 240
338 665
1480 800
178 1734
164 532
599 703
682 1267
1226 1284
885 1099
581 789
1285 502
648 1198
1871 1203
140 1030
1887 1584
484 746
1673 263
1898 108
546 879
830 1148
1626 590
1686 1419
425 1125
1356 1456
432 1130
203 38
499 29
1793 624
339 1143
1293 1905
639 1598
1255 1941
2 1777
1458 852
370 1762
1521 1176
1877 1389
1114 1146
1557 1652
1764 21
1039 512
931 655
805 1727
1005 1347
478 1066
1413 1686
1522 1594
457 352
413 553
658 4
885 572
350 1082
1393 1116
1296 1711
1911 1660
575 1224
466 1319
1739 671
553 1938
3 478
553 2003
932 880
884 1085
1821 1886
934 650
62 438
1105 652
1308 1675
495 875
1820 868
1126 1439
424 518
1096 1209
1109 931
1447 1993
415 1848
1804 636
395 203
1789 929
1871 1100
1337 356
132 1934
51 1551
387 1581
524 1467
1132 1292
202 1779
1668 1715
1537 492
1514 1361
321 996
1136 1918
175 1191
1548 967
871 1831
1515 986
996 194
1622 700
953 539
169 723
1635 922
290 855
1851 270
1467 91
925 1299
133 1987
1482 1349
1571 166
1210 154
820 915
165 333
203 1381
1535 818
217 1565
499 1703
1034 1942
723 1026
1264 1728
1048 834
345 841
721 1857
792 1182
1757 112
601 624
1849 292
389 851
694 561
459 22
1335 1560
1480 1334
1624 1382
862 1762
864 1289
380 330
528 929
734 187
1050 211
1433 621
507 1509
127 1525
292 358
1327 869
1517 950
1809 505
1396 1944
1736 1125
1037 1302
1073 1010
1116 1186
1652 9
855 1706
750 1834
1216 1646
1293 237
1831 586
1806 125
1190 1445
1033 807
917 763
1885 1443
628 1352
1334 1836
1149 1613
1001 1460
1156 1142
1005 4
1171 592
1917 789
1729 746
1201 704
850 1347
1090 599
1846 1509
62 1193
477 1371
1014 1003
14 433
891 865
565 1582
1600 997
1137 1363
366 8
643 1955
452 801
1932 1924
771 1929
363 752
505 1374
225 454
1464 1507
1915 938
1777 1520
1765 1821
758 818
246 410
1898 1274
591 62
388 1331
1579 1868
1657 448
1004 346
316 1163
1326 680
1891 1033
1889 1406
76 668
493 1350
536 984
876 1290
423 1265
855 1250
167 821
214 1588
1303 797
339 1041
1355 669
1534 427
458 1225
1849 1476
1828 734
920 2001
1554 1123
97 337
6 923
445 4
1709 424
422 756
1462 280
1562 1628
1290 693
613 1576
703 1837
51 1200
1515 200
736 583
1126 992
187 307
549 1563
781 942
270 1159
1367 1566
1903 1299
325 1986
1395 341
1181 1130
1103 620
1092 29
1589 979
1899 725
1374 1562
1477 223
1060 1277
1844 1004
697 412
1444 1547
79 1598
1453 1447
527 1587
1123 1479
647 1966
810 1972
1543 1384
1246 2003
216 1310
843 442
207 1162
1612 885
1257 986
1868 195
859 611
224 822
1296 38
1712 952
1888 1006
186 29
907 1487
1504 909
487 1454
492 1239
224 1651
756 632
477 610
1415 576
1743 1749
494 449
1922 1668
1632 1384
1823 1806
523 1661
180 560
510 1818
76 1490
485 928
1817 1884
290 905
94 1377
1131 1830
1695 852
51 1092
1113 772
623 138
1239 1801

Point Cloud 1367:
92 136
1057 1570
1895 1733
1022 302
1459 805
1196 482
1379 369
1767 808
1558 1010
805 1852
1292 1862
1552 41
1080 1409
1539 1504
993 1278
465 1968
1701 1177
414 1131
1363 1537
549 1487
1190 1009
1804 1432
49 828
1794 289
640 785
1804 1730
1291 1010
1706 1334
1404 1012
1274 155
1742 1656
1877 1162
451 1249
1292 1039
1426 125
1088 1588
828 1281
258 1337
139 1230
150 648
16 1722
595 1918
449 1464
226 1524
537 1414
1220 1725
289 281
294 1948
1389 1520
682 1462
516 929
341 1889
372 1512
320 124
352 2002
349 522
32 579
422 206
242 497
1163 616
449 540
473 1103
1815 22
1102 1182
375 30
759 216
202 1848
798 7
328 1913
1082 505
1428 108
466 1031
972 193
1531 1787
833 1942
437 1850
1728 529
397 228
1007 900
1684 146
12 1511
610 1474
277 1572
875 1639
1220 824
1613 1585
151 1680
108 469
141 1688
1114 600
1060 1520
1731 430
1924 858
1416 1499
981 1119
1841 1709
976 870
351 643
1699 1466
404 805
1460 657
7 1238
575 118
910 1011
1732 780
1005 1175
1620 1802
627 77
1802 1416
54 769
100 177
1340 1608
1515 1669
190 1469
79 1761
860 718
1374 243
469 232
787 874
1184 975
1680 1730
109 1241
478 671
880 1587
1146 1787
1239 1542
1827 1978
439 620
1179 1700
151 1769
1290 894
1627 1933
1097 882
181 1679
1445 291
216 292
417 296
1907 1376
1503 396
1655 1470
840 536
1088 284
1383 542
1263 340
1649 1931
1732 352
1693 313
1608 1794
1212 738
1659 227
1671 649
1246 980
1828 1279
1352 157
1640 1910
509 1915
896 1797
104 1274
1711 1906
1873 1678
1167 517
1137 735
724 1888
1762 1852
1579 410
1547 0
1901 840
595 679
723 783
416 517
1528 1625
138 456
500 1234
547 615
512 1046
378 1619
479 1258
451 1763
1091 1222
1400 1555
29 1416
723 101
518 626
1713 1686
1272 1235
1773 624
551 1735
1544 1817
997 611
344 1090
1431 814
676 883
1762 270
1074 596
1510 1225
1661 1762
41 477
4 548
1865 1438
1624 1237
897 659
55 2
631 502
662 328
473 101
246 843
400 475
104 1756
1644 939
773 701
1660 392
659 269
949 1556
939 1390
632 719
267 1071
904 723
1488 1948
1212 1919
94 1507
1682 1470
598 43
1043 1876
786 1759
1744 1935
550 1822
61 1838
741 367
242 98
1409 960
177 86
498 1307
1218 401
1642 318
249 159
835 1194
1464 1613
1487 1889
52 320
454 960
371 362
1036 301
713 1689
1662 1585
154 312
1698 1834
1322 1200
1901 1456
47 80
1782 1253
1912 37
593 60
1786 1191
1616 240
777 1215
979 202
1321 924
1190 1696
508 60
846 1417
93 1131
146 916
971 1232
1507 843
422 910
324 715
1629 1405
1513 1442
410 1238
1410 1847
792 1466
758 17
971 2009
1343 649
758 1476
1014 1072
1602 542
1185 388
711 570
946 952
1488 1663
1528 21
507 373
134 1045
689 848
96 1536
1366 1144
1143 1250
1899 986
80 1803
1267 1177
1277 1741
1501 1710
7 513
1651 998
1124 1544
1156 1437
1390 1107
1417 1801
901 603
1645 1370
711 804
1488 1577
1015 1840
1246 1118
876 771
819 859
1185 205
1860 1113
1557 1748
87 1220
1882 51
669 1699
1917 573
1806 759
1023 929
508 1176
1151 239
1325 612
368 847
910 1316
1269 1916
743 545
1562 474
1604 1840
1488 1246
539 1044
503 1090
1524 1444
37 1922
114 239
1343 1411
504 612
93 2006
1355 1630
1022 311
210 1822
1795 1588
649 1947
1578 415
470 1967
758 1101
1032 617
912 1942
1590 24
820 489
1494 939
1724 922
977 1134
841 519
1135 1555
819 432
522 928
732 1533
501 1245
1540 661
1374 1651
453 1033
1398 1825
685 1752
1312 1226
1778 576
319 450
359 1196
358 1939
353 901
1918 465
1417 314
1189 1785
38 673
901 191
647 1200
1195 375
1348 1552
493 1972
1096 230
1591 480
1330 194
487 23
206 1916
794 1461
1610 448
1113 1788
150 1763
1357 1629
1481 1160
1660 987
48 610
303 441
269 623
929 236
76 993
1339 1203
1188 1537
1136 218
21 825
617 535
910 1505
1910 1539
1706 282
872 1406
836 1064
132 1681
723 1975
1705 325
1401 255
1243 1226
1579 1955
205 1548
1176 218
39 1794
238 1308
453 1712
1511 446
320 518
1483 173
1320 85
731 415
677 1527
729 758
1535 1342
961 130
683 1477
645 608
1156 1679
853 1335
489 1289
1106 536
1117 1510
1397 489
1839 415
876 469
241 372
973 360
1689 1625
306 1889
212 1892
1068 1400
1651 185
527 1700
1859 846
445 331
1176 308
954 1603
939 867
1442 1078
75 1967
771 1262
1862 105
245 9
802 1108
423 197
1909 339
1762 1417
1261 1393
38 1774
775 1034
163 111
1001 1947
1199 81
539 984
1532 718
852 152
1424 1134
1822 890
106 938
574 1238
1555 1330
341 120
1207 870
1559 1203
998 1141
1219 1772
712 576
464 795
914 1893
521 1605
1198 1536
593 548
1520 1795
348 1044
1805 1639
566 35
175 48
58 53
1804 1465
1713 929
104 843
524 1383
1399 1496
1481 552
1102 1666
1080 176
1820 759
1050 346
543 833
203 1700
1667 98
538 98
1309 650
1092 494
174 888
263 1776
291 1505
1552 236
1765 1154
831 1235
507 994
240 737
448 175
1402 630
435 473
1280 576
350 1886
1905 1987
191 1842
253 1263
785 1780
1885 755
760 1735
1114 117
1274 743
938 1803
1128 123
417 1118
536 678
1016 1005
1307 159
728 1313
666 1615
1815 249
690 1473
542 595
1294 1208
1137 1900
1504 347
1207 221
719 581
809 147
717 653
1277 1799
1743 1222
1321 232
1329 152
922 1056
1621 1606
756 687
1891 1875
507 1352
1043 389
28 896
200 1619
1781 1979
1320 365
150 181
1449 1773
1899 1283
1602 605
1836 105
162 1266
341 1309
921 807
1789 11
1692 881
148 1350
1780 1804
54 619
440 1182
47 1196
90 199
1497 759
1329 740
1707 705
258 848
753 83
1062 1130
1516 1131
593 1620
100 706
1795 876
1313 2015
953 189
762 994
641 1013
810 98
1029 458
991 1693
130 1244
1155 1172
1313 314
1791 1349
235 569
399 6
441 1445
1731 1803
1499 705
87 140
126 584
148 966
592 1946
1839 828
1256 357
422 1879
831 46
1844 1960
694 1269
1018 870
1106 1954
382 1097
1491 728
590 1278
8 1166
1886 313
77 1000
299 1092
1240 374
887 937
199 698
908 1473
904 543
663 256
1912 1411
671 226
1019 725
1473 1966
1554 1891
476 244
1097 1693
274 1002
1174 866
230 1451
1687 90
1428 620
1138 44
1647 258
1324 1361
694 1694
840 1653
842 1381
1422 1601
572 851
1008 1624
1379 1495
1160 1955
1475 800
195 956
955 1200
1398 1205
1087 731
668 1629
1098 748
131 1478
1133 529
410 130
877 541
775 1591
182 805
1549 1344
1087 315
259 18
174 2009
419 663
1195 1849
342 95
1680 498
1435 507
1350 1133
684 270
29 609
1050 1944
1527 522
1353 1940
1158 1446
1542 1716
822 1345
857 303
1856 1631
1780 1853
924 724
1711 1463
1899 1797
1461 939
1158 1794
1740 1149
640 245
626 878
1455 36
1766 281
42 1398
1034 1697
824 136
940 1403
1736 1949
502 1758
1761 7
1712 1212
1710 660
1757 1052
216 1378
1215 1427
1504 121
1104 1512
43 1603
832 601
1774 446
113 277
722 1498
823 1880
508 986
787 153
190 291
692 1476
394 16
274 384
786 1688
233 361
631 30
1714 1904
205 1357
958 1074
665 1516
1258 1595
703 1855
1306 1911
8 720
1160 838
1217 1490
1576 264
297 1619
1893 1754
114 1878
607 1569
1767 1178
916 592
639 1322
610 242
541 1059
47 1965
954 1383
826 625
1192 118
1600 2002
46 1072
1796 1904
422 1659
365 1869
943 1320
1267 1179
649 392
587 1675
964 257
145 240
604 1999
1047 1472
37 109
749 1046
736 278
1819 768
599 137
297 1250
40 1373
1582 81
826 764
1767 797
186 668
1532 451
909 1614
1016 897
1384 426
1037 290
1755 81
1400 988
1648 633
717 1791
818 997
1416 156
1522 1819
257 1426
936 1756
1476 393
497 628
1621 1369
681 908
829 1374
1514 1270
1417 1555
1573 1134
1421 1298
1087 1924
1564 804
1075 407
1096 675
1596 143
641 313
1907 1146
1291 1863
803 675
1860 622
871 272
1592 73
1387 1911
1197 1083
640 539
603 500
426 624
1191 790
1256 850
540 1257
1854 1020
1856 1660
1600 1016
981 1158
1741 875
1335 1144
1261 1988
1384 1837
554 1297
989 646
508 1390
731 699
805 1688
1150 1879
283 10
831 225
1588 1256
431 1593
1597 369
1192 342
760 1628
1311 1562
1406 191
1512 1317
752 1422
1027 409
408 1109
451 438
1091 1773
492 721
404 1482
1262 1074
624 11
381 1529
35 207
1409 1559
1824 1049
1825 1390
1197 36
1512 240
1301 1579
521 1695
293 2012
1625 878
1090 1736
804 1755
239 898
989 585
664 296
1189 1816
1421 1348
426 1326
720 192
1336 1050
1893 1182
1545 1597
554 1542
1087 1152
1358 1952
1673 1588
1157 606
1142 2004
709 1418
1315 1346
1461 264
99 1851
1470 1932
914 272
206 1784
977 1763
1044 1717
594 516
1741 1956
256 1129
905 1334
1611 1310
1572 793
570 1187
922 725
146 1491
39 215
1331 625
1331 690
1779 1371
233 1546
1114 275
579 2003
966 7
374 1563
110 1881
615 526
1831 1889
354 694
1043 813
1560 1649
1084 311
969 1486
845 1464
1631 1305
211 586
1406 500
699 1320
1369 1670
430 980
1031 1643
793 1583
398 1695
1000 1436
989 1945
555 1368
832 1107
1440 1310
662 1821
1673 562
1535 1616
1694 1723
1057 1852
1310 1925
640 907
946 1749
765 872
1595 1249
1543 342
425 199
756 366
1044 443
946 317
1723 545
1013 1358
1323 86
1500 1165
632 992
803 670
1733 280
82 735
992 499
825 1707
1241 1414
692 205
600 287
551 1474
1014 1480
1860 288
1801 755
477 1529
1056 22
1279 976
1554 1171
223 1486
445 1339
414 1622
1232 1468
443 699
574 1544
1170 811
1197 1662
726 1244
1773 1927
217 650
366 11
1668 736
1272 1035
479 1809
1458 409
380 1813
1858 399
446 1795
1423 1574
1542 145
485 624
1059 618
371 360
1312 1816
840 1575
1224 999
1830 1966
234 248
1434 830
1008 1023
1522 34
1404 958
896 906
1012 376
1009 1401
52 765
1456 1707
1300 14
1415 256
997 527
1734 1151
1034 412
1807 1658
365 529
1111 4
1014 1457
932 1616
1199 1541
1691 1147
282 1587
1520 362
1280 823
1364 517
1574 1254
758 293
1081 490
37 1581
1872 418
1381 1979
1658 1614
1832 1340
1360 145
1276 1066
1808 1716
1117 650
809 1849
103 143
1830 1377
1707 1124
212 1219
704 1820
1192 1578
1799 1838
501 1628
1902 22
1480 301
982 1014
308 1967
791 1853
121 1276
763 3
337 328
836 1525
1355 235
783 1321
113 1111
954 1447
1255 1687
1924 302
743 319
1843 1835
1302 1218
927 1790
1335 1626
545 947
1686 309
1674 871
1350 329
4 1868
55 1505
1173 1990
1742 1569
1042 1322
558 1619
1781 623
1470 713
841 421
314 1789
826 1517
1327 160
1227 451
1581 755
1120 1379
1026 570
970 279
83 669
123 1018
200 1205
446 340
1040 1544
1472 1781
462 1693
1565 749
1311 585
605 998
1423 1730
1832 1955
1463 1532
12 691
262 1907
560 919
15 651
1504 70
720 5
1099 1283
1653 1020
1384 1817
33 514
36 344
574 1261
1414 1940
534 503
1775 501
917 1650
637 1453
790 259
258 1429
1022 1140
1608 719
990 263
1807 1900
1168 909
1787 1201
1752 815
1156 350
214 237
170 1026
1885 1961
414 1163
988 805
1187 1956
408 484
843 1108
800 1096
423 1040
274 1632
762 301
1279 146
901 1909
1159 1836
760 1607
112 948
390 1491
1534 1270
1691 664
427 1885
20 1336
887 1847
495 505
94 162
870 374
1816 15
1044 619
1134 31
988 1561
701 901
1626 1196
194 1810
1142 1292
331 1072
659 588
1001 74
54 260
1461 1238
1363 433
1768 1571
1069 855
1442 911
1827 1332
1492 86
1084 35
1898 1743
212 542
16 1931
1450 460
810 151
1140 964
61 1038
742 109
1890 628
14 1176
12 1347
514 1694
98 1446
1596 726
731 1612
1157 1123
463 284
1441 1605
1865 1521
799 1365
890 398
346 212
1716 897
96 1258
1553 706
128 1501
1111 936
1325 834
1531 713
1075 449
793 1772
1652 1788
124 1684
482 2017
435 1953
269 1251
292 1244
1381 675
1145 1186
1106 780
339 494
758 1252
1419 1929
546 166
85 45
1294 1850
1450 297
1532 1887
1106 1034
1102 731
1471 1984
1885 1470
194 1434
334 318
1702 1630
220 1062
1839 48
332 507
1521 804
1932 1038
36 975
1686 1797
1372 86
614 407
81 167
511 1276
647 1919
1091 1387
1877 1111
1576 247
799 1317
1373 1517
1138 1028
349 483
511 737
713 317
660 1933
355 625
1525 1762
577 4
1243 661
1599 1019
567 867
833 142
1918 312
545 1891
1280 363
534 1296
1816 830
389 1245
1579 82
240 1492
245 1701
987 605
1313 390
874 1682
562 1864
370 1365
1204 1060
478 1009
15 1084
57 640
346 771
881 22
588 1791
831 1329
638 834
153 1742
1039 1479
202 1022
17 383
422 587
1739 1776
3 1526
1107 410
1320 350
799 1139
15 966
309 1426
867 1059
1458 1966
1653 759
1620 1051
1022 364
1767 984
1615 1279
1883 1047
789 1024
1137 854
389 537
1324 1852
1392 1633
492 800
631 5
283 314
1379 1190
1363 241
1228 1897
131 1061
805 1572
891 1930
851 1756
204 1480
165 1961
585 1591
1626 587
1493 418
863 109
861 1047
429 1624
619 485
897 806
1477 1827
98 825
291 917
488 161
1379 148
451 1760
480 595
987 1786
118 546
824 1369
556 264
1095 986
1474 1630
547 1048
590 553
238 1198
1637 1091
446 343
1768 1319
1870 1634
178 751
1480 834
673 830
178 239
1793 159
147 1276
1659 975
1303 1244
647 1327
1850 1401
1634 131
800 339
713 1956
10 693
300 1723
595 1155
1168 423

Point Cloud 1368:
1878 1293
1772 1665
1151 442
312 1216
1910 1143
498 1845
737 860
675 1867
321 290
67 1013
1234 1657
762 106
551 1710
775 1869
608 547
354 1915
1101 1964
559 1434
1742 405
929 150
281 252
677 1910
1780 667
1670 1967
1058 1918
1480 1165
553 858
1342 1978
1843 675
1473 1121
1762 1087
1247 1137
1206 540
362 1700
1050 226
1014 1972
26 1175
891 456
1877 437
1853 41
971 1666
1158 1021
1306 1142
1262 510
1329 1917
483 199
1857 879
628 494
104 308
601 681
855 1871
1017 1462
1832 948
308 1422
196 257
96 304
1400 1356
571 330
170 1385
450 1950
992 1841
1483 384
1012 821
519 176
1337 1373
1722 1485
390 1805
845 1430
51 1706
1332 1485
1530 1912
327 529
1368 553
753 1956
213 1667
768 1316
639 1757
1001 1068
56 1339
1001 397
747 25
871 410
1705 85
717 430
515 1200
66 805
771 378
90 762
1870 522
66 1696
1601 1197
978 1729
1747 1242
107 764
1767 172
511 435
1893 1851
1552 1895
1746 1963
1831 785
1037 1330
598 706
812 813
837 692
1459 46
1393 1436
282 765
1805 1536
1263 923
1127 1097
1392 1761
1842 1227
413 997
1689 629
15 453
214 400
315 1148
1176 791
1842 791
188 1185
1374 932
1320 956
1235 1565
1641 1134
119 88
118 227
1153 25
1898 1301
453 93
1242 1017
942 695
946 580
1795 1247
327 1139
1464 91
800 1753
1663 1231
500 1093
853 445
5 1997
1605 773
928 443
1818 2013
668 1091
248 2
932 526
1471 1524
592 1739
1180 1655
1388 1555
1076 1589
909 384
659 312
860 1262
356 575
1236 1124
1539 42
1055 486
1926 718
1903 53
881 1835
1842 1630
1205 1890
619 858
3 743
1918 1237
1329 1843
819 1813
1552 836
1784 4
781 1170
130 1187
1195 870
1436 1663
1223 651
42 1431
541 1139
986 896
505 127
1761 1645
365 713
868 1741
1187 1435
809 1990
1253 1640
1430 764
1412 205
503 998
1677 1883
955 1610
362 314
761 1141
696 1958
1096 1739
1516 1515
1652 1062
820 744
1409 753
1280 611
392 961
1716 1063
829 399
783 1411
549 1861
595 411
551 407
813 1823
1781 1462
1699 519
254 1938
1130 1130
1497 1124
924 1778
662 533
133 73
1332 404
38 1875
145 1329
516 470
1043 1731
1702 547
145 103
1528 1873
1518 643
88 1329
1468 1572
1583 698
333 1726
253 10
1419 320
536 398
392 1354
135 617
102 404
78 632
935 1108
624 1774
1134 623
450 935
332 947
907 1686
1490 1998
46 1779
969 1475
926 110
426 1500
583 1641
1849 142
1163 1987
549 1767
726 94
1510 1356
1652 337
8 1503
965 1296
1482 703
1194 907
864 1711
338 555
795 1246
1069 869
295 97
238 866
888 508
1879 761
348 652
774 1406
1615 812
94 1623
1751 1927
1584 1206
1583 1836
1374 754
955 356
1645 602
1479 1417
1830 1272
303 20
1263 742
485 267
329 1379
426 1568
1868 1334
1484 1753
1103 1506
1565 1775
1192 757
45 0
883 933
584 768
146 1948
1245 1362
798 849
588 1290
1142 173
1872 80
659 1561
1252 116
890 1194
685 488
1417 1821
1471 1619
1613 1228
293 1838
504 350
800 917
1116 1416
794 708
1488 444
1474 1250
221 445
954 663
1828 1246
225 1812
1895 662
546 1535
1644 87
1185 912
1625 1567
758 1019
33 1334
902 1314
359 226
693 800
311 929
891 1421
1809 490
1805 630
1171 228
728 472
85 811
1744 1694
1184 1569
1032 937
296 204
1149 1921
1908 1649
354 1255
1789 623
750 1884
1010 1802
924 1158
614 184
1354 1845
1728 1573
877 526
1750 66
1871 648
1153 1475
404 862
1147 1259
1563 169
115 1650
575 1998
1636 1607
310 79
615 1702
1203 514
1636 1674
1112 989
927 988
680 1521
927 823
328 688
1738 1262
1497 1482
1423 353
1084 1984
44 1840
1743 1321
1034 1073
1339 245
741 1701
671 939
72 965
981 914
965 849
520 1647
21 611
330 1466
94 1485
1899 898
390 1899
1440 1994
1297 56
1345 936
868 701
1792 1131
600 676
1898 273
1008 587
1764 148
411 62
313 1903
713 1680
1239 864
762 1702
1674 1174
891 1100
197 1847
1437 141
287 731
1466 303
1438 498
1214 240
1555 479
1049 1046
895 1786
1312 1046
971 911
193 1531
1427 419
1622 1406
806 1949
1280 781
1440 930
1023 921
845 1451
917 184
253 904
1279 1819
306 1149
170 1983
1906 306
1469 175
983 1521
291 1152
605 364
1256 484
1385 635
620 737
853 595
1107 265
85 1805
187 532
1120 6
368 85
434 2009
170 26
911 1183
1054 1849
1733 29
1843 674
1691 473
1563 348
1576 845
1309 1235
321 568
1685 1346
494 1394
1018 1963
1864 624
213 1120
400 1807
1311 1606
585 1579
1124 1088
71 91
1873 892
1068 154
1511 524
32 1093
978 17
106 1339
683 1425
1009 1846
677 563
752 847
621 1253
227 1022
1182 1812
324 146
1133 1584
1456 1749
689 1430
1057 155
1413 757
118 1399
10 1001
683 1990
1613 1093
1602 723
1679 1021
758 1467
761 300
1737 470
753 1770
1730 510
1835 1288
891 1230
1155 1111
327 1574
696 1229
35 1930
641 152
196 39
476 109
375 32
743 287
858 527
1930 1379
505 1528
538 147
854 1958
1 1429
856 26
724 1158
750 343
703 605
221 43
1791 518
1149 573
999 937
1780 145
1302 272
1642 1022
853 1351
825 166
804 1546
1698 142
654 1155
1837 1626
593 585
882 205
1839 438
35 122
136 1712
597 174
613 1054
1889 1358
1691 68
1700 628
720 1661
1822 1873
1057 1430
1904 1666
145 1113
1102 1892
878 489
704 239
1481 836
1355 413
1640 850
141 1240
1931 466
575 1908
1423 1124
1334 642
515 1666
545 1070
1756 1022
1669 622
1186 2015
1704 192
1871 1052
1461 1690
1611 449
78 590
1265 1894
1004 708
831 1069
1273 990
616 1296
1571 1060
473 1015
72 1205
1276 820
17 126
689 1483
28 1582
1514 1323
238 356
1878 654
1626 1235
1226 1940
1712 1504
88 1020
85 1008
1578 1909
435 1809
646 1422
388 597
890 859
1093 1937
1234 1714
808 1230
1435 93
742 726
1610 588
592 1213
596 1293
286 653
1731 1547
1795 676
365 1840
1629 530
695 1338
1127 1512
1170 1444
615 54
1905 984
476 371
476 344
300 948
1725 1535
931 540
1208 193
311 1573
848 11
325 469
754 1738
996 1770
1487 962
1353 890
1212 1922
880 139
663 1971
216 70
252 1931
385 1173
1464 1573
1384 914
226 984
1030 514
416 478
1929 974
1807 1873
1447 1471
17 1798
749 969
87 1342
1569 879
1565 1681
1856 921
764 548
1155 1047
211 1730
1107 1178
1586 674
1135 856
1783 1086
314 500
830 162
731 705
554 1000
666 309
1717 1352
703 603
1377 1794
1152 1030
271 1516
303 1740
1840 1233
709 536
583 696
286 620
1136 1553
121 895
357 628
1511 464
1899 1642
1460 1180
5 56
355 1472
837 213
1304 663
1068 1173
800 930
587 452
1920 1292
1255 1875
465 543
556 1919
167 3
1854 187
1772 327
1707 770
497 754
1875 1646
1106 144
1155 539
1918 946
1056 476
1444 1479
179 294
1649 684
755 293
1565 881
1652 1421
1147 89
617 152
1185 1973
1504 1439
1488 930
781 379
583 871
886 1651
1593 1654
595 1042
1240 1622
1467 1764
1448 521
1576 183
1785 868
1923 1832
533 852
97 1155
1853 819
311 1602
1874 260
1880 1599
624 767
1627 1864
1062 11
41 867
7 708
1450 1052
412 1235
1213 1108
731 1120
1821 1093
1374 612
584 1318
1475 1871
24 1144
168 214
1924 953
266 1524
1869 1333
1109 1891
182 139
824 1988
775 1644
242 748
1184 1686
1530 682
742 859
630 296
1202 1791
550 824
345 640
642 813
1148 370
1328 1267
1510 634
1643 1719
1706 896
596 1258
244 221
741 1037
1794 22
1324 1545
1910 507
529 1948
1678 1809
579 828
1381 271
1685 887
1020 1551
1782 1111
751 503
223 726
1509 1023
1805 391
1168 1990
410 338
1088 1560
1602 995
123 1822
1473 357
640 871
857 296
703 1647
1152 207
1253 979
205 2002
1420 784
1107 1027
1017 1866
1267 1744
1189 1678
1476 1394
523 860
61 1647
657 1109
1359 122
1233 1571
1500 610
1416 1622
1247 1029
471 133
407 1374
1051 1049
1123 203
143 71
1079 491
885 834
576 1283
752 1175
662 1002
960 572
970 1245
1575 1379
1777 28
1559 1673
1289 759
460 467
1666 1486
416 842
659 125
964 647
1884 279
952 1593
1560 1564
657 1699
1232 15
1613 908
1273 891
105 1620
884 486
692 1485
637 476
1109 416
430 229
683 195
1852 1759
1412 1013
420 935
1028 1125
507 1753
84 344
119 289
1686 721
435 234
1345 211
1172 250
613 291
454 219
1916 271
653 114
1023 242
520 399
671 390
1217 303
1549 1590
76 247
302 251
860 1666
1448 308
1273 169
1287 1098
1529 1277
1470 817
1200 1635
1716 443
746 349
1499 269
1316 1286
546 485
1377 117
557 1761
1411 705
422 1105
316 41
896 171
2 1828
688 1786
977 32
1558 1763
557 960
1474 1653
1518 1983
1201 1415
1755 1739
638 1740
1228 1042
423 1210
161 1577
1367 1711
1260 185
1395 497
565 749
57 733
507 76
882 1844
636 210
1779 977
1514 1363
1048 401
92 80
1459 1711
1299 1555
1458 1636
54 1113
621 139
1438 60
450 220
96 1767
1270 1704
1532 142
502 1995
454 1098
368 51
1042 1225
1141 792
191 718
1619 918
680 176
256 1911
1493 1880
183 1397
1462 703
1895 508
1702 646
1066 1605
1685 1676
801 1164
112 1334
1493 1780
1146 799
590 398
845 1300
1505 1717
1677 525
765 409
1586 1136
1662 441
1305 837
89 77
291 518
98 1286
1787 1060
1099 896
892 1533
643 173
95 1939
1403 1116
1258 1061
993 622
297 1322
1713 305
260 981
1826 938
79 1991
219 209
1926 366
71 1758
324 682
1920 1932
1738 1595
1900 940
145 412
296 1515
1883 464
1534 609
1186 1909
1703 1514
1359 1364
1007 1981
1798 178
1873 1943
194 1118
528 272
583 1418
539 318
366 576
1931 440
1779 110
555 1396
83 1695
432 982
440 569
314 1976
1433 1313
1430 517
237 1861
1751 1392
1377 1435
285 1432
1190 1569
390 721
1794 1385
268 785
1765 1437
1156 1022
130 1067
1836 716
959 1895
1405 503
1274 167
947 1188
1327 474
1207 560
1026 1639
1612 1194
1619 803
237 1695
1551 124
910 1194
1019 872
1366 961
1820 576
1845 1839
1465 1580
1797 634
1339 1101
1379 1083
665 1861
1109 1218
380 1517
1626 546
1500 638
764 167
933 390
1188 1582
1045 1777
544 562
5 1339
1666 1153
1779 291
139 1785
867 1261
1179 338
1538 669
936 1525
1238 1562
562 104
1606 1511
1603 536
755 1969
1326 790
1005 1403
1423 885
1080 1217
1900 50
1620 251
1394 1026
1214 1537
1848 947
870 64
1455 975
190 1536
638 1686
335 1074
1271 1457
587 830
727 407
267 412
727 1914
1653 1027
216 1322
1147 297
1832 641
676 1178
62 1222
159 439
958 320
802 1937
1750 1720
1926 533
200 311
1721 553
1245 974
1826 1296
50 435
1494 815
1934 960
65 757
1404 255
763 312
15 1160
1459 1458
170 247
1887 1574
668 325
843 1413
1033 6
1076 1288
923 486
946 1420
1264 1001
1530 1522
127 1382
127 963
1762 1534
1638 1205
428 1938
764 1759
1105 1483
1784 1991
911 1304
677 1980
167 1702
845 214
469 1669
677 43
708 154
1582 1279
270 1041
1507 628
1817 1979
1032 283
329 1973
831 334
1510 1168
961 1149
410 1434
1858 222
1551 498
260 171
1316 848
1131 299
441 1693
1595 30
675 1513
653 349
497 297
1128 1689
1521 1939
442 205
23 1598
1829 1695
779 286
814 819
1700 1207
26 1682
1872 938
78 679
1038 1773
1158 1742
440 721
409 376
582 340
1331 1130
1881 1284
1656 349
524 1190
1548 379
718 374
13 934
1099 56
1195 825
1568 1812
402 556
1052 1795
793 1887
1650 925
681 1922
215 342
391 279
609 1281
1457 704
179 1298
740 1834
265 1420
1622 1900
9 685
1114 1399
122 1556
455 504
282 794
618 1403
1118 1311
174 324
528 735
164 543
1183 621
88 1450
1267 1132
824 33
76 1233
1011 813
1073 1140
981 1766
1742 888
215 929
883 49
378 771
917 206
1344 744
1039 869
2 1751
307 1726
1119 948
1667 896
390 1048
338 689
1480 339
1475 1885
141 909
457 1979
923 1264
728 1971
25 1733
1929 1423
1332 367
1117 1321
1295 1001
1248 1261
1609 267
1802 1752
1475 157
767 1865
673 1841
263 1830
1123 1337
312 1773
1386 286
498 1960
373 100
1538 159
1449 185
198 709
1310 1161
988 1659
1306 427
1883 1295
416 644
1220 1084
369 456
812 374
549 691
1602 1340
1681 1639
1097 1998
1477 529
827 1488
1674 24
1419 187
1400 1195
814 110
1850 1299
461 256
827 1679
1625 536
716 1277
1677 122
1517 776
1637 1908
781 1522
1534 577
122 1381
1920 1120
1863 501
790 1363
136 1618
591 1233
1843 1871
1178 1980
659 1284
841 1150
1805 1895
1266 1774
742 343
1068 1896
1086 860
1269 1821
1377 698
1652 857
681 601
913 170
1480 1405
1523 846
678 1162
1260 30
483 2000
1784 1212
1284 1238
1892 163
1227 1577
1109 1556
1361 1260
1852 84
1683 332
1437 474
1197 472
1284 78
602 407
492 1510
1686 109
769 635
1084 158
1195 785
1365 1883
549 1245
1285 273
779 1960
275 55
609 1307
963 1576
1267 1050
410 148
1547 1594
230 2003
1226 919
1695 1279
247 1305
1135 357
885 1926
1303 323
993 1546
1907 934
1181 303
547 1968
1357 1355
1027 127
1924 86
1310 108
114 226
438 1440
965 1291
379 1861
607 251
485 574
829 412
1904 1885
144 1320
1198 1552
1301 1506
322 1280
696 596
1818 929
234 301
1079 1384
1299 1692
1237 1950
1115 1084
1382 837
349 1474
1204 456
46 1734
1253 424
1645 1666
521 1537
1684 145
1932 910
1627 579
53 1106
1587 869
1860 1300
845 1310
462 866
463 1916
833 1747
1838 1389
237 1233
1207 669

Point Cloud 1369:
53 942
97 894
248 815
303 742
523 1902
511 1956
1530 779
1698 1446
1752 1455
1706 1457
1760 1366
1729 1410
1728 1475
1706 1468
1702 1448
1672 1464
1672 1500
1603 1539
1775 1523
1841 1512
1881 357

Point Cloud 1370:
30 897
114 894
224 839
320 721
536 1967
518 1937
594 1844
667 1945
1073 768
1456 761
1639 1395
1737 1437
1635 1522
1770 1349
1661 1439
1642 1506
1618 1416
1691 1368
1750 1433
1757 1335
1603 1557
1777 1468
1823 1519
1833 1438
1892 200

Point Cloud 1371:
45 926
144 902
235 814
319 748
514 1935
555 1920
631 1966
668 1941
1068 771
1305 621
1641 1373
1739 1378
1641 1425
1723 1332
1766 1341
1656 1417
1791 1402
1704 1363
1779 1435
1642 1380
1688 1402
1782 1429
1646 1473
1585 1562
1792 206

Point Cloud 1372:
44 933
76 889
203 860
284 764
516 1973
633 1924
689 1910
1139 784
1337 620
1604 149
1624 1410
1764 1318
1784 1381
1729 1374
1621 1530
1603 1561
1620 1521
1782 1376
1750 1419
1588 1356
1655 1427
1672 1438
1770 1547
1873 1496

Point Cloud 1373:
32 910
87 880
204 830
320 721
575 1911
502 1934
1121 780
1389 281
1510 637
1572 1528
1681 1451
1674 1426
1806 1516
1771 1337
1728 1486
1775 1519
1785 1303
1715 1468
1742 1439
1684 1466
1654 1557
1863 1508

Point Cloud 1374:
68 1190
34 918
115 882
204 842
285 740
534 1923
558 1892
1048 835
1351 529
1604 1558
1648 1433
1769 1335
1696 1366
1715 1436
1713 1384
1695 1418
1628 1417
1622 1529
1584 1382
1649 1549
1752 1419
1629 1374
1611 667
1848 1505

Point Cloud 1375:
20 1057
42 892
107 881
177 1178
234 803
315 729
526 1970
1122 843
1412 819
1617 1429
1604 1407
1739 1469
1665 1352
1650 1405
1802 1510
1796 1317
1771 1495
1756 1438
1611 1459
1750 1427
1635 1630
1685 1542
1817 703

Point Cloud 1376:
13 1011
53 896
93 878
258 796
264 1245
301 762
504 1980
515 1929
1268 805
1637 1415
1715 1424
1676 1371
1618 1402
1756 1546
1762 1364
1610 1388
1786 1531
1610 1400
1672 1418
1649 1131
1659 1638
1686 1552
1843 700
1833 1467

Point Cloud 1377:
40 1364
52 891
114 887
244 809
310 735
498 1946
1215 788
1776 1427
1649 1460
1762 1368
1761 1334
1783 1389
1728 1469
1723 1431
1736 1347
1679 1574
1751 1344
1725 1587
1709 1239
1751 1542
1829 1492
1879 707

Point Cloud 1378:
52 1313
42 897
120 918
221 848
296 780
382 1287
503 1968
544 1950
626 1919
1127 874
1713 1476
1797 1313
1674 1362
1742 1462
1697 1377
1751 1409
1652 1463
1610 1374
1712 1473
1763 1513
1738 1304
1680 1403
1708 1610
1841 1497
1841 703

Point Cloud 1379:
45 1310
48 901
138 920
260 791
298 773
367 1302
507 2011
454 1970
636 1967
1077 893
1669 1432
1734 1421
1724 1362
1741 1495
1765 1441
1715 1320
1747 1481
1753 1419
1692 1374
1658 1381
1735 1429
1557 1337
1740 1592
1824 1494
1829 707

Point Cloud 1380:
39 803
45 923
121 886
208 854
312 752
387 1369
528 1998
532 2010
585 1839
718 2011
586 1889
930 999
1580 1359
1681 1417
1596 1359
1664 1394
1698 1429
1753 1362
1758 1284
1783 1488
1568 1337
1711 1437
1766 1415
1793 1492
1747 1312
1634 1419
1724 1597
1842 694

Point Cloud 1381:
54 886
132 900
118 832
220 818
290 781
512 1907
519 1363
618 1990
741 1078
1563 1330
1686 1405
1732 1376
1814 1516
1771 1277
1711 1455
1592 1363
1804 1292
1627 1393
1774 1436
1758 1317
1770 1437
1634 1419
1770 1422
1847 716

Point Cloud 1382:
60 934
92 841
164 841
228 838
310 753
475 1962
517 1323
565 1229
1725 1321
1659 1408
1588 1356
1774 1427
1716 1353
1691 1408
1747 1419
1650 1421
1661 1391
1694 1405
1765 1537
1831 1493
1823 712

Point Cloud 1383:
61 903
80 895
144 838
162 820
300 742
467 1987
510 1341
569 1213
1791 1308
1804 1315
1659 1395
1667 1406
1737 1341
1814 1308
1798 1324
1774 1402
1638 1442
1739 1542
1838 1491
1842 1282
1871 690

Point Cloud 1384:
85 898
102 911
179 850
190 852
299 780
289 1827
473 1967
531 1928
520 1344
1850 1471
1592 1407
1734 1358
1743 1409
1722 1339
1605 1443
1716 1342
1622 1448
1599 1364
1640 1417
1777 1476
1747 1300
1848 1468
1823 741
1845 1275

Point Cloud 1385:
38 1508
21 241
1630 245
1033 662
121 491
957 1754
1039 466
1292 217
1609 1789
356 356
1745 1241
600 1302
422 1220
344 246
541 222
1249 309
1751 552
177 1792
1435 1281
1810 949
1317 1796
343 277
990 1667
1541 1799
1410 129
1527 1802
380 1168
137 643
284 966
653 1622
512 676
350 1158
1678 307
612 1966
1176 418
1623 978
1495 1571
1642 1667
1885 295
459 1496
405 1160
1600 1879
1184 113
1517 767
176 1985
760 1531
907 1521
687 1872
109 17
829 1749
802 1143
1546 700
114 1383
1104 1718
1040 424
1067 92
209 149
1308 1638
1003 461
1838 2016
1909 1335
508 1058
1913 641
954 255
879 1429
421 344
1480 599
522 321
1085 152
941 1232
1695 241
215 1914
722 834
1717 1787
1637 467
1441 1566
672 1182
66 1510
137 191
1025 1745
439 310
1081 693
400 1951
303 673
641 234
1600 590
1708 38
613 1506
216 1655
1771 1510
1452 586
548 714
602 93
1053 125
634 932
1239 1224
1253 12
482 1222
1486 1790
1916 563
578 1514
1688 554
116 1408
943 652
1907 414
255 830
114 776
533 712
1793 1768
903 1608
334 621
820 1088
784 166
941 1003
1092 286
243 1591
771 631
709 980
558 420
1090 1211
1249 564
396 1062
1667 1000
1174 1949
1224 277
1439 504
1927 1548
345 1642
398 31
985 1711
1168 323
470 52
727 311
982 1493
1039 573
1040 1343
417 51
1885 934
1507 520
1695 1047
1253 1750
62 648
440 1322
278 1566
966 145
1407 1884
613 1303
645 323
1120 613
1653 387
569 1596
806 1762
1493 724
422 1023
350 1736
895 695
1734 1145
1822 391
594 1980
1811 835
82 113
197 1017
1009 1348
721 1524
440 147
1589 1987
810 1520
427 1834
750 1397
999 1701
751 755
1681 570
340 110
771 57
1177 1279
467 1076
1585 193
408 398
813 469
946 460
1215 1120
1786 1393
1782 108
1678 86
351 344
1271 773
971 1233
414 1522
1281 560
224 1934
1679 1995
1040 158
1893 1037
290 1583
1704 412
1293 1321
1909 168
1223 1825
214 477
1036 1067
845 1740
1622 1552
1195 1991
1854 816
75 1697
818 2016
284 1590
616 1673
776 581
1289 1436
146 1480
425 1712
193 106
1494 615
317 1198
892 148
1596 505
651 1261
531 1981
352 1986
1226 850
1267 1439
1613 1295
1773 482
1081 1519
220 1346
1111 961
1483 327
357 467
729 475
731 1509
221 67
363 1155
1910 1075
1255 1997
1900 424
461 1714
802 360
1098 1024
1371 935
1934 1477
957 1766
287 1415
135 1757
1162 962
900 754
1565 323
1720 1048
1235 332
1845 1800
888 1636
1754 1462
1669 1071
128 72
1767 266
443 852
281 628
946 445
1713 2004
1707 1669
1139 60
679 648
777 1709
1107 1253
1698 1616
496 572
380 1077
287 513
1788 687
1804 1501
1145 214
676 479
374 1213
1201 2000
924 1665
1506 1461
833 1937
11 732
471 967
213 1290
138 1404
1760 976
942 618
990 1819
506 288
537 1233
1172 1570
875 1097
1817 1749
190 907
305 652
1244 1211
715 118
458 90
163 1422
646 1310
1134 359
1245 1812
45 362
439 1412
738 1082
1535 159
1709 550
1425 836
376 832
1283 808
1409 1469
133 1275
1706 1772
484 1540
70 836
141 338
1263 715
748 723
512 1161
1053 148
880 511
346 1402
445 1918
1494 1934
415 1580
270 233
249 1096
356 1443
1375 1491
1782 469
538 1126
862 1278
715 679
1142 1753
1581 1731
861 1107
996 1425
592 292
869 814
465 643
1736 1792
1339 291
1041 507
1123 549
669 732
164 1412
1794 1465
805 857
1761 1831
858 1975
260 1093
156 886
1843 1350
1182 79
1420 893
1152 1450
1176 894
1347 989
335 70
407 1625
1686 1235
1149 635
299 1371
1858 375
1044 150
568 1299
1517 1221
1548 1484
1463 1691
686 760
865 24
165 766
898 1596
1776 1201
677 1917
963 1278
1571 697
162 307
1196 341
144 529
1402 1677
854 1717
1512 629
311 1772
363 1671
477 1138
246 1267
1323 1705
25 1232
1907 413
461 757
1632 1789
891 369
112 634
405 620
1852 1529
1223 1096
685 1421
1208 1208
712 6
1098 1156
1806 231
1451 308
496 60
1565 1348
9 1259
622 1946
801 1003
1229 458
191 901
1444 1826
36 926
665 144
345 1357
382 1125
1513 1094
1384 917
783 1277
1190 986
737 1591
843 946
1542 643
364 1251
551 1459
171 1700
651 1407
810 1342
1025 1666
391 893
960 1498
1191 1966
1616 956
382 215
1186 10
1000 1199
559 19
1889 1782
508 489
166 1641
538 1626
1669 2
705 1861
5 628
1557 621
1870 1444
586 1153
1424 1725
173 1580
1537 381
1101 597
554 1799
1532 517
1731 1794
1757 709
435 1994
527 84
1431 619
650 1110
17 1950
815 625
575 351
253 187
1122 96
1084 1099
1346 1226
1924 1246
137 1689
544 1808
739 1357
229 1026
1492 1690
672 1265
1917 1805
365 1224
1490 860
434 1736
251 1277
1450 322
1140 946
1445 170
1682 1977
1103 811
1082 489
1395 913
572 1880
18 804
1527 821
171 1558
978 1730
1805 939
1042 722
975 1701
1742 1169
276 1158
1469 677
1858 229
1415 203
1042 121
972 762
1052 228
1435 32
13 183
1335 1437
808 836
1358 1756
957 817
866 976
736 371
303 864
1472 540
1907 929
1845 254
1213 191
1434 1833
1508 1318
728 1398
306 1898
1670 227
1859 1462
604 437
639 744
740 1195
1155 1005
545 1543
898 800
578 186
1127 737
405 1623
728 2014
1534 191
170 1983
1006 33
1016 929
362 893
542 1044
1197 797
1607 374
1539 1752
1236 221
1411 727
452 801
80 1560
1628 742
115 943
1905 687
1110 1337
579 565
884 16
689 747
1269 1143
86 397
380 2
637 1993
699 1725
1612 1522
382 1216
1598 1241
141 1732
1577 146
663 797
74 1486
1370 1
1773 132
1445 1300
1596 1621
331 1855
870 1051
464 296
1173 906
727 808
357 891
1148 1454
566 591
1680 1723
1012 380
332 929
966 1819
1889 440
538 1955
1360 207
554 442
1569 1435
1890 1814
1894 873
131 590
194 1084
115 533
1178 425
52 598
1348 965
827 870
209 302
10 682
614 1382
315 999
339 1487
1531 1510
648 1873
882 214
600 1007
366 1908
1804 1825
685 4
1766 1676
741 769
1872 386
1186 597
1408 1734
912 1476
1889 1541
219 1622
1672 1453
1520 1109
1894 478
1263 1824
85 1470
1187 771
1346 134
788 1514
837 1064
1161 888
1506 896
1288 2008
1353 705
948 1937
14 1735
776 164
762 1313
765 727
980 1551
1071 1074
535 280
100 343
222 1558
61 1460
537 30
263 675
1279 1037
1501 1527
1304 1894
891 430
1411 894
1237 1678
260 1361
1396 1589
654 940
1235 632
801 1880
742 1935
1516 967
1334 752
82 1605
1545 908
1237 886
1613 1528
122 153
708 1934
1032 437
796 23
39 273
1806 1775
655 1348
1249 443
1726 1180
1055 651
1290 1246
1167 132
347 788
1227 928
1675 1298
1285 822
1101 2004
764 960
1732 1717
1482 1893
1760 1613
1534 1456
570 706
1301 553
1814 308
692 812
838 494
185 1447
722 970
950 1834
995 873
679 1848
812 1074
284 1420
1312 1374
1345 1178
1825 291
761 1205
1068 1562
910 586
1310 1361
726 435
1261 580
444 1436
877 77
378 612
206 251
1653 1368
1388 1763
673 1179
1680 1357
4 1295
438 1208
1425 62
117 1658
596 1246
1093 48
1316 1483
1787 1582
1289 1765
944 53
1140 1450
1370 276
1247 294
162 125
84 940
1873 2007
1624 1487
30 1573
647 821
206 1350
1254 320
1737 1065
567 470
165 1792
789 1440
444 121
1340 1577
986 458
1509 747
76 1452
1774 305
790 1002
685 1773
1639 375
121 1730
1279 481
1683 748
661 668
793 618
1803 957
459 1027
196 745
1018 1389
939 1593
1467 1878
334 1125
1246 872
1865 1056
650 993
418 1966
79 748
353 1395
445 1333
138 1918
86 1456
295 1545
740 1207
1024 39
1890 683
1784 749
838 845
1572 578
514 1952
1440 31
612 1520
412 176
966 278
1603 27
960 304
1485 462
617 774
1186 1914
879 1720
982 375
95 400
475 219
939 1651
1542 739
735 1026
1276 677
280 906
994 646
67 1618
797 289
1294 1931
999 1021
1422 549
416 894
667 1473
904 316
1499 1936
270 888
427 931
1279 1460
580 947
1387 1076
942 1103
92 217
65 593
659 528
463 1209
1125 1191
1778 120
138 678
35 1647
1092 12
613 1900
220 915
579 427
1189 1654
1194 813
727 1660
323 1518
1697 1095
15 512
1165 1927
346 144
1260 751
989 475
1130 892
569 1325
1089 1975
836 751
510 1991
15 1849
180 1133
1629 834
1114 1869
1399 1114
947 842
261 1340
844 1491
44 1230
1592 698
1252 8
241 1217
1137 1524
1549 982
1156 1296
1155 1311
1390 1063
15 1778
1087 1331
668 560
1809 1661
23 512
510 777
539 1236
1434 9
468 909
466 1966
1274 1384
1618 1136
629 1004
566 1238
1722 240
53 452
1292 974
1804 1173
1162 924
1664 1609
600 1914
129 959
1490 1496
1433 644
1692 1175
1002 1447
858 230
1279 468
1720 2002
1654 18
963 69
607 1658
870 433
446 83
967 1550
1246 242
1387 1197
1258 35
1242 388
1895 1594
1863 186
991 700
1035 1443
510 1153
1058 565
1652 448
1819 449
930 766
1896 728
979 1821
538 1004
1566 1114
349 1833
23 1210
1482 592
48 1433
1298 737
1142 1555
1437 2018
910 390
84 676
520 710
1638 379
697 1002
1560 919
1056 2012
1839 161
1729 43
840 1570
1731 247
736 1036
1841 1320
949 1695
630 1676
1870 772
72 1350
369 1056
1599 481
914 1700
188 36
4 471
1850 434
1442 794
194 395
1553 1780
962 283
1299 260
903 650
1558 1363
1627 1360
1564 1601
1253 688
315 414
374 1968
834 886
761 1139
695 486
1131 513
261 1597
3 1538
68 1768
1243 1054
412 1932
1397 936
1443 1631
195 364
1191 1208
655 1764
1532 756
1705 322
485 1145
1277 793
389 1944
1401 1926
1088 814
18 1923
1344 1279
116 605
1789 406
576 587
533 68
897 122
940 1628
1809 109
243 428
171 1582
1844 1448
1060 312
1069 1380
1550 1486
267 1887
420 739
1186 1427
1442 1883
1446 1150
1932 1254
1685 1736
905 1461
928 1983
442 1533
375 901
1426 1766
1551 1761
907 153
200 1275
479 1599
1733 1101
1859 226
203 300
1855 672
564 1311
1525 485
1653 1180
1037 766
1184 1100
1175 346
801 1963
1514 1774
1162 18
494 52
1363 1161
373 1837
1522 1291
210 159
189 1435
1200 1486
1016 1906
1577 1055
249 398
1396 1970
279 1587
1324 324
1041 199
1379 421
1149 1236
76 1586
1428 505
1200 15
730 1146
1462 532
359 1901
1522 11
1361 467
1163 726
615 1464
449 486
643 517
450 1661
41 895
1165 586
567 1221
1785 1289
1433 1657
774 895
1302 288
398 299
1240 873
741 1311
1289 1309
763 196
1478 265
1225 1479
1662 1201
1116 748
539 1998
1455 1663
846 784
425 1011
973 1992
344 426
81 669
478 1506
442 1907
1279 1617
944 269
976 1917
378 520
1124 496
920 228
106 1991
723 76
1207 1244
525 1077
493 189
1427 80
358 360
1842 1959
412 426
1894 548
542 1333
1289 1233
1087 1022
484 468
1033 246
698 1678
617 570
1504 1595
1655 1488
1306 575
817 919
1482 1303
1348 1485
967 1968
420 1250
148 333
1011 1074
1223 227
284 1197
1125 522
292 1286
1055 1084
538 1585
365 1469
252 694
1879 918
1309 50
450 1104
470 656
245 19
1397 342
1396 356
413 1553
1743 473
1132 1345
972 1334
1654 454
532 1487
1023 868
476 1216
658 517
1275 547
525 1075
1881 1600
1554 662
1021 1163
710 1959
50 1384
1915 75
417 668
1896 1620
994 1644
1372 45
1221 622
1324 1090
1414 1667
669 781
557 1570
153 1451
1792 514
661 2010
1634 1351
1863 947
915 1236
537 153
1539 1785
447 1953
1864 1171
557 627
1830 1234
2 6
614 1397
270 1027
1204 1764
1344 455
149 1131
1073 1230
1123 1010
1898 1210
1092 1521
415 804
1169 1798
1840 1293
1276 828
930 1681
1420 147
996 1103
653 999
131 1502
396 766
493 495
1760 1009
1109 142
150 1675
824 151
1175 630
802 1422
575 923
1934 579
1306 2001
1256 441
707 1665
22 353
653 1040
1076 41
3 1510
1845 1784
958 562
1788 1850
955 1725
1865 1166
1673 799
1640 1341
892 987
1301 689
183 1893
873 455
1811 357
1696 1156
892 1760
1737 1739
1639 270
910 1463
301 1373
1365 324
1077 1355
1574 1841
1258 1313
1269 478
256 43
1459 1680
45 973
135 385
605 472
1546 1122
75 1537
554 1182
1559 1985
900 1610
634 304
304 1538
495 476
1779 1892
1455 1998
279 1745
1667 1355
777 158
1433 675
1020 344
501 1754
162 616
22 431
1185 782
1013 1962
163 1408
1504 469
187 179
878 573
489 10
244 1665
263 1730
1341 1401
1916 1612
1510 105
507 349
1235 1546
951 454
1308 172
1116 821
1058 1774
1121 1534
150 133
898 706
129 1634
1730 1039
1205 1442
154 30
1673 1267
616 667
1186 1402
1368 185
964 647
385 1630
1404 568
984 698
802 1058
293 1727
1623 783
11 1408
8 384
1231 746
486 135
932 381
483 744
1417 1856
217 669
951 1983
982 791
631 1387
1893 1444
1888 803
145 1210
754 97
1803 688
1604 378
203 68
1733 738
248 1757
716 1371
148 982
717 1965
855 1675
1923 43
709 590
1889 424
247 1670
510 1388
199 1266
1381 635
1282 438
1530 1091
38 599
1293 1693
175 750
1562 1374
222 1974
1627 1360
86 1016
1705 1129
531 1728
1154 1651
1798 1220
607 475
787 388
72 1998
83 1547
1008 1833
638 745
1717 224
1374 112
394 1139
817 303
89 1966
389 223
930 1500
222 1057
852 416
1116 708
1478 1172
755 1328
38 1865
625 1500
620 1925
1362 1876
1229 267
1632 306
1088 601
857 290
1587 704
1890 1688
1539 1718
1927 777
1780 1708
421 130
1924 764
1311 1854
444 236
1523 171
1421 1523
1723 880
1648 1362
466 194
483 832
893 280
1706 1362

Point Cloud 1386:
40 875
74 844
137 818
206 848
303 744
520 1324
1586 1364
1673 1387
1852 1496
1824 1478
1758 1550
1588 1340
1689 1467
1688 1406
1685 1466
1791 1458
1848 718
1885 1352

Point Cloud 1387:
1407 1246
208 1558
1505 1098
454 1011
351 1552
977 1001
285 663
1389 1287
1785 1984
83 1837
1632 1126
504 111
1412 1998
1841 612
1268 1055
1334 717
1409 1354
707 1651
332 1814
507 92
202 289
157 1185
110 690
1276 817
1478 1540
238 1376
130 1086
1578 1747
1893 1090
645 1973
1823 1974
261 1563
739 1297
1811 1370
833 1868
1539 1690
1485 305
1016 520
1818 560
1809 637
1322 796
313 1758
1812 207
1649 900
1654 624
1365 323
682 1751
893 1889
99 601
398 1509
1831 869
849 743
1854 633
1766 1847
1306 1737
1598 1884
818 1110
1319 1209
1185 717
1138 980
114 1228
1045 250
670 511
240 174
1394 2010
640 1009
1024 1331
1549 246
707 171
285 245
243 563
345 1747
1391 479
586 1435
60 1281
86 1615
309 2
547 1950
21 1768
348 1524
862 851
111 1151
997 274
124 1237
389 117
1754 1508
1421 574
451 969
14 1426
814 1567
726 1155
777 1548
1079 55
1496 23
137 1272
620 1233
156 1578
645 1183
537 178
488 574
816 1123
1854 883
118 935
1791 175
404 195
821 1924
676 1341
1924 144
149 1197
1437 1837
1159 61
377 757
1262 138
307 1651
802 1025
817 665
810 559
1562 302
113 1133
1586 1698
680 115
1640 1968
1328 1588
90 1128
1615 1076
1689 1220
1356 701
211 1500
1824 1072
1083 695
1300 1024
1027 68
1088 807
1759 413
563 1964
1128 1738
796 301
1548 939
210 1875
820 1278
149 1718
1241 81
26 1908
1600 1843
293 830
399 962
1771 601
807 604
494 1001
1018 1986
1619 0
1451 1373
950 886
926 1435
372 1984
1783 1503
1324 555
391 41
1104 719
1563 308
1007 1213
172 0
1795 1686
313 373
660 391
319 645
1143 440
713 921
1308 826
1509 587
47 673
266 37
173 273
640 1754
711 423
517 1310
114 335
1550 1832
1065 1933
456 1074
1789 408
1609 1347
549 486
195 944
208 1496
691 886
1573 193
1585 99
1591 966
1439 1297
1820 1986
679 1712
1727 340
1542 252
516 623
493 1614
421 1581
1700 1676
1420 1431
1765 952
225 1305
1300 920
775 484
541 37
841 950
1510 142
907 747
379 1122
1448 1559
1419 1857
965 1204
1696 2007
1537 1735
743 28
1331 102
175 1303
173 1703
60 1338
81 1396
625 1729
1233 1213
123 1833
584 1295
156 743
948 665
1211 1713
1305 728
461 378
1038 64
355 71
657 132
14 115
1731 1379
90 1310
801 1430
526 1990
358 1422
1382 759
281 1582
1245 1098
714 1991
730 1454
1486 1003
1465 244
1693 992
24 1474
253 1933
833 1067
1837 1658
491 112
48 1568
66 1592
549 189
520 1887
1699 443
1436 20
1199 64
1462 1912
258 1232
193 1075
814 609
280 1947
1431 629
1593 1116
347 211
852 873
758 1206
1221 503
1236 2016
1884 346
479 362
755 1485
1207 1197
119 1699
324 333
373 1316
962 210
1098 1051
354 1401
493 572
1095 1374
1208 840
1833 1950
1669 1780
1691 996
1494 316
662 641
1255 1945
800 1904
588 477
1442 1106
1159 805
376 1085
444 1212
9 206
41 372
1636 1831
101 1414
984 651
1760 147
1529 1900
415 1841
1843 1942
890 312
300 1347
1474 1261
935 88
112 725
841 1404
1388 1760
880 317
1116 597
502 68
299 1617
1443 961
1162 359
411 1575
646 870
106 1680
889 921
1695 1538
1178 396
1037 1729
809 1829
1899 860
475 314
341 530
849 1736
1375 1821
55 837
1741 388
1886 34
1076 168
842 1481
48 1604
1094 947
590 1589
519 1683
38 629
0 1284
571 1506
914 1224
981 1623
134 355
665 1479
1178 734
497 7
316 968
1929 1563
490 578
351 1317
1902 958
42 1653
131 1882
1041 1200
1725 1521
1599 775
96 193
822 1409
764 1201
1190 236
1773 584
965 777
1401 1374
475 338
1054 1799
1616 103
1369 1329
256 1116
1622 1492
429 1574
151 364
484 14
1778 1948
328 1832
1848 529
1908 527
860 1097
314 73
32 1037
1795 1849
1037 173
454 580
1033 1336
14 111
1502 1567
787 1606
1488 272
750 1314
697 297
1030 1501
1841 1407
323 450
620 373
1609 123
1830 258
994 132
664 1858
1642 1264
521 1422
1514 1952
317 284
219 752
451 88
504 1512
477 659
1630 436
1045 1940
1052 1876
598 1987
124 537
581 1232
1594 658
1546 129
1032 636
314 1653
1542 489
1786 1229
1134 1408
1475 1984
653 1099
760 46
614 544
1005 1545
1346 602
50 1234
1088 354
307 1375
1486 1106
908 835
1061 521
1283 1645
175 1430
878 283
72 13
1541 1426
352 905
891 1112
1753 1582
165 1916
1374 505
1571 231
1015 957
215 801
191 807
142 794
1022 608
1057 829
771 531
1710 939
1918 41
276 242
92 300
742 717
344 740
1155 410
757 903
724 1363
1711 529
1744 1920
1530 1916
1090 937
213 604
0 666
300 446
864 554
1128 657
1336 127
736 878
546 1541
142 1735
1554 1655
133 1768
526 1535
83 831
245 54
1541 743
380 14
1692 1552
869 1339
565 1625
478 1526
1587 1574
1485 1560
1239 1728
1325 1849
1222 724
335 1681
1577 754
583 401
943 126
1625 344
777 680
952 1777
313 1996
178 1897
1109 1152
185 229
255 186
1100 1180
1808 857
771 213
909 1620
990 1387
4 844
255 53
1264 1247
637 1727
174 1288
31 674
981 1652
134 162
932 149
1034 2006
859 1126
901 901
11 1619
745 737
1607 979
1222 1656
1216 1956
322 1309
77 685
989 335
482 1226
832 1362
412 1549
1018 1364
1620 1675
1228 1946
1052 448
1062 452
1009 1661
155 1980
152 1323
80 1105
995 1352
436 614
71 888
721 2014
901 902
789 1477
1581 579
1464 1092
521 1796
1366 1133
1592 752
46 1375
1279 1336
931 1270
762 822
567 523
1183 1808
1630 55
1048 1844
1547 1769
604 498
1027 1825
1042 1544
688 1909
1701 462
617 1568
905 1190
1739 151
564 450
1030 777
487 10
494 119
518 1239
1020 1390
1571 1980
55 233
187 1886
1550 817
323 887
1514 741
1876 936
1150 848
1199 1982
449 1468
1698 159
1834 1518
1678 511
96 1050
1685 1498
1919 1482
158 691
784 239
413 1296
304 1929
80 1895
1838 817
1571 1596
1076 1306
405 890
1345 344
904 1242
648 332
1178 1165
326 1870
16 985
262 660
1755 1647
1848 1176
1786 1617
1826 572
199 1518
1916 1358
142 498
990 244
285 1830
177 1295
234 108
117 225
392 1476
260 2009
811 1731
169 163
681 77
1589 1996
923 1873
1203 142
1501 778
917 37
1433 1003
159 707
609 458
166 1402
1024 64
449 1157
766 1332
453 1567
1676 910
1687 51
1189 1905
174 1842
1304 865
1420 174
1313 1083
877 37
732 1324
1679 1641
327 635
40 1714
1539 663
1205 1817
759 937
1155 1764
193 1484
124 1097
694 1512
575 1904
1069 1066
79 909
927 321
248 1714
1716 1697
130 144
275 1845
600 225
356 1567
1466 1746
184 1728
829 774
1580 35
865 78
737 535
1292 585
903 1821
778 901
264 1801
652 1951
62 132
525 1989
314 1922
1290 1548
1923 820
362 1183
679 1675
1058 226
1806 1540
1526 787
290 931
1262 89
1303 1977
1210 937
136 1705
1864 1470
304 1809
745 128
852 1155
843 363
438 503
690 1725
1646 29
145 1535
651 1478
1454 1319
606 901
719 1327
1837 504
655 818
75 149
183 1289
955 1814
663 427
1828 187
245 128
444 1670
980 637
1538 1393
1056 1119
1186 112
1773 1793
475 1282
1290 698
1079 1056
1372 685
1380 276
296 1164
1932 459
1157 525
412 1982
14 296
1683 967
592 188
135 1108
1160 1060
1220 1726
1632 1386
618 455
742 1519
1037 1552
746 1173
895 1200
320 1027
1651 1142
1302 1623
1347 512
1902 859
1859 1119
715 1915
146 766
484 1999
1103 1727
1224 810
1145 1132
552 1378
90 1889
1126 340
567 82
694 1539
1097 1195
1351 1315
1571 387
1716 27
1 206
1367 216
919 643
1018 805
1775 80
1111 1867
441 1211
1334 1717
1079 543
468 304
371 1977
1661 1155
1868 1380
153 186
1404 0
220 778
1518 426
1568 889
449 1063
831 891
1070 276
418 413
1804 1346
351 219
655 590
883 987
122 208
1784 880
573 332
310 810
1671 783
1285 1639
1874 1888
637 1685
1466 1493
1314 1013
1272 1289
34 1937
826 1594
18 406
971 1150
1853 1138
714 2007
1867 844
1259 1337
1020 360
739 15
779 776
435 1241
1453 1008
131 1526
1395 1367
1487 1352
341 1501
1068 753
1396 344
1872 1411
235 1795
143 488
1240 1834
1930 1835
937 1624
1933 1617
1796 1511
182 109
46 455
1453 954
1370 1477
99 1328
1475 489
792 1547
1471 1894
134 1309
36 1490
1334 53
1216 123
893 254
1712 568
1402 1749
1659 1468
511 1808
295 413
752 1782
1065 1924
117 813
374 519
768 857
2 596
418 1809
539 1873
503 1443
16 1580
335 1570
1789 56
405 307
1847 1536
826 680
1645 887
1088 1460
415 287
667 1603
1676 239
1111 25
1681 504
1640 820
1285 664
611 737
194 1644
1263 1799
1390 524
130 774
1888 512
1114 333
414 1553
1439 1206
1531 2018
1298 428
1560 1778
1329 1023
1611 374
436 353
1220 1304
1342 1313
344 1178
1885 1591
658 881
1354 1100
1562 1140
602 393
1569 272
76 1332
903 269
1856 484
446 1496
500 234
1603 1673
1384 1420
665 958
1309 1223
1562 662
1162 803
591 1928
1419 1160
727 584
898 1456
1531 160
34 1968
77 1427
1267 796
1845 1367
1760 161
1686 779
881 1254
1542 177
1242 546
1836 180
13 99
719 1232
501 1039
732 1896
218 48
202 1855
938 1309
863 1168
698 1834
4 1727
233 567
779 50
1417 962
363 1670
287 288
1558 1408
986 1673
1817 1570
718 587
859 1628
174 850
1650 914
839 1505
783 1468
1017 655
1306 1020
1518 375
1808 1893
1481 601
1681 128
543 468
1888 1278
1882 1212
171 1549
967 1117
291 1280
244 630
1588 58
1608 941
1101 586
396 133
398 1688
1017 1182
1584 1224
350 257
699 264
1346 1956
958 1136
643 1694
1883 1384
933 408
1385 217
242 1646
653 1192
434 1351
1727 1895
849 1870
157 1782
497 1533
11 1208
597 1230
929 1497
884 1754
1089 1925
1293 1910
391 1711
101 1800
924 646
1724 207
919 1072
452 641
832 1591
142 655
861 897
1179 1536
1931 1737
1233 285
816 1611
34 1124
220 986
432 1822
1708 572
1727 830
255 107
1263 952
1090 1978
1896 972
2 1180
1464 94
133 1741
176 876
582 1431
1018 1220
1359 467
360 1748
1831 544
488 1042
1665 480
862 621
396 1879
621 187
72 870
440 648
258 1407
462 1436
580 1680
1530 949
1248 1329
1680 985
988 468
737 424
1602 1227
1579 402
1689 316
337 1041
826 1031
756 1859
121 1943
1191 1474
1508 676
1319 1215
1002 754
1164 348
1166 411
157 20
1392 1181
60 889
1712 1142
407 964
116 473
1090 870
1761 1334
1696 1417
1447 575
1871 1934
84 1573
109 377
727 839
1552 1335
1783 602
679 973
1015 324
547 903
482 408
1126 1608
1629 905
1911 1360
1537 1108
1923 1868
1629 1127
1771 375
1339 518
1711 1316
974 1682
666 1900
1035 837
468 1294
493 1036
639 231
955 1114
214 341
50 1975
624 285
1687 736
258 39
1012 1377
1900 404
291 1967
1658 563
1747 698
1907 442
505 691
362 516
784 1015
473 1277
223 849
852 1292
270 104
573 1930
813 1745
1105 1841
194 1483
1262 767
1540 1301
746 916
444 756
744 465
1455 407
114 1109
1448 215
391 147
1633 794
531 1660
65 227
1217 1223
1011 425
838 1490
950 1082
1333 1001
905 1372
554 304
64 56
1340 911
1632 1579
260 562
1728 801
1311 1531
1512 1895
910 1803
1557 397
1561 990
773 1278
1353 1461
1885 1573
1504 705
1727 1451
589 2017
619 1679
744 1287
1807 1699
1675 606
1418 1614
422 902
228 2016
603 1296
509 1979
1930 334
1059 789
1389 807
1068 477
1501 1600
1792 1534
111 1389
602 324
1039 440
1520 1701
1545 1782
1277 1729
529 103
1036 1879
1037 448
1006 1842
1563 468
198 1488
926 1257
1923 363
1683 554
40 29
12 59
653 69
1191 121
564 1839
1054 173
92 1620
750 499
1621 1681
1153 362
192 461
1770 1506
1035 350
28 830
409 1021
60 1671
1855 1139
1354 1701
1291 664
365 790
326 1066
1822 910
478 728
16 230
1073 78
547 1140
146 978
1365 1557
1414 1306
922 358
1809 779
1906 1251
98 1897
1604 1366
1835 1072
1399 1287
1165 649
1031 1307
907 1358
998 1630
1484 392
652 1005
1006 1716
543 73
44 342
1809 1967
755 676
529 133
1008 257
990 1593
1415 624
99 1896
1172 162
1427 1034
155 801
1426 206
1692 754
508 1528
1321 1758
1431 1370
1075 1559
806 1119
878 829
1421 603
286 1423
1473 1806
338 497
1666 441
1610 270
1814 1742
1568 1033
1558 754
1798 886
1328 1939
964 263
1762 882
1276 1008
65 1813
1106 1285
347 259
1027 2007
1882 1360
861 284
1084 1086
1207 1091
1623 38
1594 1733
613 1288
3 1695
1002 346
1484 1602
1055 1966
1727 466
1091 1267
456 169
1711 1077
123 1433
215 1854
1165 574
687 745
366 1442
137 234
1129 1892
433 126
1466 1488
851 74
1713 924
863 703
1554 1419
1105 275
1834 562
93 267
1355 1571
1728 1285
792 536
1841 694
1112 1806
1427 399
631 1252
1583 1648
75 1631
1469 237
1132 2003
1763 1727
1307 903
1773 1123
1796 1905
559 506
40 1458
128 1670
376 1322
19 128
75 715
234 1176
1191 858
965 1041
1733 1375
562 567
45 693
1465 816
1318 706
1538 1336
1029 647
575 147
1565 174
797 1960
598 1335
1621 1848
254 1280
1227 111
530 1535
1856 1937
1210 200
1455 96
827 973
496 586
1127 1870
289 216
1383 1446
972 1005
737 1387
1229 1337
1931 1205
1884 437
1249 1102
1767 1810
79 421
375 888
762 1316
604 1628
1755 1443
1422 1158
150 857
1658 416
1347 222
591 235
684 1654
297 740
1217 1982
728 1799
128 712
1484 1564
695 1733
722 1939
907 415
1478 43
325 1584
1173 490

Point Cloud 1388:
47 942
97 884
175 816
212 848
321 742
501 1352
550 1952
1612 1364
1679 1432
1633 1373
1750 1371
1682 1385
1665 1403
1667 1437
1751 1461
1744 1545
1811 1453
1810 1454
1817 1591
1848 725
1875 1327

Point Cloud 1389:
47 878
77 847
190 795
238 823
293 753
328 136
505 1934
532 1308
591 1926
1727 1408
1691 1400
1620 1394
1624 1411
1692 1356
1613 1464
1760 1452
1718 1412
1723 1454
1808 1574
1815 1550
1849 1492
1878 1495
1807 727
1849 1368

Point Cloud 1390:
40 885
104 903
203 784
258 810
296 735
461 1933
498 1351
539 1954
663 188
1595 1352
1715 1418
1620 1426
1701 1465
1815 1323
1681 1399
1790 1321
1693 1358
1696 1444
1817 1455
1781 1461
1817 1477
1835 1500
1830 706
1849 1373

Point Cloud 1391:
62 917
84 888
219 733
240 744
241 805
303 1949
487 1973
502 1334
532 1935
1122 238
1570 1340
1645 1413
1792 1536
1740 1422
1806 1535
1746 1471
1779 1321
1712 1349
1729 1360
1663 1398
1775 1437
1692 1450
1682 1439
1732 811
1848 1395

Point Cloud 1392:
64 908
95 862
252 821
296 740
325 743
499 1922
522 1907
539 1293
1459 225
1550 1340
1574 993
1735 1503
1805 1531
1827 1392
1832 1453
1709 1346
1648 1390
1749 1381
1751 1459
1806 1533
1837 1442
1702 1349
1698 1347
1764 1390
1657 1515

Point Cloud 1393:
1423 1530
1341 208
1249 1891
259 861
1664 887
1402 907
343 921
1502 1178
1234 1633
1713 1410
26 75
544 1151
1629 539
1488 2011
1677 295
1328 1789
1742 392
1655 1990
1166 665
537 1866
722 1323
160 1457
765 1234
769 851
785 1083
421 1250
1922 443
1769 799
1720 715
1178 1917
1341 1289
345 1050
1033 558
1683 748
1156 1901
632 1879
1629 94
422 80
120 372
1744 541
166 307
1616 344
300 1089
1222 1799
1706 417
1145 655
743 1564
1078 1173
1075 1784
972 365
934 1913
1865 416
60 1294
563 266
106 1928
126 1694
1159 3
1600 205
52 1137
837 1996
915 756
52 690
494 1552
1614 656
444 1487
1523 1509
1597 2014
478 511
1474 1444
308 881
1253 783
652 1340
1466 41
1528 1134
550 604
805 668
621 393
45 2015
808 571
654 45
1798 386
517 296
368 675
1617 1215
1460 238
1768 859
1039 52
950 247
599 293
243 1860
571 1921
469 286
237 245
1164 601
46 780
429 1298
1516 1954
960 1914
1277 317
402 1614
1850 256
659 1625
872 1413
1851 1183
819 530
1488 2017
39 1794
1520 1905
1736 704
911 885
716 2011
706 861
1225 1209
1334 1680
1162 1338
1862 231
1275 1421
528 469
138 1363
1576 1272
699 75
313 364
807 1471
863 1373
1008 143
1215 760
1317 1826
599 110
1528 1623
610 634
977 1701
982 1391
389 1946
823 1798
454 368
1104 180
1512 1301
434 1417
351 1041
429 272
565 640
455 885
943 2
1885 1561
5 1908
659 1679
1357 1767
510 1992
1792 1748
273 1281
979 776
1136 75
1722 538
1182 199
144 588
64 210
429 863
672 1423
994 1316
307 576
185 473
1697 886
1006 136
1246 958
1755 879
1012 1845
803 135
1465 1364
1457 1213
562 1308
230 563
144 1642
717 697
1499 1726
28 1329
953 569
216 1022
944 134
1413 1786
347 1688
625 185
942 998
652 1502
406 1839
569 1645
1683 1702
1888 1116
195 167
622 240
1089 1653
1168 853
1725 652
151 1759
445 1834
1479 609
215 319
1477 738
56 1238
1174 346
848 597
954 667
440 1471
1020 272
488 220
1843 1349
775 299
943 2005
143 686
616 115
948 122
1613 891
1518 1453
1233 1422
953 2015
846 820
910 1263
909 1438
62 1932
1729 502
1880 1162
1762 468
1169 1923
638 266
1331 545
804 351
513 1701
133 1825
1133 551
843 120
1068 1734
1515 1255
1534 251
1027 990
1233 616
408 317
162 168
673 699
1332 37
638 779
1084 1598
734 1955
1561 604
84 650
353 1849
886 938
215 1362
1794 649
799 797
999 1250
966 842
188 1560
1225 1859
1904 1842
154 1174
1269 820
1314 689
782 61
9 1677
762 1547
1587 455
423 1934
728 1528
1669 734
913 440
1624 844
532 1485
1321 851
1085 1497
1681 1559
1556 388
1693 1880
1656 647
1707 1040
1311 543
26 455
81 1223
319 1958
813 1081
1752 1067
1654 1273
108 1593
508 214
1519 1549
256 1034
1881 1669
1806 1801
809 453
1726 1060
1015 1273
1920 55
1642 394
1481 1371
373 454
154 1226
593 1489
1054 349
1502 1409
44 916
1019 1218
1012 869
703 610
963 1310
368 671
1819 1782
1663 1271
631 1122
1384 1368
1443 1939
1812 1043
1416 1306
1607 413
1489 1746
524 1804
1550 1359
1576 1332
145 764
1222 1726
411 2017
1345 1095
1436 1221
452 1019
1370 751
397 194
390 1486
301 1815
1172 321
1169 1359
645 808
471 334
1791 877
1320 1262
801 511
1229 1775
1438 907
181 1565
1773 1916
758 1862
864 1678
1534 1904
175 533
1237 319
390 575
1546 671
1915 1632
721 491
245 819
1861 1541
396 736
1166 1885
499 42
204 108
976 1584
906 955
1848 1056
1238 1343
1743 134
760 382
5 1427
1570 1201
198 289
557 1568
455 650
306 1201
12 1687
1176 1047
1098 548
172 194
244 1636
617 1924
521 1791
1297 981
86 598
1634 924
162 733
1517 55
1928 417
1541 132
1100 179
782 1255
161 1201
1877 527
653 1942
615 1239
1043 1103
593 130
1147 1096
1458 1720
378 1834
174 244
66 1541
409 1953
1428 1017
18 1527
298 974
393 553
137 776
250 1511
1555 650
1086 280
301 1957
1035 1465
1437 1843
1473 1366
1240 25
338 571
1509 1878
1360 1315
964 1149
173 1859
600 437
1137 18
1905 1196
1129 1337
554 1051
1700 141
686 325
349 1024
1375 1217
935 1098
1237 1262
960 971
1306 348
77 62
1480 547
1314 638
1563 785
627 1919
1298 1325
1527 1242
952 140
233 820
554 1330
857 905
1329 13
1677 179
242 42
373 599
1676 1992
1025 1096
419 1295
256 1706
1619 2003
1777 1787
702 100
1287 883
414 1192
853 1153
456 1079
402 1086
816 1680
919 1565
1344 746
855 707
1198 1812
1829 1429
1065 498
138 681
514 1855
1543 46
998 1655
1289 13
212 1442
1335 233
1877 495
12 1614
1875 553
761 1831
1115 386
1768 1286
445 244
776 1047
1347 1201
792 613
1439 32
949 1509
1069 556
1867 1212
1127 1768
47 647
1711 91
1073 1116
85 643
1345 916
1318 1260
1079 1905
1845 860
1646 1015
1524 2010
1163 22
1892 460
1667 305
1426 747
1065 409
288 250
616 1514
550 1346
142 253
928 415
1761 202
1737 65
1650 1803
1674 719
1712 1480
1480 1358
1109 288
1874 774
66 1182
1423 1763
523 1184
1925 1812
726 638
962 1432
1618 106
1617 1551
1774 646
1463 1321
1658 1091
991 1753
170 820
1493 843
254 1059
1595 739
784 1162
356 1688
835 1824
913 396
609 497
61 822
1535 1006
600 149
1725 1775
1078 59
1037 86
43 1874
205 1874
226 844
848 962
340 1076
234 1453
835 926
671 118
885 540
1067 145
1514 1552
181 1502
734 4
1730 136
78 1156
734 1628
1310 1591
1528 1098
1581 1249
1271 342
1887 1327
592 1794
1492 1984
1352 1290
1535 562
1360 546
51 1549
362 969
343 812
369 1882
1208 37
795 36
1746 179
413 442
1471 765
813 1865
815 150
1209 69
170 567
479 1270
1556 1425
756 409
1648 1994
1497 756
1212 329
1337 905
745 1040
1151 1327
729 1289
212 1846
695 1867
70 1524
100 72
1133 1331
99 311
282 345
1313 461
554 1411
519 1967
439 314
1554 1709
432 496
553 1552
1878 399
928 751
167 674
1685 1774
192 1123
1522 2002
1571 42
467 896
1461 431
808 951
1697 603
1861 1392
445 313
1610 2011
1927 944
594 23
415 650
1631 852
1658 1055
1888 846
474 1824
262 1166
436 113
1901 86
76 997
1913 1509
389 892
1784 571
91 1106
1067 1087
263 81
589 1243
138 332
517 1967
943 1441
1876 1937
905 358
971 1020
1807 1199
1216 240
1698 1921
1333 1227
1017 78
253 1455
385 789
771 1399
810 961
1337 664
1800 840
1458 1833
1667 1269
1002 1718
73 89
734 1469
267 1634
773 1293
1857 306
1498 1286
1915 1852
481 1208
332 1702
613 1272
895 1687
351 1495
604 968
1276 121
1353 372
943 567
1648 1428
733 505
1505 1165
918 1730
1038 1006
197 1608
1745 1090
47 154
1392 551
486 406
461 353
295 797
36 1083
1046 319
813 275
1479 1677
474 355
1010 555
67 627
1437 685
1495 235
362 1310
961 37
239 1393
557 156
1908 864
1239 1509
972 90
234 1134
1510 829
1082 732
1575 767
464 1451
1885 1318
506 577
468 1354
1051 159
84 1527
865 1202
1927 768
81 812
494 1730
803 55
1680 910
2 81
1073 23
1478 1767
64 1817
350 2017
1478 1233
271 1597
1370 810
1050 422
1506 438
339 1463
922 1793
786 2010
168 784
1440 1293
1636 1163
1896 916
830 448
944 553
1056 1876
1599 444
106 295
131 134
838 763
1299 1906
413 1904
802 1923
660 1071
442 1395
1576 1762
1743 810
1293 811
1801 784
839 66
512 1682
1478 1537
1170 1899
1868 1030
1587 540
390 1235
870 1253
1609 732
248 1299
1153 1852
1079 1400
119 354
806 972
1686 1648
598 995
1845 686
1673 921
1722 1041
354 459
315 1185
1042 661
906 1406
1921 1928
1544 538
1900 1935
124 1634
16 292
713 159
1102 688
1668 1035
742 1973
679 1091
901 987
1367 1561
1317 1682
1718 688
1717 706
165 305
478 593
1238 555
1570 1952
419 1338
901 1700
972 1696
1548 898
1259 820
1021 1030
1348 114
1122 763
1076 597
338 668
857 565
1049 883
1030 809
925 1568
227 1599
1785 1883
1067 673
469 339
1527 47
1615 1932
412 526
531 1480
491 663
339 739
1826 1564
766 1837
868 1227
1742 921
800 1586
1638 1267
1131 1057
1285 514
702 723
44 1121
273 1540
1664 1355
1190 1118
284 1993
1835 1934
760 971
1551 907
515 940
824 47
483 1191
722 618
844 1125
1927 225
1624 1036
899 1433
347 758
224 52
124 1295
595 176
1391 844
1135 34
1708 247
451 267
1063 726
39 906
532 1737
1678 1211
1108 1572
1308 465
1013 1642
154 857
113 290
1469 426
465 1692
1658 1406
1906 253
1404 217
145 948
628 1901
1130 1793
1575 1454
645 584
1350 1242
746 1203
853 1986
1103 1463
244 136
1526 41
295 824
1770 1047
466 781
1227 1984
529 86
381 1819
704 1222
1930 997
1527 261
696 1590
1171 1647
1226 1357
542 1423
308 1617
249 1791
1806 1432
943 971
945 1018
815 674
663 1514
1183 1592
86 1732
637 1773
1227 1560
1670 2001
1413 1318
1342 1554
1271 771
362 1243
284 323
1234 635
707 503
1883 276
912 1611
1230 1819
52 767
1613 1056
1819 338
945 1586
820 1388
1407 873
361 1696
1297 1282
1080 85
628 1897
1171 834
1486 607
1668 470
1018 1544
960 909
33 63
950 1882
161 1690
872 602
649 1350
10 1860
1074 1600
793 1403
1231 1185
1304 1754
1900 214
697 709
436 1687
1467 221
299 1200
536 1881
523 160
820 893
1184 216
1129 1884
1060 408
88 1819
942 1710
955 285
1543 836
968 869
1090 1339
203 413
273 860
925 1390
424 1293
116 742
215 1292
48 709
812 469
490 102
771 1461
1525 847
941 1634
537 999
1294 1435
1092 971
1868 1169
1273 552
60 1529
1102 1109
1396 1767
396 1892
869 1836
402 1836
1113 267
541 1291
7 1969
1482 159
875 529
919 1581
478 756
881 1303
1295 472
1760 440
1513 554
767 500
501 1340
1190 418
951 87
1669 1566
222 1745
1891 91
593 439
1902 793
1669 1536
261 1877
122 1135
1658 167
210 2015
1203 75
648 1766
629 64
1766 1846
1554 225
95 557
1085 179
477 1998
110 934
1407 456
1600 1796
577 1423
1631 606
1405 86
1340 791
971 1435
1063 449
1211 199
878 1658
1681 1872
31 840
1660 1565
1617 2002
849 1458
1121 1443
1228 1850
450 1870
1283 544
1132 613
1859 1536
1507 676
119 1913
1406 723
1498 1771
199 1681
8 546
1002 1825
1072 416
644 675
1078 747
1692 1313
109 1510
1311 820
49 1466
1728 735
787 409
456 1370
1842 1672
478 329
1490 954
583 161
324 222
631 558
75 1713
1150 933
1356 590
119 980
1798 164
183 1178
1819 550
173 1062
433 69
1438 1892
1165 35
563 1346
636 150
1908 1112
1068 1789
495 971
348 752
1336 465
312 1884
752 1754
346 1348
1272 383
1460 1493
458 1496
747 660
867 538
1458 755
1418 1209
1735 1688
1158 104
1794 1271
1640 1823
1040 20
920 1277
1083 1287
1133 1553
1702 307
225 483
1316 1895
646 1015
1519 286
514 725
178 1018
1175 1009
1634 1034
817 834
1232 1029
592 194
1083 433
388 844
290 1484
326 1833
1190 1006
1075 1147
1779 1360
1372 218
330 954
866 780
1190 1597
986 413
588 1351
779 789
431 853
365 1876
522 1717
276 1278
515 496
650 124
546 895
1524 1996
1615 388
221 1021
571 1496
468 314
552 909
926 838
1452 1534
930 818
767 1024
1358 1431
1050 1492
852 1327
1834 622
164 1740
336 1978
1835 1141
1668 636
355 1023
296 985
1243 52
1363 611
443 600
28 1311
706 1586
1314 149
1682 860
1106 1022
468 1232
1150 679
77 198
395 328
1356 1375
1878 1080
1859 261
630 1507
196 1434
1407 2009
1614 706
1812 1698
480 269
1214 1157
1084 1519
517 1153
182 414
59 1215
1181 1570
1472 686
5 1557
295 514
1241 517
481 1170
713 1537
928 797
1708 1054
1524 1895
1071 851
1206 622
393 316
1688 1626
17 1570
265 473
1847 285
1267 977
1270 976
1771 1329
1308 1197
753 1300
1812 219
1204 1126
445 7
32 1126
1865 180
1894 1028
1027 1473
1424 1299
630 1582
308 217
408 1959
647 1620
1716 140
870 907
246 1872
469 1006
625 693
372 139
638 1445
330 1789
1071 875
1868 1925
169 1448
1847 441
1108 293
781 433
271 1227
1475 530
255 1648
407 460
1442 75
956 1975
1851 750
807 1326
1275 1884
618 1112
1637 841
330 1741
1381 608
3 1852
1471 1803
528 934
394 582
769 801
1742 254
1785 1860
507 1070
332 1907
546 432
1923 460
1011 885
1 1585
1794 589
942 2004
483 384
460 635
1574 846
836 1446
774 447
1430 939
317 996
243 254
196 1503
938 812
330 772
1064 1531
659 684
1614 1010
1849 582
753 54
695 168
325 698
770 202
1378 418
961 376
773 2006
1794 376
228 680
287 585
610 1988
1931 671
950 1094
450 1099
1761 720
457 1203
720 858
1347 1257
843 1517
1348 291
1206 1059
384 834
219 450
1744 996
1572 526
387 249
1263 562
1211 163
432 1543
1348 107
950 371
1431 597
1784 1699
1813 725
549 662
1517 1615
1617 209
51 1247
1347 718
1500 1265
637 934
719 1293
773 905
1178 1780
218 1229
1851 137
1686 1531
1707 460
666 2016
991 1812
1712 486
333 1097
831 1785
1043 1449
617 584
946 1765
1153 316
870 1692
1021 1165
629 1539
603 1382
443 1308
1353 887
1788 1025
601 1300
495 1543
967 859
8 978
889 1520
1503 1878
1053 1791
1037 1258
31 1854
211 403
1571 1033
627 1682
1101 1743
915 636
1806 1015
796 40
256 892
1459 1508
99 976
746 1418
1433 180
511 790
882 291
1211 1420
660 279
658 1286
1218 611
1113 661
709 1481
791 606
771 1143
1608 1966
1449 826
1035 166

Point Cloud 1394:
12 1031
30 1511
48 889
100 902
196 856
258 769
527 1923
458 1960
532 1884
542 1304
525 2016
1373 38
1723 1387
1645 1314
1708 1346
1777 1477
1817 1339
1668 1404
1804 1466
1652 1434
1773 1440
1736 1372
1631 1416
1628 1352
1733 1384
1787 1409
1634 1390
1791 1408
1789 1441
1758 1451
1902 392

Point Cloud 1395:
5 1484
56 880
100 882
215 852
296 742
311 810
453 1963
472 1924
515 1335
556 2016
1756 1461
1844 1473
1820 1405
1782 1314
1652 1376
1698 1374
1770 1507
1761 1530
1757 1299
1725 1413
1863 1457
1762 1540
1635 1421
1752 1407
1804 1343
1821 1348
1771 678

Point Cloud 1396:
5 1588
35 900
90 862
217 830
265 861
300 734
513 1919
558 1242
637 1977
811 1991
1453 985
1500 1255
1833 1438
1753 1421
1792 1335
1717 1405
1772 1504
1704 1399
1791 1402
1789 1517
1787 1477
1684 1421
1568 1355
1783 1393
1570 1349
1806 1327
1818 1400

Point Cloud 1397:
3 1605
41 905
103 905
221 819
217 882
288 736
494 1942
542 1948
487 1354
563 1254
590 1984
944 1998
1453 1446
1531 1141
1573 1315
1804 1530
1737 1399
1750 1351
1799 1359
1838 1512
1741 1385
1755 1322
1735 1349
1666 1385
1806 1322
1680 1330
1649 1390
1662 1409
1643 1428
1654 1513

Point Cloud 1398:
53 919
88 895
159 910
258 796
323 729
457 1950
484 1368
571 1940
560 1263
633 1987
1594 1342
1646 1062
1792 1531
1838 1367
1714 1328
1763 1508
1653 1427
1847 1443
1731 1436
1608 1415
1809 1343
1744 1335
1817 1355
1647 1403
1815 1466
1836 1780

Point Cloud 1399:
55 941
84 914
41 897
229 817
286 747
491 1940
512 1954
504 1325
520 1293
602 1905
1585 1336
1766 1362
1799 1524
1789 1488
1701 1374
1820 1354
1706 1415
1686 1409
1758 1463
1758 1286
1684 1396
1777 1390
1779 1474
1756 1434
1833 1019
1867 1841

Point Cloud 1400:
41 899
40 929
39 906
195 846
273 765
449 1970
506 1357
520 1295
524 1963
625 1919
1568 1346
1656 1401
1611 1419
1857 1355
1784 1346
1797 1523
1640 1412
1767 1395
1796 1507
1697 1415
1730 1432
1677 1368
1868 986

Point Cloud 1401:
47 909
85 873
217 835
305 726
518 1354
526 1278
511 1958
618 1989
1588 1360
1781 1435
1758 1293
1705 1389
1722 1462
1729 1408
1800 1341
1750 1439
1795 1413
1764 1358
1728 1374
1756 1456
1828 1450
1851 821

Point Cloud 1402:
49 922
96 877
223 826
296 750
644 1939
531 1932
513 1298
533 1338
1576 1329
1781 1427
1692 1391
1781 1336
1639 1396
1751 1296
1708 1354
1689 1423
1711 1311
1773 1437
1871 1379
1720 1332
1802 1335
1714 1715
1889 665

Point Cloud 1403:
30 937
99 871
210 850
310 727
569 1924
568 1927
520 1944
550 1304
523 1372
1500 1716
1583 1351
1694 1420
1790 1509
1785 1292
1766 1464
1836 1356
1820 1451
1881 1386
1788 1500
1611 1433
1637 1390
1797 1500
1747 1393
1775 1329
1786 1367
1730 1428
1843 440

Point Cloud 1404:
17 910
92 908
34 893
203 856
281 770
638 1936
526 1875
540 1890
531 1312
599 1396
1110 1557
1579 1318
1779 1322
1619 1403
1778 1578
1722 1337
1773 1483
1782 1400
1757 1337
1681 1382
1666 1349
1794 1500
1762 1565
1826 1409
1826 1459
1756 1577
1832 1442
1827 285

Point Cloud 1405:
41 1561
35 890
47 860
39 889
250 826
305 737
519 1885
560 1918
526 1301
640 1936
582 1399
765 1705
880 1436
1589 1355
1851 1383
1811 1414
1878 1378
1808 1366
1677 1370
1840 1463
1792 1450
1831 1418
1753 1385
1823 1479
1768 1403
1675 1411
1653 1388
1755 216

Point Cloud 1406:
25 1679
105 877
40 894
78 828
255 803
268 779
435 1723
613 1908
534 1888
523 1655
581 1367
578 1982
617 1406
1375 55
1610 201
1584 1366
1627 1442
1679 1391
1836 1474
1784 1372
1807 1353
1714 1423
1698 1428
1757 1608
1609 1414
1713 1347
1667 1350
1664 1372
1770 1305
1726 1391

Point Cloud 1407:
69 1715
71 940
65 913
47 754
59 1805
308 760
224 833
531 1917
519 1869
560 1976
592 1397
613 1476
605 1993
1338 31
1404 233
1569 1319
1846 1458
1756 1338
1688 1385
1838 1443
1774 1474
1696 1380
1777 1368
1775 1326
1691 1405
1762 1302
1701 1395
1778 1617
1801 1510
1742 1339

Point Cloud 1408:
66 931
44 758
82 858
302 756
554 1865
573 1436
624 1985
605 1532
1226 303
1593 1364
1647 1403
1658 1377
1796 1369
1805 1504
1749 1441
1732 1390
1800 1473
1797 1402
1659 1401
1772 1395
1762 1362
1786 1563
1747 1513

Point Cloud 1409:
56 904
52 724
107 882
274 775
576 1902
611 1944
531 1958
590 1430
657 1571
1048 291
1574 1320
1811 1447
1666 1387
1707 1356
1771 1414
1793 1345
1684 1386
1705 1351
1708 1333
1770 1546
1724 1375
1716 1415
1778 1396
1708 1343
1768 1401
1702 1350

Point Cloud 1410:
19 739
61 947
107 868
198 856
283 1862
611 1991
573 1902
636 1510
873 296
1574 1369
1709 1481
1635 1403
1686 1392
1770 1403
1719 1355
1686 1405
1767 1479
1740 1475
1779 1412
1672 1433
1703 1463
1620 1418
1786 1291

Point Cloud 1411:
54 926
129 886
259 800
524 2000
539 2001
542 1956
511 1952
569 1506
626 279
1572 1323
1763 1402
1719 1325
1621 1392
1803 1432
1763 1515
1683 1471
1756 1324
1754 1563
1698 1430
1695 1401
1724 1419
1777 1379
1805 1553
1826 1497

Point Cloud 1412:
15 820
64 832
109 863
248 786
243 768
459 173
569 1912
598 1940
524 1921
605 2012
619 1551
680 1268
674 1606
1384 42
1589 1365
1736 1345
1670 1411
1666 1421
1624 1397
1712 1338
1769 1456
1846 1439
1702 1384
1770 1298
1674 1437
1860 1463
1640 1415
1749 1540
1753 1536

Point Cloud 1413:
43 867
30 847
71 852
316 750
463 163
580 2014
582 1924
607 1533
1028 1193
1584 1342
1751 1344
1877 1421
1794 1465
1804 1472
1695 1389
1750 1379
1750 1367
1797 1441
1676 1388
1683 1387
1801 1563
1807 1303
1842 1512

Point Cloud 1414:
76 862
15 880
15 891
191 848
355 104
611 1965
607 1537
1471 1123
1574 1329
1691 1360
1678 1385
1719 1334
1695 1379
1674 1394
1695 1361
1746 1412
1679 1411
1703 1397
1738 1517
1803 1319
1817 1523

Point Cloud 1415:
110 868
64 899
264 795
268 178
292 758
605 1973
538 1968
601 1962
633 1503
686 1572
1585 1317
1788 1421
1785 1416
1844 1391
1630 1414
1752 1472
1686 1415
1765 1382
1700 1339
1860 1422
1857 1449
1797 1560
1765 893
1800 1317

Point Cloud 1416:
2 1062
94 864
38 881
215 845
317 736
575 1960
634 1965
643 1981
617 1516
629 1627
1340 1604
1573 1347
1744 1475
1742 1427
1679 1413
1845 1403
1832 1521
1682 1437
1626 1397
1816 1436
1710 1375
1873 1445
1662 1393
1795 1315
1777 1534
1878 598

Point Cloud 1417:
1 1594
51 889
42 882
80 393
204 841
266 748
598 1616
552 2011
599 1982
591 1935
600 1572
1389 1341
1588 1314
1701 1354
1864 1454
1759 1434
1748 1364
1671 1376
1666 1364
1806 1380
1664 1453
1641 1356
1623 1386
1775 1565
1778 1285
1847 1513
1880 480

Point Cloud 1418:
22 1579
68 912
93 862
184 348
255 813
283 746
393 1625
624 1968
594 1978
607 1553
627 1588
1428 946
1575 1364
1668 1438
1756 1413
1806 1433
1620 1398
1716 1390
1647 1357
1872 1456
1792 1456
1714 1423
1755 1382
1735 1543
1803 1321
1859 301

Point Cloud 1419:
1322 1193
1304 1670
1239 698
1722 1783
1370 1002
436 860
1308 749
859 252
1405 1410
1623 631
1448 1587
1012 475
1058 1968
1500 1309
749 1931
1550 1662
522 1198
677 1831
1867 1221
1540 1121
1270 1782
1356 301
721 1856
1310 1220
1357 129
1663 1584
1377 557
1109 1467
1275 92
400 875
1153 300
567 535
1165 2007
392 461
158 1443
304 1057
826 7
946 1445
1134 74
350 559
927 257
1494 220
1825 1641
1534 328
825 1087
1125 1812
1812 51
519 1021
420 819
973 264
153 838
1704 409
1613 594
608 54
1523 626
1149 1506
1611 309
379 848
1687 1777
952 1865
174 72
303 124
1668 229
1059 261
1776 376
1892 798
640 933
12 1320
1641 1370
507 285
1101 397
1366 1212
379 1016
943 927
369 1845
569 1363
763 401
1877 647
1811 1805
683 6
1578 1615
196 330
1076 915
499 104
1876 1279
537 820
377 182
394 1891
1086 229
1893 331
821 1937
892 1933
1361 1804
127 1952
204 378
530 244
1071 1889
980 602
271 260
1687 1230
752 152
1194 1290
430 1918
773 352
1464 1409
1767 189
1358 383
1078 839
1455 432
96 1038
708 1155
351 357
756 1588
1553 471
1060 1907
532 1975
696 1972
73 922
718 2002
818 1859
359 1895
1290 1145
1037 1540
40 100
976 1355
1693 1544
806 1369
820 1463
1698 335
1917 458
1379 647
1172 1447
755 514
1402 1474
736 1271
226 1550
1699 944
367 922
1230 1272
671 366
1386 429
524 1362
459 574
1568 623
1412 1788
499 261
25 635
1330 517
1134 150
652 126
1921 361
888 310
1576 1270
1862 504
664 1985
6 1193
1232 881
1267 1324
1669 546
203 274
1188 332
1632 690
290 896
387 743
741 69
256 1405
258 82
1366 733
1219 1207
1166 621
1204 1955
1916 464
104 991
347 71
1245 13
1537 1691
1328 1115
855 408
370 1907
552 1352
455 336
1052 892
520 539
330 931
143 932
504 144
1420 935
680 1328
459 581
929 36
182 1984
1917 1964
207 902
527 530
810 634
1735 932
1228 839
1088 1309
927 1117
1430 657
1271 437
785 557
1728 1477
1803 1791
713 1675
1091 1637
1387 628
1541 834
4 1043
1164 621
385 381
1554 395
1149 646
1385 622
1103 1760
667 1667
710 1121
1443 899
575 1976
1362 780
342 1916
1801 1425
724 873
29 854
206 1603
1901 1016
689 1362
1847 1778
1853 969
874 1743
772 946
212 32
1539 949
1381 1322
869 207
1561 190
1259 1519
1339 1560
369 318
131 539
223 73
635 144
43 999
1872 1182
1326 962
799 1588
1668 1423
1787 1824
83 1643
299 159
987 1907
332 1887
1292 1075
1574 2014
1023 348
707 471
522 1678
536 799
635 111
1651 337
1542 266
1572 841
279 1191
67 1323
1920 1554
1632 766
1140 889
721 491
171 492
24 756
521 1640
236 789
247 1283
1910 1810
1296 1759
75 1495
290 1337
1301 582
1225 786
1067 345
321 1779
168 1532
104 1593
713 1173
848 47
1919 1246
1921 1414
439 358
290 1632
194 1883
399 681
355 1341
1391 394
955 385
958 636
1400 1633
138 1281
1643 59
896 581
1214 146
249 1194
1458 511
1774 536
1384 393
1415 622
829 1438
1740 825
1089 882
1760 1403
1780 397
1182 1892
1831 473
1922 1922
654 1856
953 1101
559 107
589 1546
146 762
1873 714
1178 128
1809 1800
882 1399
912 604
475 1251
651 408
1493 137
644 735
1158 747
1477 223
392 1197
229 278
1367 1266
408 582
1196 1180
597 238
967 161
491 1540
1820 684
1670 1729
1664 485
226 725
272 1252
275 973
727 1138
586 729
1800 1135
1678 1153
31 130
868 1013
290 284
1139 1838
872 630
1250 1223
435 1753
1276 1062
297 770
1695 1782
130 1396
1476 999
1528 1812
1416 221
1366 1521
779 513
157 1302
1338 433
1178 1295
430 967
1056 433
344 1636
91 1342
457 553
1867 1615
20 141
281 691
191 2006
592 1831
525 462
532 881
1007 1564
1089 993
153 466
1358 1783
184 1284
1019 699
615 576
182 920
1923 607
1265 23
74 400
587 1461
1886 502
1575 1206
996 1172
1061 1292
810 1796
145 567
1226 1291
1220 887
886 898
1830 435
1159 1534
395 149
947 1426
1025 773
783 107
1176 600
481 1595
76 1032
714 1545
172 1466
1370 453
1062 601
1143 869
311 1645
951 1748
85 605
340 618
1531 340
409 467
257 1476
286 998
1024 1999
179 851
1103 78
2 282
284 352
1218 1537
1046 1836
374 2017
1531 1773
785 18
583 413
1707 410
1092 332
729 813
1161 1915
1328 646
1844 574
240 424
81 47
1263 1828
1392 399
12 1100
67 1508
1007 1048
541 199
1857 502
741 1788
170 268
118 415
281 667
1342 174
831 320
1701 1168
1355 1016
1159 1164
1258 559
1749 1598
1229 981
1911 762
1347 366
942 1374
1427 382
1168 619
227 2013
951 1062
560 238
1389 1102
1409 84
1408 527
309 1763
1569 878
529 144
1902 212
320 727
650 723
963 1271
67 1050
1808 637
1266 513
1513 678
587 92
144 1424
1420 1069
431 1468
1115 1317
380 1284
739 154
684 1474
1484 343
1639 799
610 1264
1249 851
1560 2001
642 1050
982 34
189 271
233 1803
1402 1154
532 407
614 1100
1816 897
818 406
820 61
778 143
151 1182
99 2013
1813 1977
1305 836
940 749
1095 1772
1645 1316
289 282
1175 444
1393 1356
1629 1783
1787 103
161 1464
1012 433
1740 1129
1163 1204
1605 129
1270 1431
325 1805
1827 1387
1322 1782
710 489
1926 1381
1747 1325
34 248
732 171
1671 426
539 985
595 344
1239 441
1402 236
365 1084
1907 1197
1078 0
1159 1255
719 216
1271 595
1001 508
671 204
1667 1830
484 904
1409 88
1018 639
1171 1355
1678 18
1560 2005
76 811
520 971
272 399
570 480
1256 40
188 1109
1229 586
1544 1029
823 392
458 1046
1794 557
923 203
822 1056
40 1952
1902 1387
895 1178
53 505
1065 510
1616 1671
2 285
1050 847
1595 1184
459 287
1036 1688
1795 1892
1734 1402
1241 641
611 429
1306 1631
1414 1342
1416 33
1897 440
233 1073
1035 996
220 1667
1701 998
1163 983
1532 15
1374 707
527 1609
1691 344
1393 397
477 1191
1750 1621
1092 214
1389 1224
327 1148
1847 1672
775 961
1381 1063
239 1832
1414 239
1202 1135
1639 1254
742 332
1755 1699
1106 439
1428 857
944 1584
1683 211
1663 1691
1462 1716
1076 931
672 232
50 1982
1043 1950
839 504
900 438
1318 753
169 1159
1632 1264
1927 1186
1306 1956
990 938
1393 1679
672 952
102 922
1288 1973
223 7
132 593
1021 1124
1498 818
1826 1890
103 1770
1181 209
700 1577
1490 1557
854 1679
774 895
1818 1299
299 638
1666 1832
287 991
1735 581
475 985
1633 166
716 1730
338 1663
1693 1947
631 525
793 1494
1387 306
1388 463
460 971
1361 1833
289 1662
1607 736
210 1956
713 731
195 375
439 1045
639 1160
1256 190
726 639
1701 146
1419 196
1520 1215
1931 1640
684 993
1098 1073
1299 1561
273 1228
684 797
311 337
296 49
806 1311
972 335
1657 108
298 1865
1599 1395
661 423
48 961
1863 1340
1713 425
62 1961
1583 778
388 1671
1126 686
72 617
42 925
1806 1107
980 1880
88 622
1236 690
88 1552
1473 1940
1441 1255
1070 1496
1185 1011
304 201
1181 254
540 987
38 1484
875 715
1555 1063
36 1927
94 1335
131 1949
123 1095
1468 1644
1509 178
1258 1853
487 1217
1056 1502
233 532
355 51
1745 1781
1134 196
924 1399
1719 557
1624 490
1346 1983
1780 1977
902 1863
3 498
238 1180
1885 719
744 260
1477 1467
392 353
814 325
582 1562
1004 33
1586 665
1620 1979
474 898
1371 109
1759 1661
1058 360
1784 89
430 1898
816 1303
1110 532
1799 329
575 1465
1884 1501
1137 1859
1565 1075
1306 753
1530 1441
642 1507
1608 1124
663 1642
1044 1122
1167 1717
75 1544
1022 278
1298 1914
143 1654
247 1612
896 1655
56 349
669 384
71 1151
1886 56
142 230
329 590
1280 1534
886 1440
935 598
1642 708
13 1582
893 1875
475 637
570 141
692 1754
1096 1018
494 1481
564 979
609 1122
17 622
1805 820
201 988
868 2017
1757 320
1395 154
716 1310
479 238
1457 242
1928 1090
659 1790
653 135
581 929
454 1426
1044 1361
1906 1201
1723 1972
1754 1538
1090 154
1732 1898
1039 844
1166 1693
1846 1951
701 1929
480 396
1117 389
174 1473
42 1794
1124 874
772 1260
304 1208
1868 1509
58 437
1519 138
1917 1683
238 1002
1324 350
995 985
1327 1258
66 800
1211 280
1551 253
1927 1793
1269 1275
812 251
127 277
105 1733
1543 700
68 279
1928 787
194 245
945 1270
134 342
577 1380
484 1100
137 762
313 196
1920 1396
1724 502
750 1820
389 1993
1750 1063
1216 718
1021 1594
169 770
539 959
123 758
172 1226
935 525
1655 1324
638 852
1858 1981
1357 124
1168 59
310 1291
846 1829
1541 251
1510 401
731 1377
170 1199
856 714
1051 733
1189 1697
1827 1773
824 971
1468 1288
352 792
1660 654
434 1634
1640 1637
1658 756
444 175
857 1436
790 1099
1529 1303
1661 411
1794 139
687 1557
1565 1024
1281 913
931 1718
122 1936
1327 627
787 1122
1094 532
1067 30
829 1976
773 466
1132 713
1044 255
1609 1433
1640 1368
1166 1361
862 1175
1498 155
1299 1425
1706 304
958 1185
310 310
715 403
1035 84
1198 1964
917 928
1772 224
631 1397
253 1701
1294 1462
1504 1363
1812 542
230 1780
577 594
1618 684
1426 875
754 827
1599 270
1349 1802
802 1129
1035 571
538 1312
1017 1792
592 179
215 1122
141 663
186 544
1517 964
1156 412
1843 956
430 912
582 790
1137 367
1764 3
824 1450
1415 753
1825 1658
266 165
266 335
208 67
68 1480
365 1475
754 1344
1679 366
73 556
1668 857
1119 1653
190 1133
1910 279
1793 245
1780 234
957 709
1007 1848
257 1932
1482 37
269 1376
252 996
914 1024
59 1386
1504 1423
550 1847
1469 271
13 1969
599 1178
1512 5
45 146
69 288
1875 1053
777 1800
1355 1784
1251 472
842 259
180 957
1930 1862
854 1894
778 1786
1024 1793
1790 570
926 472
432 934
684 1233
840 210
664 1004
1321 1679
39 650
1831 250
1574 1268
620 519
1928 315
1160 130
1039 122
1740 1483
435 1117
1098 332
566 1995
542 1255
1011 1651
567 738
1023 337
14 657
1135 474
1581 1059
1686 1546
1312 1520
242 1827
1762 653
948 1583
483 792
857 1630
23 660
1640 51
1176 1988
186 726
175 723
848 1072
601 1863
591 561
1244 1944
1817 413
43 315
557 1538
531 481
488 1858
1754 1188
1357 723
553 353
1450 935
588 1025
1884 111
1374 1295
1094 105
1201 677
880 433
116 1091
1494 56
385 1388
702 1361
1093 991
724 321
49 1824
1251 161
1495 1168
732 744
471 1032
462 1817
1748 727
425 1157
865 1032
1835 1694
1378 460
384 300
217 1765
929 1893
1372 1365
217 1705
1178 1168
893 914
907 887
1621 1387
1219 567
1379 13
1819 1881
1035 1822
1608 592
1437 1669
143 176
1623 1888
598 713
1174 739
744 869
1323 415
1016 317
528 1521
99 374
1606 1141
553 832
1029 1724
1525 669
1609 1156
1386 370
1224 471
1030 424
1819 911
148 1849
1285 1917
222 1458
1929 255
69 1559
1855 1795
692 1323
1117 355
1836 611
239 1304
1143 1989
1579 972
72 1432
1716 1958
747 1630
767 648
680 815
1074 1950
188 1719
817 597
867 831
1673 1265
1204 1154
1441 1309
759 1494
1748 1390
1228 1674
613 1412
362 1131
516 326
1449 214
1048 1200
1743 1879
371 1840
1645 419
1923 47
469 555
382 611
810 705
731 1390
316 34
1060 145
572 1337
137 1343
1719 782
1755 855
347 1594
975 287
186 834
766 38
1893 120
145 512
1628 12
1532 347
742 637
1695 1732
312 934
5 1407
337 1974
514 918
1440 313
441 732
440 493
1609 114
1381 1942
1045 833
420 1939
309 1249
198 1136
1708 1971
1082 1189
1711 1842
1803 332
1152 1703
1681 588
311 730
216 738
237 1637
478 1312
1596 801
1540 949
1632 876
962 1491
530 1783
1202 446
1591 1096
561 1420
451 1440
1155 1491
1705 1645
1922 655
1845 1685
511 1744
865 380
747 14
1486 676
874 956
0 1469
1916 1423
16 1290
1832 417
1258 132
295 1202
967 621
1625 1623
696 1884
891 1219
1299 1688
1763 491
978 1350
414 1337
1274 1703
31 1616
1919 294
523 648
208 1809
1686 401
1179 1535
1646 314
749 82
86 469
39 1715
587 734
1609 371
1425 1588
1766 1638
127 1198
1324 1551
1326 1150
632 968
740 769
762 156
463 308
413 1112
865 1074
1852 1760
122 861
1919 1114
360 1460
758 1500
143 1579
745 1944
353 977
921 1023
213 131
288 234
1238 1747
422 304
242 1316
1895 161
624 1466
1231 1972
871 1672
509 1203
1322 854
159 368
411 1484
1556 11
531 536
835 5
861 1608
1285 1017
625 478
1040 794
30 457
1564 1476
1509 64
283 616
1863 91
138 218
1287 248
557 1513
539 2008
1820 1517
587 641
1872 277
1905 1274
1405 515
1593 308
1036 342
1445 1878
90 1358
531 1064
1560 1718
732 1659
651 1892
1097 300
1211 1029
490 1052
1886 208
1561 1028
702 1629
118 1958
1456 140
1765 1136
545 991
149 1628
172 567
82 31
998 2001
181 1008
1822 413
60 874
1438 270
1626 402
400 891
651 990
163 125
1152 1171
603 944
1913 838
710 1307
1226 992
1208 483
555 846
343 1647
1764 1700
1674 1359
893 435
1755 543
416 1401
1266 1921
1262 576
744 339
324 506
635 368
980 885
1908 1782
381 1882
407 662
1771 1329
220 200
16 1595
1662 254
604 279
566 191
14 924
876 1135
1097 1278
843 54
181 398
211 108
196 655
658 689
899 919
197 1594
1294 17
1021 16
784 1859
650 599
675 1887
1737 1436
172 972
1136 1242
7 48
1833 88
548 25
1648 62
1316 1686
1175 270
1894 1225
522 1755
661 838
178 1461
394 1927
1632 1729

Point Cloud 1420:
42 895
84 840
176 1611
230 820
579 1975
588 1566
1594 1323
1681 1430
1832 1558
1624 1427
1766 1411
1820 1416
1713 1363
1878 1426
1649 1351
1701 1472
1796 1480
1815 1412
1803 1301
1792 362
1869 222

Point Cloud 1421:
1171 1182
1247 1259
328 1371
1760 967
1428 1389
357 1453
313 469
1766 640
1016 97
1191 1760
1067 936
210 1355
226 1677
122 478
751 936
536 518
1262 739
193 197
55 1603
436 667
1341 281
1035 1025
99 962
1251 655
1110 555
1428 317
1518 333
1815 1425
720 380
448 621
78 1697
1011 1465
840 573
1698 775
1711 172
679 200
279 104
1655 17
1337 1212
1635 551
1804 957
146 1826
338 1210
589 557
550 299
1606 381
890 135
1206 1470
740 1303
514 521
1209 1546
237 1633
1204 921
1061 214
1221 809
332 985
1539 237
1273 302
579 613
368 1578
920 158
1452 1408
819 724
1269 698
1791 912
488 1833
174 100
737 1741
264 1943
1687 1603
1657 1217
1309 1454
1849 1952
351 308
1406 1098
906 477
1383 1978
1396 1481
1099 210
822 979
818 1545
420 1623
1440 1981
946 1736
1685 1521
1496 1908
1290 138
655 476
1391 43
631 502
1882 1272
921 439
236 446
601 657
855 15
1500 982
86 674
1060 610
708 129
1402 1866
1141 1339
1116 818
403 1816
1493 1418
1885 743
657 1615
886 1244
651 1631
279 1154
1437 641
261 46
518 315
1395 1533
1559 943
1078 227
814 470
1690 1808
1821 1592
971 1597
1226 1895
431 691
53 1931
598 1847
1705 1932
1379 353
725 34
204 1413
1230 1871
81 1027
145 1677
1825 1142
1728 1475
1272 1458
1397 13
1176 371
1312 1032
1787 1272
973 2012
899 1765
1461 417
27 1885
223 1965
800 1720
793 406
594 1703
351 950
947 969
96 1745
1538 1148
574 1616
1273 556
754 1664
1796 1620
818 1796
645 1821
1402 72
1609 250
813 1758
332 1918
301 195
1869 1753
1831 1596
211 1555
1299 1490
633 368
1784 701
525 1950
1344 919
925 1098
26 1209
1451 1227
870 235
478 728
1189 704
136 585
1287 834
1080 1635
1845 153
1512 206
702 764
228 1767
1260 1486
1635 785
1235 446
122 80
952 1013
1698 459
537 1678
1321 1860
436 43
296 1028
1433 1499
1518 1454
1243 1446
93 889
1727 1728
1346 22
549 1386
729 15
684 366
536 486
1116 1202
1568 1597
1492 1489
175 1728
1894 339
735 1680
925 218
1426 678
958 960
1550 412
977 1815
1421 1607
246 1149
1093 70
3 1946
487 1977
1695 1493
1324 1662
92 1981
653 188
206 1738
949 727
79 1633
1702 1482
1491 1564
1653 516
1278 326
99 1396
1382 892
1309 573
369 1156
1221 1389
1783 1108
1341 314
1190 1167
674 1508
280 1322
516 1653
1142 1984
1709 380
1845 325
353 1693
117 1980
1496 903
588 1459
1279 724
844 986
336 630
619 347
1523 827
690 243
1183 833
0 1597
1422 218
1167 185
998 322
1109 1908
1365 35
1139 421
454 1922
977 1122
1916 1092
534 1191
1049 957
885 752
1889 2009
788 1028
691 589
702 1794
250 89
341 1421
1876 885
125 344
35 1579
360 773
746 689
1690 547
132 4
1486 463
685 1565
1766 121
806 1156
1770 1828
505 943
472 1031
572 1904
1821 1709
1015 443
761 1821
283 560
270 1799
212 1547
1136 1345
945 783
810 682
669 645
697 1797
510 1529
1154 238
336 1065
1766 505
967 995
739 799
499 1858
1398 1283
448 1308
308 433
1718 24
1384 559
1552 1646
571 2017
1455 1937
1866 1503
333 552
1083 1394
1183 771
1338 1529
773 1643
676 1714
736 1757
309 1321
1758 1222
653 138
99 46
1705 1408
527 283
1474 269
757 1646
673 690
828 1844
1314 152
526 1116
238 591
632 1046
47 1316
666 1144
63 605
617 109
1855 2017
382 1817
1422 1086
1781 1593
145 273
119 1611
891 1237
270 13
1094 521
1337 1544
395 1108
1080 893
679 1554
1407 1814
175 299
1121 1950
712 944
341 1181
1335 1721
445 278
58 1424
674 463
1417 1040
336 878
459 1329
1610 598
1673 637
837 716
258 40
890 67
642 2012
986 696
1151 870
1717 712
1261 1419
681 2006
1321 1851
1878 849
1825 58
1543 796
758 1069
412 347
465 1991
1683 187
1202 592
374 1679
965 1735
966 666
1865 1382
1026 873
345 1411
959 672
779 167
305 1325
910 583
251 547
989 61
373 1010
989 1970
643 363
406 830
1094 1731
885 1521
1700 470
477 1871
1377 1749
1026 959
208 1181
923 964
869 959
1688 102
300 1631
713 396
1702 622
1174 608
871 869
1255 1315
70 1923
1235 815
1648 1319
1922 1533
626 775
1284 1541
110 1832
584 170
1461 1075
326 1828
1704 1700
1875 1855
275 1050
859 179
748 1390
1453 1774
726 558
84 1646
653 1006
522 546
633 1274
1463 198
159 1740
435 497
1308 2012
356 1732
1444 800
192 622
1617 861
222 229
1348 237
381 98
798 1305
365 1725
77 1058
1775 960
1618 468
1413 1679
1378 1068
886 1892
1778 1793
1148 784
1277 751
1173 1783
464 287
1545 866
1915 49
1774 1649
696 1541
124 628
282 848
871 1292
988 1999
176 34
1802 1045
449 104
1660 1561
1271 1790
1871 895
1608 101
1435 1775
1654 751
1775 27
1466 1659
286 1983
848 922
1604 528
1392 73
932 353
1400 1751
1099 851
961 1854
1076 1208
60 329
820 630
1102 1871
328 233
409 965
695 1924
1803 837
1661 316
1530 1541
463 197
1231 1748
911 119
763 1198
992 1448
1165 1458
1037 1804
1829 1833
886 744
1856 706
1307 52
1327 1621
830 250
15 1359
1736 610
1130 1928
1247 1473
1810 1709
1085 1492
490 1121
347 670
512 521
1673 858
439 344
604 1500
1486 1242
1017 307
378 35
200 799
216 518
414 1843
1685 69
47 1611
1737 954
1352 168
1473 1903
1227 919
27 1139
772 150
811 241
699 941
1434 369
1849 1368
176 735
1098 640
1390 472
618 40
1870 268
1263 328
1673 53
454 1372
1511 1039
734 1827
1880 735
651 1971
882 496
176 1254
716 82
1871 1872
1146 1214
1123 341
728 1812
1658 1554
209 414
1356 1683
424 1492
286 1727
1751 166
950 783
417 972
1195 867
44 831
151 1393
631 456
1666 1095
420 1530
1753 1005
1835 1824
1901 118
585 1629
1436 43
1280 1210
594 332
694 1191
76 1375
1563 470
1666 1007
463 58
1012 1137
669 282
1182 398
1336 33
851 1880
1650 1857
941 530
1880 1360
1482 333
421 1821
1808 1080
1333 1684
1098 1601
1344 851
431 162
349 1935
72 1106
140 349
1730 1327
679 303
292 204
1714 1545
979 758
1885 608
584 430
658 1379
61 1090
1471 172
490 469
1470 242
883 1868
1060 1074
1755 57
490 1664
1101 1352
123 976
482 654
1725 1395
269 726
1753 512
29 1586
1785 577
134 221
248 1673
256 1452
706 52
1679 1023
1113 1857
509 255
311 962
1646 918
355 852
1358 1938
809 1105
384 1292
342 11
1932 304
1128 563
270 1794
1527 1024
767 1849
1401 852
1563 1516
1453 864
1782 1938
1330 1411
1775 1912
1511 875
628 120
1308 2009
11 36
403 443
779 130
414 323
1267 1218
548 1460
1398 1299
978 827
259 1764
330 627
975 814
122 1473
223 1557
1703 191
1633 2018
929 192
1891 413
855 179
535 1139
137 825
1219 907
923 58
542 1689
1275 1067
825 329
1620 330
1306 452
980 1933
1039 1077
1865 690
468 1879
1793 719
1311 818
1848 1109
488 395
1802 1490
1729 1567
899 1583
1149 188
1889 1336
1525 1226
614 840
1403 1174
1341 1504
100 567
912 1102
1705 595
1156 945
474 825
1845 404
1408 540
396 1102
1188 2015
1882 1208
625 1262
379 429
897 728
1890 1651
1487 1349
769 1670
1018 327
65 1908
733 524
59 1512
1628 168
69 1069
1353 783
910 337
477 218
1525 424
1569 786
1553 1525
1886 260
410 501
604 381
92 727
948 1949
742 1554
1518 294
1153 703
546 1657
1170 1926
1787 1605
1829 445
1292 1156
1811 494
555 1433
1561 695
977 32
831 1902
285 1158
1715 1538
79 1691
471 1142
689 873
77 1390
1285 901
877 866
400 932
1489 1377
458 1410
790 76
1241 1934
886 77
791 386
1142 1579
744 457
1747 1848
178 985
627 1584
1106 1830
396 1579
1746 746
1458 344
1045 1483
958 1259
1101 876
1806 624
1851 1065
1052 1816
1345 1389
1114 661
933 1188
248 271
1267 1054
1211 1003
407 403
258 1963
413 1309
574 1787
1017 808
1882 985
10 1026
99 1158
752 1930
874 874
820 2000
1174 1491
1562 1149
693 1362
603 917
607 1801
479 1178
725 76
1249 8
1067 71
1910 930
1929 725
633 1050
1812 623
1309 420
1649 924
1403 592
427 1230
1531 1099
739 136
1771 583
284 152
1906 1630
376 118
1640 45
324 491
1514 1253
1596 750
1367 480
1817 1400
1926 578
879 1286
1452 580
1067 1702
1413 1945
370 1917
198 107
69 206
341 444
842 859
1923 578
1413 345
1421 1490
1290 829
615 1127
906 548
854 1655
1619 613
366 495
1805 1719
869 18
86 1724
1764 692
1711 94
176 1171
960 906
1886 1418
1164 865
44 505
1004 1598
1235 1530
1214 775
864 781
1380 88
1388 1019
14 1351
458 1178
1323 758
893 1070
1146 570
959 152
1876 1108
1538 671
106 1956
1216 1344
1114 23
828 399
507 512
1721 215
378 130
741 887
1213 1483
1233 152
1839 929
840 1135
1074 817
516 1786
1600 456
1633 58
689 1008
1710 920
671 267
26 1430
194 639
481 597
1580 1007
1742 295
1311 582
1125 1905
1252 44
922 207
388 939
1435 1003
314 212
666 1308
373 1110
794 948
1804 1834
232 339
1389 1606
1364 1806
83 574
308 1678
590 407
302 1962
1109 181
799 1454
1771 1062
488 378
1918 1929
371 314
1272 1435
1554 1012
579 620
810 453
1377 1863
1506 958
1450 517
1782 944
1612 1825
603 1435
517 643
1690 480
1329 1678
522 1961
1328 1681
1479 1543
602 1014
481 268
275 1913
589 1472
1654 1992
1195 221
578 1558
779 554
191 1800
1160 350
763 131
1621 1410
672 587
8 1004
34 179
25 245
1917 137
1562 549
1850 881
1553 914
1890 442
974 1662
950 1899
1296 834
321 754
532 1242
1558 1658
1029 880
462 1448
1606 1966
1528 725
1715 1898
1308 1112
1112 1687
311 981
261 1849
1036 1083
1288 519
925 388
385 1050
120 1378
1118 698
1209 1833
663 1209
1200 1407
973 840
1766 1950
753 669
1331 1701
635 942
1743 1494
979 929
1775 1025
376 495
329 1314
1215 168
1067 1872
1032 1446
1118 1701
926 1054
1527 1543
1809 952
895 167
870 551
328 496
1514 1256
347 433
1613 1867
1830 2001
506 1364
1464 886
721 207
1755 688
1191 144
303 1426
1418 643
230 1884
772 928
1559 1666
1866 431
639 1186
621 1634
1213 849
719 1885
1280 998
1350 612
50 1475
440 899
15 1314
1052 811
1636 1859
932 976
1446 1656
706 1885
162 1157
1529 1272
1387 189
589 1286
1127 1883
1773 469
453 1414
419 552
18 1778
35 977
1622 25
1456 1858
259 707
1378 169
1899 393
1522 1255
117 1948
1665 222
680 1977
476 464
1353 794
1319 1889
335 749
1112 1022
1494 84
1393 884
414 1308
1325 210
1356 1805
608 168
966 1710
1214 1927
1755 1405
1514 906
179 1024
1064 566
919 34
895 793
399 1931
874 99
241 1007
920 563
280 1859
564 766
1222 1540
1308 1912
999 1796
571 1669
1587 381
1474 1856
1286 1976
8 164
785 341
616 413
251 83
1454 1076
1457 1396
268 1610
1932 1604
180 357
1774 1272
74 1112
1096 1167
1387 1911
1684 931
584 501
1246 813
125 1427
1406 1927
3 584
242 1544
220 1780
453 1054
48 1414
1663 239
856 527
1246 1928
890 1592
594 922
638 1671
402 930
767 1712
1384 1513
1928 335
1576 1326
145 742
123 788
887 1671
450 1426
272 1826
1509 1038
443 1391
1802 1934
1452 1984
997 1109
1086 1887
186 1823
34 1895
891 1459
370 815
642 1386
1676 407
1739 1690
396 23
23 23
707 914
628 1360
58 1005
452 1073
1174 627
757 471
1511 1571
559 1902
885 1622
1432 646
730 639
369 427
1657 1267
45 648
790 1783
546 1338
718 1904
1365 1160
1701 714
1868 1503
1735 445
1289 1218
1583 61
1336 23
156 1141
604 1095
39 196
201 522
1139 1884
1680 574
1753 1440
1140 1186
1417 1243
477 1770
765 32
1308 160
711 1804
945 1356
780 508
1253 571
380 262
1729 189
1855 1267
1493 1377
470 2012
1224 1305
967 357
546 328
1497 1691
874 885
1558 807
674 1296
493 631
1790 372
135 141
1694 698
994 1220
1615 85
1473 587
229 1373
1625 1932
1513 485
687 712
922 837
428 199
551 1517
1135 1960
56 112
1349 1179
1436 1643
956 439
1828 1938
988 1871
1572 1775
1712 1291
301 1832
934 745
1419 1532
1678 1418
655 20
649 68
57 204
203 780
501 563
956 1480
546 1793
1829 287
1918 1162
557 115
1360 239
1270 1244
888 1781
897 98
917 409
441 370
123 1596
1682 1306
1653 1340
1162 1955
307 1485
1494 1107
189 1820
1243 1533
84 1763
1645 439
16 339
1475 405
187 1792
266 159
1070 914
1380 1156
457 1825
222 1185
419 497
209 251
203 1016
113 497
217 13
268 1215
1099 1864
746 1758
969 1446
535 866
858 277
61 1011
1555 660
1385 87
1382 537
127 1634
84 1486
1512 316
790 987
705 998
1522 1900
1448 1289
1839 123
555 1781
318 1292
1248 571
524 1058
1074 1909
1337 1473
1214 1814
1729 208
843 1441
510 1417
410 38
1242 1027
32 1644
880 1309
1076 1379
1205 1856
1691 1502
1285 1016
1571 543
138 690
332 947
1024 625
1117 99
321 779
471 1156
1917 262
1430 318
176 1799
349 843
1853 64
1262 308
1865 1989
663 1763
374 1020
783 51
289 2014
386 656
395 1482
542 205
1699 1479
165 338
487 685
1793 414
326 1003
434 862
536 177
418 738
993 1335
768 1057
1498 693
1128 1176
440 418
1757 1676
1315 1199
34 280
819 1085
1281 1464
309 1768
513 677
768 897
1692 2009
718 151
409 1839
1654 1254
434 234
467 512
1100 1771
461 984
989 225
1614 1197
1159 832
1026 1356
1377 750
1669 68
259 850
1847 1034
412 1144
1050 1428
1643 732
1853 1472
794 421
1619 1797
1791 411

Point Cloud 1422:
65 854
78 864
98 1605
213 846
301 741
451 126
651 1967
609 1567
1573 1329
1684 1380
1669 1409
1772 1425
1840 1529
1856 1478
1655 1361
1713 1385
1733 1380
1639 672
1752 1570
1802 1312
1804 1566
1878 1417

Point Cloud 1423:
58 904
7 859
264 798
260 749
343 194
586 1936
577 1975
568 1552
1575 1369
1711 1405
1767 1345
1776 1447
1717 1390
1677 1352
1664 1383
1766 1388
1705 1550
1740 1101
1796 1307
1788 1489
1823 1550
1843 1636
1873 1463
1900 211

Point Cloud 1424:
52 891
232 805
249 146
294 746
627 1982
576 1992
612 1541
1597 1350
1605 1421
1738 1387
1708 1446
1770 1397
1722 1409
1818 1420
1755 1436
1679 1369
1806 1546
1678 1383
1733 1545
1790 193
1820 1659
1836 1285
1877 1456

Point Cloud 1425:
53 927
101 1849
255 787
283 748
554 2004
592 1944
599 1518
1546 313
1569 1332
1769 1315
1654 1415
1620 1417
1747 1419
1734 1413
1648 1443
1764 1361
1741 1556
1862 1437
1905 1425
1805 1491
1877 1420
1786 1474
1869 1626

Point Cloud 1426:
14 1053
53 903
121 1982
243 817
253 753
345 302
577 1955
638 1968
666 1581
1287 439
1585 1376
1746 1385
1881 1434
1868 1524
1727 1434
1653 1402
1709 1349
1869 1436
1830 1468
1723 1426
1719 1362
1772 1531
1825 1467
1621 1405
1751 1376
1766 1581

Point Cloud 1427:
22 1065
45 894
257 789
244 768
484 455
612 2002
594 2012
602 1506
598 1568
1055 174
1575 1348
1777 1301
1792 1368
1752 1435
1751 1383
1862 1528
1770 1342
1732 1459
1839 1438
1878 1456
1656 1422
1766 1528
1846 1558
1770 1481
1649 1426

Point Cloud 1428:
32 889
242 807
263 749
499 1411
599 1988
576 428
1189 170
1581 1336
1646 1381
1714 1372
1727 1573
1797 1361
1626 1394
1785 1306
1699 1469
1844 1433
1783 1330
1764 1329
1881 1612
1700 1366
1725 1438

Point Cloud 1429:
1566 789
655 1563
1309 1128
394 1451
1762 1245
1844 87
1553 1714
1333 20
896 1352
1148 961
1439 761
1180 651
1595 1853
801 1830
1291 528
420 731
1173 1595
1331 1661
1641 749
631 1459
373 778
273 1480
285 247
1824 649
1536 192
1027 1083
694 1290
1401 173
438 451
1451 1435
896 420
370 690
220 1132
1898 1579
1017 1985
1741 1530
1775 1887
1224 288
602 1738
604 573
1813 1138
915 1148
386 443
310 1404
1587 576
799 427
1357 234
639 391
400 734
1603 217
376 99
1735 373
1797 17
342 1787
1457 1779
1315 454
1741 1075
1105 530
873 10
789 749
1017 1078
1362 1827
710 375
1800 19
1206 1245
1146 149
632 1343
777 1384
1464 1100
731 840
1910 183
993 274
1517 1867
1221 450
936 1731
1634 506
594 133
1759 169
1449 1871
570 156
1670 1169
156 1307
199 761
1101 998
1061 1016
571 165
1584 236
787 1604
493 679
1110 862
125 104
411 1726
791 689
81 96
48 599
649 197
1716 140
1562 1716
1354 509
87 137
1718 1971
914 1132
627 296
1121 224
1551 1548
1253 1793
194 837
1833 179
280 344
1342 1162
1921 1833
77 1725
715 1228
1699 1712
815 1542
1562 518
1894 1481
1168 1873
1437 307
120 148
1502 1836
1853 986
727 1970
1202 1919
1665 776
1636 1437
829 1728
946 1739
219 1940
713 447
1922 1259
1704 188
418 1281
345 1364
439 1471
1546 1032
870 1517
114 1311
1027 1134
27 991
676 690
69 632
470 1077
1178 1241
1730 324
253 485
1076 1499
161 187
1668 774
1477 1564
60 164
28 1509
115 1750
1717 1607
876 1414
1255 1558
1557 721
1450 1034
495 884
865 594
910 1762
1857 469
1077 225
139 496
158 63
262 758
531 960
879 9
663 1767
1174 126
71 984
1449 1015
558 313
678 1540
819 1669
267 743
798 1398
42 535
1551 2003
197 1592
464 145
753 137
103 1640
440 1886
217 1910
1908 295
1565 1288
849 1064
1676 1601
694 29
1580 347
1762 958
899 606
993 1798
142 784
1396 1697
92 849
736 2009
1581 1039
1607 1308
1679 1280
1066 1492
924 47
1264 1555
1170 1081
1753 1333
1785 98
823 1111
1682 471
29 1690
89 1464
1141 745
292 1400
198 1884
1543 1043
331 1571
1645 590
591 44
937 689
1452 1116
1019 73
1821 705
1569 496
1035 1080
1327 742
1875 1854
1352 828
303 841
781 1405
1089 1132
1400 1993
1490 1950
1253 318
1538 1819
1881 1257
1491 1486
1461 934
536 1693
265 1355
1871 828
892 434
414 527
381 1447
372 441
1329 1901
1502 1238
461 1815
1359 1990
1027 677
173 842
1388 1795
703 217
644 1762
1426 1033
612 497
1917 508
510 1281
205 1469
779 1301
944 899
1085 1216
97 1861
455 379
1785 485
176 127
1525 174
1043 1531
520 682
65 1141
977 1470
694 63
1134 1588
1162 84
220 268
638 926
1301 1442
629 1216
1116 972
1566 1266
1907 530
1835 1010
1308 1947
178 441
80 885
1772 147
523 129
1619 368
716 746
243 1999
1118 6
281 1124
1702 1794
1402 1161
1090 312
1245 370
1759 1588
661 643
1929 276
1368 1150
703 1225
1024 727
1783 1355
515 1008
405 1002
788 1733
394 857
109 150
405 1337
639 713
385 387
153 1309
1661 30
1337 119
1370 440
947 308
247 1339
1621 1215
119 1703
797 1001
1891 116
55 377
1933 1957
14 1243
1614 892
229 1483
1528 606
945 1187
224 1472
1801 18
1505 653
1727 218
934 1909
1082 1553
1764 559
851 1361
405 1095
1277 805
80 1828
1462 558
64 1330
969 1408
581 1493
568 353
426 913
449 824
1250 74
1092 794
1646 872
437 704
1819 904
30 2007
435 728
155 831
1751 888
1455 327
1157 1532
165 1528
135 849
61 1997
1583 1623
979 1787
781 484
122 512
1867 822
769 220
1297 1271
1781 1461
1684 1157
755 1878
654 1326
385 241
1519 1035
843 1370
62 358
1406 1869
699 1526
1607 422
1215 198
1741 36
215 391
182 1488
209 404
494 1032
660 436
853 390
273 356
588 1582
1815 498
107 2012
591 108
786 1501
821 1315
1474 1495
1526 202
270 83
939 951
559 66
23 1178
118 1851
289 699
583 465
1150 536
1747 1289
550 1202
1905 1528
441 1910
1572 1390
522 1767
546 1459
1572 1397
1262 1599
592 1333
472 845
241 1923
1763 204
667 42
1334 1453
1648 792
780 812
1018 1207
324 1383
1040 858
1490 1629
10 1188
205 1242
977 1408
1208 1656
1264 947
1602 1372
760 1065
1545 1425
399 1326
563 255
1693 1746
91 1310
705 641
664 1678
1918 1670
318 531
765 1394
1471 1805
582 1592
85 1999
421 1630
439 1506
1754 683
1694 1750
1643 949
155 317
54 1596
51 1279
808 381
889 827
1176 1898
1273 1992
1361 483
1593 1299
849 422
1279 1923
972 245
1134 1335
879 1596
687 1102
859 191
18 606
246 1278
464 1151
439 1995
743 1178
973 694
421 904
1636 100
1396 692
120 50
1209 1044
1732 1958
795 142
1031 1513
782 1873
1222 1611
601 1716
721 173
1785 1501
1319 664
245 944
149 839
412 651
1458 1192
1181 1801
718 2008
1358 847
283 1888
1742 1707
1418 824
1720 801
1049 808
895 1316
1622 1797
1638 1305
105 1279
1521 279
1792 940
1519 1095
1924 1074
431 1269
659 1774
752 1792
1090 1498
1737 812
826 1932
1183 663
137 1375
1165 865
784 926
1847 348
1615 1177
702 1756
1053 1658
1031 943
716 1050
1001 1134
374 719
1809 1181
1326 1875
474 485
1322 1882
1783 1806
1850 1908
1928 1545
362 123
663 1683
815 1412
1508 567
1869 1345
343 81
1020 1037
1333 1356
711 122
69 1978
944 1608
947 140
1343 1009
1506 910
747 407
1372 385
1472 1835
1396 890
790 266
224 116
431 604
1577 1111
179 783
1309 68
609 352
916 1291
1736 1803
1282 1516
1272 1620
1612 1560
1907 1128
1108 490
29 1900
893 1912
1237 760
398 434
1440 907
102 1948
1134 907
1130 1769
1654 1991
1012 1478
517 1768
1833 1043
852 817
1496 1821
1076 210
1404 161
1179 466
104 1553
1290 870
896 907
628 1962
1015 1492
659 1637
622 850
229 1792
505 1564
198 913
1038 1302
1542 1975
339 826
308 1319
65 1660
477 1866
1225 1476
76 117
688 1205
360 723
1166 725
517 1084
725 209
696 608
922 1939
1870 1262
434 541
1360 269
475 697
1122 1285
1430 1462
507 614
1346 1458
866 629
387 958
575 1734
734 1143
187 1162
1754 1934
929 1242
1390 481
948 529
1673 1261
1818 1777
1334 1729
783 806
1889 1433
684 1791
1037 677
943 504
1863 49
114 1611
319 627
526 102
749 1390
649 1687
1780 1978
366 316
1836 485
1568 979
1245 1590
949 882
635 878
1041 229
487 185
1713 151
368 1042
1543 391
917 1469
567 353
987 44
745 196
675 885
1575 1921
361 802
1830 1812
1345 1846
530 144
1743 1124
376 1857
24 1450
650 1587
296 11
1633 765
1145 859
508 516
1781 213
1803 1872
90 495
444 1944
471 844
1180 1017
1882 202
504 258
718 1038
1350 1806
396 1554
441 1248
1864 1337
881 97
1742 766
935 539
436 495
1891 597
1148 1258
1665 1318
1007 714
568 1667
1540 1800
992 775
140 516
892 1345
616 804
1529 1582
539 930
1647 575
73 782
1188 1995
1899 972
589 500
641 57
1142 625
1747 1909
52 1360
5 407
1751 493
1272 1929
1327 1902
495 1862
1026 819
1316 1721
800 1583
1219 1205
1600 680
863 1831
850 753
1490 1783
971 1418
798 1572
240 1037
1624 477
1668 388
861 432
1845 369
1421 925
1323 126
275 760
1123 2008
1514 1616
796 1335
1586 903
273 1667
1441 1946
84 1064
38 96
502 788
153 530
559 1521
1017 659
1150 755
1758 161
611 1273
144 1693
460 1965
795 228
739 210
1749 103
878 185
1443 601
481 846
1731 852
1779 360
1799 922
872 423
1594 1370
560 1439
756 1409
903 1785
1367 106
1147 334
14 222
43 1849
1258 722
725 1075
1544 1677
1901 1089
1481 1685
1468 225
1666 1658
1725 201
1731 663
757 1603
834 48
436 720
432 1721
575 196
1312 1329
1244 1772
247 924
500 646
456 1335
1588 246
206 247
1912 809
1826 882
1014 1266
519 591
1482 1562
965 13
380 1868
1851 534
799 677
1818 1061
1200 1112
1315 881
1820 1905
1009 777
1093 1932
583 681
1163 285
8 235
1906 597
502 719
1864 1041
1454 1545
501 365
353 1902
9 108
1406 1695
1073 741
969 1103
1760 1768
1681 1083
34 1273
879 284
927 1580
249 1567
423 1803
1139 1078
189 377
618 758
308 1391
1608 884
524 705
778 1758
215 432
832 164
689 416
783 1867
36 1060
26 1841
106 1321
814 1841
1378 1953
874 1514
1458 128
139 1142
422 1128
537 768
1259 117
1174 990
846 1327
293 1979
1009 1500
650 1928
1490 81
103 1735
83 1731
1148 1258
1213 1518
1791 1242
1008 114
1586 94
676 71
1805 1015
570 150
1291 1442
552 1194
165 272
299 773
1456 1414
1211 973
1378 22
68 603
30 25
1747 1724
1523 215
1271 1439
1044 1948
734 722
1011 1597
41 2005
1775 1472
1474 1569
1651 1148
1502 777
898 411
609 773
491 640
558 112
494 51
990 1095
1623 1997
1043 1997
1260 1201
766 1236
977 289
193 82
25 440
15 1404
543 1526
648 1364
159 1304
1222 187
1188 149
1788 84
1149 1620
254 635
198 1664
1654 1827
1059 47
1511 914
1162 957
1314 563
240 73
283 599
1631 1858
1650 965
736 156
364 590
1562 1401
1154 1276
1785 1386
733 23
379 1276
1855 1951
42 1637
370 526
485 1784
1696 24
443 708
191 1951
418 1326
429 194
1557 1928
1073 1465
11 365
853 968
1250 1973
1825 682
1847 1900
1251 194
1215 1638
20 1745
58 299
48 959
546 1701
526 821
1163 2009
414 461
320 1144
753 1663
97 933
1352 586
1015 352
19 224
1255 1825
1147 852
65 478
1812 989
111 423
1421 1135
231 1928
61 1570
577 1433
339 1930
625 1976
1272 1901
204 573
361 92
1110 1242
1898 429
62 1389
902 1021
1870 1532
1415 692
1483 173
587 1587
1606 565
358 128
1880 587
29 240
285 393
1162 1977
1341 1072
1383 564
8 668
1172 1986
170 603
602 1871
1198 1415
874 1012
1464 818
1221 1251
403 997
1580 1304
678 19
511 430
432 1030
141 1836
1531 483
1633 116
1904 376
1844 13
1581 509
1020 457
739 289
1271 840
655 1943
1759 1595
802 1864
1060 1872
1629 903
617 979
464 1993
641 1214
1661 321
428 194
1520 912
593 13
1839 557
1776 1189
1323 745
1230 129
1627 647
1743 1813
370 1689
1005 1613
1290 450
739 433
982 97
628 624
1129 1833
773 1452
25 1457
1044 1239
506 640
1816 684
226 1590
90 1766
1467 1958
720 483
763 1595
585 335
521 326
1161 1901
376 355
1693 1189
1621 537
1129 549
1434 1265
1638 1072
1217 1294
1779 424
1929 1875
123 1073
1736 1727
114 1620
1840 1819
2 400
854 1767
225 356
1739 336
132 182
1233 1128
1458 83
1170 1666
432 271
1646 175
1742 1363
978 1206
24 1657
813 463
1877 648
972 223
954 1680
624 1263
959 965
420 783
1904 792
369 1519
311 1510
1463 1702
384 573
92 1751
1562 589
1761 775
242 213
1433 499
1921 953
138 1007
520 372
1246 470
1884 1945
1210 1447
581 549
957 663
1582 1862
1424 346
1736 1629
475 158
578 791
1745 375
179 1632
1583 1943
529 1340
751 778
1348 1752
986 255
1153 1168
1396 1456
557 1800
199 395
1657 839
65 382
1376 1465
378 1639
545 1325
549 435
1461 694
646 1706
1593 717
1393 1355
1065 978
340 1257
1324 1472
100 1090
1240 1632
1511 595
576 694
491 976
1638 1420
448 494
1058 1857
1134 112
1550 1944
1535 1247
1569 1622
1114 331
142 248
529 1461
360 513
807 787
813 96
1839 1002
686 250
1693 1543
1444 1356
458 24
758 1160
1697 320
455 631
93 871
1717 149
1815 1158
176 349
833 1383
405 1954
840 1798
152 2
1085 218
1510 161
1598 903
137 1824
647 401
1830 501
1708 358
648 1939
1582 523
1672 1558
1725 1791
1403 1235
69 1361
1544 1012
1291 1054
575 210
208 817
38 1279
1852 1149
670 1568
648 1468
1885 1000
1508 2
1399 630
52 1049
1075 1421
1111 1808
1192 886
1843 1941
162 620
1562 180
693 442
1509 442
303 914
1342 762
166 96
1392 234
34 1724
1139 1970
804 1334
732 1855
962 869
1614 1594
1705 763
16 910
258 850
1340 1762
27 224
1212 522
321 1870
1051 1050
1789 1667
952 1465
795 320
1424 1053
577 567
1166 985
1895 1631
1106 1773
1519 187
784 333
1555 257
1378 2009
1881 1737
201 317
325 500
324 1886
708 291
395 1656
733 133
913 1399
1684 174
327 1733
317 1587
1057 1251
143 1187
299 1572
1062 448
746 1482
1428 956
23 1205
89 586
400 107
1628 2013
1744 418
1782 1587
332 1595
1709 389
530 304
1093 43
727 2005
1254 330
1019 923
881 1708
1925 344
208 1649
821 1734
587 1512
1124 1593
1843 1528
979 1491
1471 727
621 202
356 515
449 1438
1864 1886
1525 1782
1779 1586
353 135
1209 1932
417 1997
661 228
1673 54
1683 1872
1402 484
410 1467
1167 404
1676 1321
802 1519
681 1433
371 716
1599 506
1535 26
1391 38
1143 1471
1748 933
133 252
176 497
1108 891
819 1812
1807 1103
1015 106
948 462
593 1157
55 1332
843 813
76 1269
1900 218
966 1658
1761 703
680 1183
1711 490
1287 1224
1503 970
65 992
168 969
732 1111
240 609
1023 346
1865 1886
654 1369
656 464
795 19
1335 1569
1467 1177
34 35
1814 2016
600 1176
387 1834
1756 223
1233 37
19 1270
1343 1001
702 335
763 500
1167 816
681 1660
1483 66
486 1819
529 802
1311 1803
1843 458
217 652
456 716
339 1323
131 925
1298 78
434 1121
793 1571
1841 140
369 382
58 407
132 652
40 900
582 715
1303 824
329 933
1835 63
1285 131
496 692
633 577
1127 1210
1201 817
1312 1753
1086 2010
1284 1521
678 1121
1083 1680
1208 74

Point Cloud 1430:
1817 161
292 1933
812 1283
636 638
1107 1591
680 1847
156 195
1177 616
963 880
1047 1041
1725 1208
496 1687
764 1759
1617 268
759 1461
11 1439
316 344
1724 1154
1716 1708
1873 1636
1450 1944
489 385
486 154
139 24
636 85
1685 1321
1881 1212
122 538
1903 805
1371 547
38 1094
1445 1461
541 899
140 1034
1136 1694
686 1052
1815 209
659 383
502 1066
1622 568
468 445
55 1752
1147 1864
1129 1077
102 1647
1457 1923
1354 1272
439 27
1669 1832
307 1654
936 1581
534 21
1129 1772
1450 513
142 938
1345 1639
1143 1615
1776 683
1934 238
455 1014
1725 642
13 1719
1295 1084
624 609
1444 654
1034 237
747 568
1813 932
841 1867
1639 1533
1231 757
715 1185
319 560
1335 1153
138 782
1104 186
397 1551
516 1201
123 1681
153 946
1245 1831
74 879
1749 1505
518 309
1158 411
1394 954
185 257
642 1332
1913 427
1475 471
486 403
1091 1322
1018 1422
507 477
192 1046
1060 1140
292 1537
1729 848
35 1697
1287 694
1885 56
970 1051
1605 221
572 341
92 1993
983 235
1456 661
1076 1094
173 1432
462 1380
918 1652
1870 1415
367 184
1808 344
895 1979
1664 684
1732 914
245 9
241 409
35 1170
1489 1653
288 1340
768 1949
1898 790
152 1115
1426 305
27 433
1454 1158
330 1558
127 97
618 1442
1908 877
684 1997
659 1688
515 292
24 1001
848 1812
1882 1751
835 1482
1534 1141
75 363
695 732
830 78
1380 789
1729 1151
1494 304
1859 814
1797 1915
1249 370
1183 405
811 1501
728 609
374 1049
749 1631
483 1387
1590 1526
896 705
1738 1317
1530 1555
788 1218
1566 137
1506 649
849 1027
770 152
660 1324
1307 443
1330 1075
1224 1482
1359 1944
1893 1839
1388 1595
645 106
1150 1932
1125 1234
171 103
995 1806
83 1239
1255 82
445 1762
60 677
862 1123
814 811
1456 1541
760 1959
1319 111
1159 212
1302 1764
804 249
595 1494
421 1477
1160 1124
1658 1784
982 323
1053 14
906 506
1292 1161
13 484
877 1375
1208 1603
1188 147
859 1476
1757 130
1916 1037
1761 1110
260 1026
1096 1574
1666 23
1166 1403
1449 552
1161 166
1133 1763
413 1909
1727 425
545 119
1874 474
58 1615
1757 67
1095 984
1158 1518
6 1824
219 619
1553 273
329 447
1131 497
1047 138
1473 973
970 1696
91 1740
1495 1023
1 1409
1768 1387
634 709
235 810
1604 1637
112 1647
1923 1343
339 1384
737 925
197 387
579 790
777 1280
1536 393
364 1134
155 404
1558 843
763 1796
1699 158
1436 816
1477 1537
1125 1861
1313 1653
1500 483
424 1641
714 988
1012 71
534 1976
177 181
403 1527
69 457
1320 55
1336 1292
1209 228
1364 1842
1558 1790
817 1783
1884 1322
1583 2016
1086 1421
76 823
1720 864
592 2003
1026 321
1159 1900
835 1342
1776 1873
1085 750
7 1728
1216 766
1357 1413
1921 998
1815 155
1629 307
1771 905
1256 1259
976 1721
192 1910
672 815
1153 795
1913 401
542 1115
127 1401
749 848
1677 1854
391 874
749 1142
948 1158
1370 1109
1485 534
1776 1491
1168 1534
208 351
834 1213
268 1140
1031 26
992 1329
375 1050
929 918
947 1421
1170 933
206 1248
419 1108
1295 35
1524 1136
283 1131
861 376
1814 1635
293 76
1028 320
404 1407
684 820
606 1589
1835 261
246 1093
1337 1635
1055 268
894 1600
1887 1704
1830 1114
810 1671
1275 1204
466 1684
1517 1631
1563 1656
504 1380
342 1606
803 81
1834 140
1869 335
1925 1503
1148 1392
1087 1057
1762 67
757 65
696 1146
725 1653
53 476
1257 753
1388 1889
1312 1082
1111 800
183 485
1380 277
450 1883
625 921
794 1817
367 455
1565 1771
1081 1788
1408 1601
71 1868
1765 1860
246 364
239 1326
41 222
1372 467
196 415
80 733
98 1141
915 1637
59 241
453 923
1472 679
333 1485
752 1692
132 1632
1899 1319
927 1642
1161 1709
954 74
1630 1828
1367 1395
630 1781
711 969
906 737
473 825
1682 923
1164 546
1567 1240
921 1433
464 904
1507 1815
734 629
1021 431
1396 162
1029 683
1387 412
1636 26
220 1139
162 280
1587 1902
1799 910
762 435
1649 6
193 1170
1867 113
1690 874
1812 756
372 796
1020 449
787 1269
1344 2014
981 828
885 1609
772 1706
134 1308
472 17
1312 1110
1510 939
277 1888
1761 1923
1593 586
396 773
121 1324
254 295
1205 336
1759 1074
960 1987
495 1149
1551 1448
1421 382
803 1664
643 1831
147 302
1534 1814
1066 235
1254 1689
1257 1186
1225 119
702 1260
1511 611
634 33
583 544
952 340
101 1101
665 1867
880 1156
819 1936
981 223
205 1222
1470 898
146 926
1496 1505
701 842
233 1739
1361 41
1748 1679
481 143
478 554
1480 977
1501 950
1155 1999
917 12
1161 1813
850 1036
943 1719
1081 88
1596 1088
62 636
90 1709
1663 43
1250 1853
1011 130
424 423
1213 1892
1416 1333
1569 1248
1689 924
456 1766
452 392
1088 528
624 677
430 1524
751 278
306 1486
1240 1496
1348 1820
152 1606
943 206
919 1530
555 466
840 1844
1408 313
231 1550
1177 167
712 763
294 1094
1395 1939
249 406
850 780
1513 47
1024 1464
539 1145
659 341
1904 1738
904 979
1571 793
656 1071
845 1048
1423 892
171 1701
804 1487
932 718
381 1361
1134 557
646 860
1608 99
1638 2006
1744 31
230 2007
1354 1351
441 344
1436 672
637 542
167 532
702 1242
65 743
766 1200
329 1007
1593 1681
858 1160
1618 730
1894 1017
819 260
1090 1770
683 450
915 817
339 984
270 1159
1434 1023
1146 1021
1044 624
1405 285
1870 251
1457 598
402 968
1899 1659
1855 454
1339 613
1475 1336
1115 21
540 758
1353 604
781 1066
457 762
1560 1724
1161 720
264 764
552 600
1057 172
1878 1946
221 722
580 1303
1520 1551
1076 1610
1319 1894
1877 1743
446 313
629 1572
1790 884
270 169
400 1631
375 168
1758 522
658 1196
1886 983
1480 107
1754 993
1839 682
360 1196
154 784
592 1916
447 1632
1458 1956
362 773
410 448
1213 1929
992 1738
787 1708
1339 804
1653 432
1693 1595
724 579
1889 1480
151 1317
920 59
984 2002
395 1000
184 38
76 326
747 1906
1767 895
492 747
628 1861
360 1079
1571 1223
676 1151
1566 840
981 1913
478 777
1661 1712
1439 1903
1507 1128
1705 321
882 1213
1290 1173
1553 1726
1177 871
158 1432
497 1473
1453 1336
1440 1139
896 827
512 558
1680 1188
643 1197
423 399
670 1944
1608 35
1761 595
845 170
1005 767
118 827
1717 1909
973 1973
775 1432
1335 1684
1304 1534
279 1277
798 656
525 1699
837 461
631 778
1360 374
179 520
1824 922
1406 295
326 664
978 554
1054 1866
362 473
865 1920
1708 579
1705 974
168 1375
1624 1623
682 386
1836 888
1897 647
1881 113
1759 259
423 855
354 1417
1103 769
1070 1544
1147 792
430 1131
1548 44
180 700
43 552
1244 529
508 740
897 1204
1252 590
190 1851
602 560
1054 1999
859 1943
1755 1924
1190 339
1578 1422
251 1302
528 916
1629 382
1814 1999
289 765
1829 803
750 1525
1152 487
975 1709
286 167
1931 1157
1616 1105
468 1226
15 835
1257 1848
917 1182
1440 1384
348 1576
698 1004
715 456
234 1839
1305 1709
1690 603
1587 937
537 1196
418 214
1453 1796
737 1348
602 1691
381 134
747 745
1860 420
307 1639
1629 1856
900 990
1840 1107
370 253
1363 1896
254 1658
241 299
747 598
1884 83
280 1177
285 1778
43 56
1735 461
1621 582
1848 1469
1848 1553
43 279
1324 440
1146 133
1393 282
260 435
1708 1005
215 790
374 794
1476 1980
1620 945
761 507
913 1569
228 1997
1225 1589
659 128
761 1766
1477 1951
681 955
1752 1235
577 819
1555 822
1897 1275
809 1038
1745 59
1723 1665
1748 968
441 806
897 1398
525 406
1211 1708
1097 27
799 58
1804 187
1499 205
474 1884
353 931
1541 1170
488 1762
1605 1284
1834 1616
1546 1297
603 1403
34 1583
1741 1749
625 921
1352 1525
396 1778
1451 917
1652 1657
935 1521
238 420
1826 1300
240 1975
184 264
1003 265
1730 1826
498 653
121 1809
1395 1746
171 85
1229 1985
1752 202
281 1308
605 827
238 1868
664 782
1838 664
1744 1695
1490 1793
1768 1038
1305 1548
620 904
433 1015
1181 446
659 769
1649 1457
1821 822
1037 1595
695 1688
1922 1800
738 647
1655 1889
165 1615
1195 7
1889 1965
1746 1084
801 610
522 622
1211 1760
435 1514
1072 1573
268 1230
1585 1953
746 612
1268 2011
67 245
936 363
1508 1437
1842 1901
991 962
625 1287
48 872
1834 866
942 1269
1290 1860
201 271
202 1104
1534 830
1399 1949
466 1496
1837 599
428 1711
1423 1076
93 1867
1032 292
642 305
673 1531
1829 120
1059 1157
1578 1507
742 614
945 1243
97 1592
990 859
836 1427
820 834
597 801
656 321
224 645
1305 277
1202 1847
25 2000
1573 1650
395 1148
835 987
1012 1139
285 1142
793 850
91 733
604 1871
428 285
1898 509
1229 1422
850 1697
1008 120
15 1013
651 1774
1734 1779
1437 1959
1655 1059
1556 443
540 2
1321 1306
1822 839
1569 1742
1788 1168
433 870
334 252
509 1164
575 221
549 1105
1434 1931
972 662
934 1867
1541 1648
1231 1016
1912 1222
736 2004
486 1539
181 329
1018 92
1763 1238
1766 634
1548 1644
850 244
1272 11
601 205
415 921
779 492
382 471
1505 632
427 528
833 1066
1765 1732
433 1203
1809 130
586 1645
647 1589
450 1159
786 337
445 756
636 702
1171 1304
801 1880
448 1402
1677 1605
59 1575
732 1421
467 698
1399 180
910 1281
1385 863
1677 1580
1268 91
1391 1741
791 1255
1401 1434
878 61
374 396
630 1321
1797 394
1648 695
1356 367
1061 1286
103 535
210 1411
1877 60
314 87
651 907
1525 462
1554 942
1102 448
980 1604
1208 1477
46 1398
113 358
149 44
1739 549
1152 457
1024 676
1652 76
844 1068
1242 1363
1471 1279
462 549
632 1995
758 1714
1572 1435
153 775
319 586
1133 1943
1214 127
384 261
1349 1157
1747 16
1829 119
194 1081
1 1408
114 885
1067 1186
149 1282
319 1152
792 448
1650 487
547 930
1885 494
357 169
94 503
830 1124
1540 1248
1395 390
868 128
983 1003
825 1947
1405 309
695 4
723 366
981 827
347 1039
1148 1726
143 187
865 375
291 7
1316 1174
975 621
884 908
1304 1723
934 56
742 683
635 212
587 619
687 1779
346 1586
1088 1598
326 1902
1056 430
836 0
896 1232
1830 523
1589 1265
1770 1160
1482 40
1494 1472
591 762
801 65
388 1406
1927 391
356 102
742 733
246 509
1567 285
93 1345
1494 1109
672 599
1768 1543
105 1065
1419 230
773 420
897 1863
783 1116
641 322
612 1103
307 1802
1440 1909
1317 873
1128 1375
981 578
718 1760
1905 1028
72 2005
706 1817
1770 1493
1662 1043
1388 1437
783 670
326 1944
1337 892
1844 732
1470 1016
318 538
954 1419
550 1915
1162 1607
1609 1896
1311 1359
1130 1257
486 1053
1564 1114
69 1134
1115 1676
968 1301
527 270
588 1856
771 843
1044 1054
1536 1049
1349 83
977 1337
468 686
397 368
1079 969
637 935
1084 449
204 479
243 1155
300 917
525 1012
39 1640
417 434
448 1034
983 290
850 1859
371 1631
1423 1381
497 1022
1462 1891
1505 14
912 296
979 89
240 698
272 282
1688 129
1114 1042
1230 420
1042 1117
175 1857
1573 965
838 1521
387 1641
1647 3
9 906
361 1773
431 1102
1888 1411
1888 1776
1797 289
1896 565
302 1562
1143 187
1905 756
1177 1577
1805 1739
1089 1172
1675 1188
489 474
540 1772
1662 957
330 949
1830 1522
1254 754
1119 260
533 1197
498 388
1139 1637
1563 227
531 289
1603 1752
1703 176
544 130
31 1077
1849 1833
975 184
1210 1870
885 262
1917 1703
1776 979
950 1249
1418 1433
46 77
1625 595
456 1029
1150 1737
1078 1626
1808 1433
1383 258
740 1314
825 1573
1819 1675
336 202
492 1332
925 93
1704 875
1767 723
577 637
1205 1425
1452 561
124 1740
1660 868
1206 1574
1377 1850
1238 213
273 395
1461 1436
130 1287
60 753
1856 1983
1457 1332
1247 1177
1553 857
1160 658
272 1761
338 273
756 446
1027 467
5 1923
784 1756
1858 998
28 909
488 548
808 669
236 739
426 381
1527 1410
1830 1097
1663 391
807 1668
1021 1477
904 1425
894 1698
801 1546
1114 1681
991 1476
1652 1024
1781 696
1366 1517
1099 261
1802 209
570 1580
1285 491
1847 314
406 1732
898 1626
714 999
1747 706
1619 962
1203 183
869 1039
1829 933
236 1482
1225 1737
1488 1474
491 1867
100 1168
322 1030
868 1012
434 89
1574 1826
1909 404
1465 394
1062 1503
1779 239
1093 1279
1015 319
986 1641
1881 1881
1872 630
924 1703
1707 276
354 748
558 1906
1777 1186
45 881
949 1505
373 1652
735 1790
979 25
1232 423
570 979
1398 1242
903 105
1628 1623
1183 1109
1653 1769
1117 1116
634 1340
1474 1272
386 822
954 916
1277 1235
849 1694
1658 29
928 1303
940 1943
1084 1451
651 1421
90 1522
810 605
270 1766
1481 983
1389 892
284 214
243 162
769 95
1887 255
336 1349
6 281
154 275
101 1312
79 1301
372 174
1565 701
273 933
1175 140
1243 326
709 1923
177 1847
26 876
1149 85
766 2
101 260
1064 1183
1459 175
1360 644
1750 677
1017 296
203 1618
1584 139
567 462
506 1220
1749 997
1485 165
1136 1965
167 1424
1313 547
389 139
432 1405
1809 363
786 1927
703 985
818 872
363 822
1650 698
1875 437
824 893
762 1192
1908 291
1334 1095
1043 1650
112 1194
501 1805
1239 2004
1706 1649
50 509
454 153
1553 1196
1113 1076
1605 1725
1318 235
1562 190
1046 2001
1195 1154
1893 1915
1117 501
1534 211
950 170
1691 1894
1765 256
1428 1484
1348 96
1407 1745
1064 563
1235 162
594 1549
1038 1290
629 590
677 1723
1493 1
1214 9

Point Cloud 1431:
77 1306
59 935
215 840
1580 1309
1642 1427
1622 1382
1706 1390
1758 1445
1868 1544
1862 1467
1849 1498
1815 1542
1868 1557
1758 1352
1806 1362
1821 1241

Point Cloud 1432:
1768 1886
1063 1260
854 133
270 249
323 142
855 335
1162 9
1107 533
340 317
1260 1611
1665 859
1098 814
1091 1882
1775 147
1927 1620
1426 972
1151 1636
3 861
1111 1348
177 349
1364 1041
1096 1347
1079 966
1341 1739
1834 1915
328 406
1625 605
845 1173
865 1054
347 1612
1408 274
1345 989
1566 751
68 305
1153 1672
1146 1514
878 1586
1030 957
64 756
727 559
1861 224
127 1589
1275 807
129 277
1760 1776
1407 1565
1900 1547
1339 747
642 792
48 1654
1753 1805
1071 1795
1571 988
710 362
415 495
198 913
1271 431
1609 508
810 1511
1495 1446
691 1685
1904 191
1786 502
1880 150
1566 397
1613 892
51 783
505 1171
809 1054
794 1492
868 449
1934 1505
108 618
1266 655
1735 609
562 380
592 1386
673 1005
846 1434
888 600
1917 1982
1540 696
1688 954
400 273
87 588
805 1859
357 1596
1549 432
288 1863
1769 117
867 770
347 1958
678 1382
1057 921
1377 469
1265 1478
908 1170
934 589
854 326
350 1384
1821 1678
1321 1836
149 1634
643 400
359 1209
993 1285
1664 1495
357 153
1401 1887
560 887
1217 1481
123 1451
425 441
1143 270
197 1807
677 1868
1267 657
1638 166
1811 1741
1500 738
1425 182
1651 204
1599 885
549 152
1215 374
685 1838
940 1335
16 1296
1153 683
909 1395
1449 1095
278 1919
890 1798
1771 900
1266 1651
1080 52
1118 425
1646 406
1037 501
1480 1948
1679 158
720 2006
605 1087
1775 1187
1190 1549
1093 890
350 615
1318 173
1330 228
1284 1246
1573 376
546 1297
1367 439
338 222
51 1694
592 800
1797 835
1602 279
1480 1697
449 741
755 425
57 861
1001 1798
1073 1186
530 658
1399 1908
1825 1142
828 238
1571 1817
1764 694
386 1033
473 1451
278 89
1795 250
321 16
190 1331
1597 1458
937 720
1264 231
591 306
247 1679
3 912
1273 515
1741 688
1577 586
1653 1265
1323 249
300 2005
782 1554
1794 1545
945 552
134 108
105 1115
79 1931
301 963
469 1609
100 181
653 845
654 903
392 883
70 1177
1782 561
1019 862
1205 330
1919 1892
408 1005
1128 429
1190 453
1665 34
1926 79
954 529
841 941
1599 1828
80 774
1436 1127
314 1875
888 701
1128 269
364 1285
1678 647
1799 860
13 1593
1534 1659
810 860
1257 191
361 1634
73 1256
1556 902
607 1524
294 954
1497 1679
9 1715
524 259
1897 2002
748 414
688 1722
1176 20
1508 936
609 29
1414 1587
1232 1211
446 426
1479 1542
1391 749
66 363
985 1451
1461 894
1777 1968
672 1482
1699 1182
1906 1979
1577 331
1406 1888
479 771
549 1699
278 316
1833 743
1138 573
119 1445
978 1997
1663 1037
262 248
1772 1269
1701 1262
1008 1481
905 1005
595 321
1707 1538
490 1653
1092 163
543 629
1550 491
1925 1946
1084 910
117 1358
1738 1798
829 606
218 374
1671 943
530 451
184 769
75 1748
344 884
477 1461
902 1783
663 962
411 344
208 1845
360 2
983 320
1125 1065
204 1759
1742 42
799 223
238 1434
928 1673
570 1485
698 1466
372 481
447 564
1851 1484
1836 642
1643 680
934 210
1028 475
1565 1743
1895 1585
38 1179
1163 1297
1913 721
705 1478
792 210
164 817
73 210
739 1275
410 1498
781 1932
1124 1351
654 1407
826 467
522 853
366 2002
1509 1935
1841 1073
1513 987
32 1255
573 1323
1713 834
377 1815
932 855
441 256
1724 569
1060 146
720 1499
1355 74
493 1922
940 221
166 475
11 1092
208 1768
420 835
447 1251
1903 59
1198 58
1297 850
925 1956
1338 1601
1565 1264
1259 20
1031 371
1625 1400
403 932
1481 1672
1423 775
1173 1806
1774 1842
456 1235
1369 1941
177 102
1792 354
420 1173
1513 396
707 1068
1190 598
1261 597
1001 978
1048 1900
1154 1520
81 822
22 504
1841 692
1334 1932
1146 991
1570 1616
634 1889
1746 640
202 1798
829 928
1472 2005
331 1323
1890 1521
673 578
1658 1426
281 190
1198 1253
1227 1024
1168 417
1632 939
98 1353
684 1220
1447 1257
1712 105
751 1075
1370 1228
520 1860
1777 131
1582 428
867 1494
1803 1414
740 600
886 287
1343 1741
1878 93
1396 687
1668 728
1894 227
1429 1832
1548 32
1628 1727
1569 579
1064 1777
1836 1341
731 368
1800 1979
1606 882
1842 896
983 1128
619 983
347 1243
1091 1761
1171 331
1030 1260
484 521
1326 830
1709 731
1428 1690
45 1933
634 838
1374 1669
692 1859
53 1699
1345 756
890 86
1836 666
1413 1479
1547 453
1394 1751
104 1492
1364 399
610 1869
1058 5
345 690
1229 1858
1764 1832
1774 1453
1520 295
406 1990
1744 1717
1141 1060
1487 565
1891 705
76 1756
813 681
1674 1638
1768 504
1828 1168
484 237
928 1341
1030 961
344 606
1291 1626
1508 103
1822 75
1809 758
1926 1075
834 605
180 592
1265 1385
411 1926
447 208
1748 1105
1096 1986
110 824
1185 273
635 231
553 744
206 935
328 1180
666 1681
1868 1200
1522 1584
210 1718
1135 650
366 100
1534 1010
1099 1044
945 726
1905 1267
530 357
868 1299
1141 430
1750 43
1479 239
710 1481
1082 1275
1090 965
963 1561
1336 1935
249 1420
239 1997
1016 1484
1382 1672
448 782
1673 1021
1537 719
1387 1321
1547 9
696 1066
87 1466
211 1690
1478 603
412 1483
999 529
1901 104
1287 945
1510 1604
1454 174
1013 454
1377 1899
552 1142
694 1046
1099 1454
506 553
775 2017
473 1500
957 1195
1115 1683
1410 553
1914 8
1133 1896
1670 1045
250 1076
1673 269
31 1774
756 1254
1568 630
135 1489
1906 1092
998 1962
51 586
1459 352
1867 1723
600 427
1923 1706
831 356
515 1932
3 481
1832 1887
279 1032
1696 1792
1611 954
1240 1072
1470 1618
207 1433
1045 1465
1803 459
108 173
284 309
1648 626
1789 62
334 1692
808 321
1838 429
1707 1693
1609 1325
191 1037
1472 1205
1091 141
1792 871
232 1625
683 1019
220 1994
145 542
1057 388
15 292
577 1825
1885 277
335 631
69 199
1350 1601
106 153
819 221
1406 1744
856 1855
1700 1627
303 1271
1417 736
1311 1030
383 1324
661 829
312 410
951 6
1654 1591
1569 309
882 1364
1682 508
1873 1634
245 1639
135 1886
674 958
1060 1330
1026 392
839 266
854 1999
1864 565
1837 344
1313 929
1886 186
1163 997
1331 1825
352 1616
1364 938
1471 265
341 423
1623 1572
153 115
633 170
951 138
1909 140
1891 1999
1104 15
816 1296
743 69
691 424
386 818
672 375
666 395
1332 1126
757 410
1418 151
1582 1861
172 0
525 1005
1575 1006
1175 502
509 1117
440 211
956 1238
602 1737
574 481
1187 1569
1570 663
366 361
1510 1901
625 1294
803 721
40 1295
228 247
1674 1208
351 619
322 542
532 249
245 439
1783 1982
812 1771
956 32
1029 26
691 1489
1521 1644
1684 1404
1184 843
1488 1641
156 1804
1123 1060
1302 651
1630 1181
628 1251
216 1943
348 937
1263 1158
1505 55
1506 1311
1213 1675
207 1604
96 1964
862 1807
491 1569
745 1520
1914 1054
1814 1999
655 1866
1651 1479
756 1894
312 265
553 245
1805 1176
1468 882
1119 563
1931 686
63 210
1443 1734
491 798
1144 954
1201 1632
760 1549
1371 1205
207 550
45 1795
286 1742
212 1123
1453 704
1034 787
862 1659
1787 1068
287 1198
1864 845
950 567
147 1002
456 248
1324 809
1650 154
1313 1367
960 27
681 1587
1923 1619
695 1611
1139 364
384 1198
1922 1763
25 1086
1896 106
1664 461
218 202
26 1909
885 1436
386 29
289 1448
297 410
529 370
5 360
1693 549
121 1685
725 1998
443 428
1090 1084
1558 1757
984 1132
1549 1371
1054 1962
712 1010
53 426
768 215
1604 1326
1763 1673
1630 1784
1778 1613
311 759
1700 982
916 1200
1259 742
361 37
820 907
313 1078
1242 1125
1728 1601
1005 1465
114 1598
780 447
878 8
996 1958
191 2008
46 167
195 297
1513 1186
254 838
772 217
493 101
665 1178
1147 1015
1147 1356
1434 1632
1828 263
1014 194
76 2016
1694 65
560 1965
1176 303
1270 1633
1518 1583
1613 1039
1553 758
987 1924
756 1753
1264 1087
813 1562
593 296
1485 1003
1536 1367
257 1081
873 491
1308 187
322 1542
1337 474
1653 1544
1679 940
411 491
572 187
102 1452
1019 1431
1 1319
1601 463
1904 1655
712 789
977 272
1489 60
1518 42
596 11
46 1478
124 615
1264 1994
1761 53
211 576
1661 1184
269 602
1629 301
1387 1292
1701 603
1734 400
1475 1128
1548 528
14 1696
1697 1012
975 1130
1406 1272
1236 853
539 1750
977 367
1657 1205
1769 1232
1175 280
608 328
298 1850
228 984
332 1326
1241 290
319 1782
208 1336
729 1866
1209 1437
1701 1394
1446 682
1269 1982
522 311
1087 279
83 707
1156 329
1682 1432
975 382
133 650
733 1273
918 1840
409 1522
951 1832
1079 1059
139 1580
116 875
116 1915
1836 1767
1820 108
1114 1888
1179 1067
251 133
1916 318
522 540
211 830
541 1957
1814 1654
429 1010
1222 1037
1106 432
1422 100
212 1444
618 728
1643 1472
1836 1655
837 1902
1119 1759
1835 1848
258 108
1193 1527
710 1400
267 856
1337 857
1660 306
283 153
1340 475
1811 306
1635 486
849 221
454 393
527 1470
339 616
302 1100
1081 7
1133 176
1005 1686
639 717
181 1973
35 173
1267 1854
1068 1707
1431 902
1799 20
674 655
1183 420
976 1384
318 1523
384 789
1787 875
188 1672
238 542
301 977
80 1713
1907 1430
1835 1700
1523 1477
691 1382
183 1129
31 238
924 726
743 401
1703 236
7 103
296 327
328 120
1435 337
1816 1034
571 213
209 1769
522 452
729 1409
1426 1630
1775 825
1782 687
278 213
1553 1362
1695 1637
840 1541
644 1219
1055 1219
1529 317
1519 1318
58 831
1857 514
1723 770
666 1580
81 937
580 496
1011 1635
1140 1843
394 1412
1357 1225
697 1409
628 192
1373 1522
1179 266
647 393
699 1923
975 1325
1234 1318
1065 883
1411 1430
494 195
900 1040
1276 22
419 1735
302 1713
14 507
1826 215
1328 1770
1658 1572
785 1535
982 111
1345 931
1527 808
459 1476
704 529
1417 565
14 681
910 264
640 876
1919 761
1121 292
1468 439
589 1703
1430 1560
1342 427
1096 761
131 1666
1005 1301
852 40
189 1901
177 1275
161 53
1503 1416
623 1103
228 633
1641 1340
1272 317
218 1493
1203 1753
1541 1281
38 1624
303 1428
989 289
1399 1476
162 1073
1736 782
531 1611
324 1225
1010 1261
1815 346
211 1852
73 1685
1930 535
1689 1423
0 285
1804 1951
1170 973
1539 439
1345 989
1152 1724
1655 842
1588 1279
415 726
1440 455
1004 1406
453 60
286 330
236 969
862 1434
971 1158
1792 1390
1345 1817
1723 967
671 973
902 696
1288 95
317 1971
1053 338
674 1443
236 1530
1011 151
1327 1251
1558 499
927 162
324 1207
819 708
330 1420
1934 768
1287 1684
1876 342
733 725
1242 1533
151 1694
1400 1325
36 602
393 11
1067 1355
208 1507
1236 709
6 1832
1387 1564
1741 1373
1328 779
836 251
1116 1171
1608 1670
666 1496
806 891
1112 610
833 1652
188 440
87 1950
1718 558
172 1422
1881 1764
922 1598
1868 1789
1925 447
203 359
1729 72
465 1944
1504 784
1506 1140
1567 1745
499 499
1927 1520
821 527
1652 1024
347 1644
565 1927
690 1434
479 21
1412 1156
1209 935
432 1955
1790 1409
195 1476
1684 1932
417 1092
1795 898
1129 1301
1451 1194
1925 880
327 1671
1156 166
164 411
1656 509
996 307
997 1787
1689 542
1639 508
1328 134
239 412
1918 931
987 1038
284 1269
1672 322
357 960
542 543
1252 80
282 523
553 944
1288 1104
969 1930
243 1148
777 1339
553 230
1616 295
1694 1600
1212 948
26 707
1419 1491
1820 314
633 330
1417 254
605 1546
116 230
1252 1082
1810 1543
1103 562
395 1228
440 1250
772 1046
1146 361
938 69
1705 953
492 1423
446 1337
803 1382
1176 402
588 1563
830 1764
701 42
88 796
152 826
206 2000
1475 985
1261 518
1915 1295
1397 1386
250 1728
214 855
1804 1618
1485 1427
192 1508
1493 426
415 35
641 1139
670 933
979 1897
389 909
130 1719
1128 522
1794 902
1840 1021
557 271
92 1105
1470 1386
760 774
1368 377
1411 1703
956 998
327 1866
1569 845
72 1901
532 78
317 1125
1322 810
97 1552
775 693
477 1874
1114 309
556 1106
341 184
1298 926
1234 2000
1625 1346
258 1910
726 265
423 505
132 423
1457 1828
230 1720
434 398
10 136
799 318
1209 199
176 1206
283 1771
1759 1478
1276 86
1239 702
198 1053
1889 503
1156 424
1533 1985
1512 1354
1700 1398
1241 1450
1117 1322
289 1371
1197 333
1226 604
1772 133
968 303
1250 363
1625 317
1852 188
1604 697
313 1608
112 403
1907 1464
995 717
1715 307
1795 186
1170 868
210 452
270 1033
551 1898
547 1521
1671 1224
1606 848
184 1344
328 530
1241 455
1265 883
344 1124
852 1791
287 782
650 949
515 1307
0 1184
976 1691
26 219
858 1135
780 1113
272 333
416 1204
1563 2003
1790 1487
496 89
1577 1095
199 104
1040 887
1445 1694
1566 618
1113 1110
1263 110
1256 1608
536 1622
1905 1923
545 1558
1038 936
880 1692
1190 1907
1782 1556
430 21
1542 1802
1340 592
1082 1553
1728 2018
1398 1909
1788 1861
1394 1563
1790 2014
1255 1598
198 1644
535 629
581 296
882 1467
185 1912
140 250
1335 1674
1688 293
1018 484
391 1320
605 28
1085 624
549 1054
644 462
1094 181
1265 1699
1124 1662
696 812
1211 13
1722 1465
844 1866
551 1359
268 456
985 1919
1532 985
1719 1863
1392 356
1650 177
718 701
191 1746
1366 1639
1612 894
773 1294
646 391
1343 643
873 1109
566 174
187 549
1815 212
1414 240
774 1522
611 1654
1666 1314
589 794
1164 551
1596 1458
337 1941
339 1620
78 502
1390 1099
684 1449
1377 1473
15 995
763 751
785 1835
965 1536
1415 181
1054 654
1066 1993

Point Cloud 1433:
40 888
233 820
574 1979
1099 160
1582 1311
1631 1408
1656 1367
1680 1438
1724 1449
1710 1448
1755 1579
1797 1343
1782 1319
1772 1164
1862 1469
1832 1528

Point Cloud 1434:
6 1298
45 890
227 813
260 759
652 1955
957 149
1570 1351
1565 1344
1636 1421
1650 1433
1573 1362
1602 1356
1743 1377
1767 1280
1744 1347
1812 1198
1779 1583
1816 1495
1804 1515
1851 1531

Point Cloud 1435:
18 1049
65 907
183 210
201 841
253 763
526 1874
573 1976
647 1567
851 153
1699 1414
1751 1431
1593 1323
1627 1376
1766 1308
1631 1350
1695 1392
1636 1420
1751 1370
1735 1247
1805 1502
1883 1571
1860 1590
1870 1562
1792 1545

Point Cloud 1436:
0 1016
65 925
210 93
259 767
306 743
566 2012
517 1942
564 131
627 1593
1573 1308
1868 1585
1650 1312
1744 1432
1796 1571
1593 1324
1670 1471
1826 1532
1579 1287
1714 1422
1667 1331
1821 1599
1579 1342
1739 1351
1744 1342

Point Cloud 1437:
13 1031
65 894
252 117
222 838
308 743
289 108
564 2017
528 1942
1592 1311
1628 1256
1615 1303
1572 1325
1612 1394
1632 1344
1687 1479
1798 1313
1807 1346
1803 1459
1814 1524
1826 1572
1870 1553
1899 1600

Point Cloud 1438:
16 1032
43 933
249 134
202 860
268 746
292 141
491 1896
620 1610
681 1685
1577 1372
1680 1471
1580 1352
1632 1371
1646 1424
1636 1293
1652 1321
1845 1642
1734 1380
1721 1407
1778 1458
1814 1534
1842 1535
1815 1587
1797 1335
1743 1305

Point Cloud 1439:
26 1033
61 947
88 337
212 826
265 147
293 751
494 1912
581 1969
636 1615
718 1633
1578 1368
1588 1311
1596 1340
1740 1481
1677 1367
1623 1390
1713 1424
1710 1413
1711 1362
1675 1462
1723 1387
1704 1496
1765 1438
1818 1528
1812 1582
1818 1551
1821 1660

